# Blender v2.82 (sub 7) OBJ File: 'helmet.blend'
# www.blender.org
mtllib helmet.mtl
o Helmet_Face_Plane.001
v 0.078462 -0.340069 0.516190
v 0.073891 0.184832 0.534117
v 0.202734 -0.223797 0.444651
v 0.197795 0.237767 0.458548
v 0.317750 -0.074541 0.358652
v 0.325169 0.303440 0.374962
v 0.350782 -0.013685 0.322969
v 0.363625 0.328476 0.347180
v 0.403972 0.181764 0.089359
v 0.439703 0.554177 0.102966
v 0.411489 0.203380 -0.070859
v 0.417195 0.577608 -0.066687
v 0.066781 0.210673 0.500476
v 0.186276 0.256206 0.432718
v 0.302811 0.311742 0.354198
v 0.334178 0.344203 0.331476
v 0.409503 0.538264 0.147668
v 0.409352 0.569682 0.117927
v 0.378606 0.589010 -0.066232
v 0.079657 -0.304519 0.466900
v 0.181937 -0.198884 0.398627
v 0.272808 -0.067037 0.317647
v 0.291216 -0.018799 0.293685
v 0.349491 0.166903 0.094055
v 0.339867 0.186544 -0.052153
v 0.338267 0.139778 0.137585
v 0.409008 0.553025 0.133182
v 0.438100 0.502182 0.164075
v 0.400102 0.154874 0.147730
v 0.344649 0.565697 0.297011
v 0.399162 0.559011 0.165703
v 0.398535 0.581596 0.148961
v 0.380825 0.559542 0.250586
v 0.378036 0.608033 0.221210
v 0.314996 0.647352 0.304893
v 0.074691 -0.130099 0.522677
v 0.073002 -0.231918 0.514368
v 0.324377 0.713914 0.284046
v 0.277357 0.719905 0.323280
v 0.293628 0.778153 0.305565
v 0.211583 0.719577 0.363110
v 0.213562 0.790969 0.346312
v 0.157781 0.754437 0.386072
v 0.159221 0.821484 0.371755
v 0.102100 0.793707 0.406048
v 0.105256 0.860367 0.392371
v 0.046006 0.786370 0.441104
v 0.059349 0.891919 0.414499
v 0.059578 0.284528 0.500509
v 0.178161 0.321882 0.435475
v 0.290116 0.357402 0.361449
v 0.177188 0.377688 0.432440
v 0.304110 0.403063 0.349280
v 0.053683 0.346287 0.497816
v 0.369409 0.053270 0.266699
v 0.401728 0.371834 0.285853
v 0.374796 0.390524 0.284643
v 0.303699 0.045076 0.225050
v 0.045476 0.423410 0.494409
v 0.044364 0.508752 0.484355
v 0.044572 0.602187 0.471905
v 0.141339 -0.281963 0.479025
v 0.135296 0.208744 0.494218
v 0.125932 0.233865 0.465959
v 0.131888 -0.256121 0.436139
v 0.119455 0.303647 0.465465
v 0.116880 0.361644 0.464373
v 0.261156 -0.149280 0.400060
v 0.262734 0.274219 0.417252
v 0.245639 0.282635 0.391325
v 0.228938 -0.131978 0.355407
v 0.236291 0.338864 0.398722
v 0.239959 0.387643 0.393013
v 0.171209 0.441923 0.429340
v 0.108494 0.430655 0.460359
v 0.166870 0.512399 0.424555
v 0.111191 0.508782 0.453157
v 0.163961 0.587055 0.416334
v 0.108787 0.594008 0.442437
v 0.044892 0.689985 0.457242
v 0.105608 0.727734 0.417898
v 0.161199 0.679001 0.400497
v 0.286905 0.460449 0.352464
v 0.229137 0.449835 0.393150
v 0.274957 0.518057 0.354558
v 0.220675 0.513477 0.391295
v 0.265101 0.571649 0.354968
v 0.215337 0.578808 0.386474
v 0.269303 0.672196 0.336004
v 0.212393 0.657308 0.374308
v 0.313105 0.606690 0.314892
v 0.300738 0.565390 0.333472
v 0.320634 0.528195 0.323788
v 0.335440 0.482027 0.314589
v 0.361100 0.412591 0.294073
v 0.397786 0.526127 0.191528
v 0.377504 0.534201 0.263662
v 0.360348 0.642350 0.253782
v 0.354980 0.598195 0.276854
v 0.076698 -0.024020 0.525682
v 0.076689 0.082804 0.528009
v 0.202392 -0.130972 0.439981
v 0.204627 -0.038121 0.441260
v 0.203721 0.055224 0.445597
v 0.199699 0.149119 0.452598
v 0.318254 0.001736 0.356766
v 0.321069 0.077873 0.359666
v 0.321393 0.154552 0.363187
v 0.324279 0.231296 0.369155
v 0.353919 0.055899 0.322884
v 0.358228 0.126881 0.324751
v 0.364577 0.197735 0.328955
v 0.370167 0.269168 0.334715
v 0.416191 0.249529 0.088423
v 0.424706 0.327438 0.088654
v 0.430649 0.406284 0.090576
v 0.436661 0.485684 0.095351
v 0.420112 0.271484 -0.073001
v 0.422893 0.349715 -0.074328
v 0.424182 0.428652 -0.073392
v 0.423613 0.508056 -0.070256
v 0.413452 0.218284 0.148936
v 0.423833 0.290968 0.151064
v 0.430774 0.364525 0.153932
v 0.435566 0.438593 0.158136
v 0.377984 0.112095 0.269513
v 0.385801 0.179086 0.271864
v 0.395080 0.246137 0.276031
v 0.402462 0.313227 0.281869
v 0.140373 -0.182978 0.474343
v 0.145969 -0.084223 0.478196
v 0.140679 0.115870 0.487982
v 0.261222 -0.064643 0.397410
v 0.262973 0.019915 0.400048
v 0.262351 0.104952 0.404773
v 0.260871 0.190353 0.410331
v 0.411457 0.194200 0.010157
v 0.433918 0.568658 0.019696
v 0.400922 0.578456 0.025458
v 0.347927 0.176507 0.018840
v 0.434712 0.499408 0.013607
v 0.430417 0.420114 0.008652
v 0.426208 0.341030 0.007055
v 0.421112 0.262559 0.008132
v 0.398610 0.195373 -0.141851
v 0.399443 0.589329 -0.142022
v 0.354477 0.589594 -0.140320
v 0.315705 0.187023 -0.113339
v 0.401148 0.273242 -0.144303
v 0.403220 0.351475 -0.145845
v 0.403478 0.430377 -0.145726
v 0.401861 0.509820 -0.144049
v 0.359479 0.196473 -0.232608
v 0.357671 0.590156 -0.234977
v 0.316184 0.590282 -0.218787
v 0.274684 0.187912 -0.177862
v 0.360911 0.274576 -0.234102
v 0.361945 0.352926 -0.235342
v 0.361636 0.431741 -0.235729
v 0.359902 0.510938 -0.235392
v 0.276417 0.197709 -0.327705
v 0.273012 0.590937 -0.328404
v 0.253224 0.590910 -0.289183
v 0.212544 0.188865 -0.238274
v 0.276289 0.276127 -0.327998
v 0.276098 0.354614 -0.328335
v 0.275372 0.433311 -0.328511
v 0.274140 0.512155 -0.328458
v 0.159424 0.198010 -0.398722
v 0.156417 0.591000 -0.398639
v 0.148717 0.591000 -0.355225
v 0.134070 0.189220 -0.292261
v 0.158823 0.276608 -0.398706
v 0.158221 0.355206 -0.398689
v 0.157620 0.433804 -0.398672
v 0.157019 0.512402 -0.398656
v 0.075300 0.286690 0.528308
v 0.135176 0.305808 0.493264
v 0.252013 0.341025 0.426521
v 0.193882 0.324043 0.463274
v 0.305838 0.359563 0.389248
v 0.132601 0.363805 0.492172
v 0.069405 0.348448 0.525615
v 0.319191 0.403337 0.375030
v 0.255681 0.389804 0.420812
v 0.192909 0.379849 0.460239
v 0.077808 -0.017261 0.505071
v 0.077573 0.071315 0.505373
v 0.082137 -0.112862 0.504263
v 0.186956 -0.038862 0.435176
v 0.185675 0.051324 0.434225
v 0.180502 0.128443 0.441860
v 0.137203 -0.075328 0.466065
v 0.134383 0.016187 0.463685
v 0.130243 0.103896 0.471603
v 0.381162 0.086849 0.235151
v 0.319210 0.078969 0.211582
v 0.334312 0.544220 0.311203
v 0.416945 0.405975 0.254857
v 0.396284 0.464489 0.215888
v 0.044732 0.646086 0.464574
v 0.107197 0.660871 0.430167
v 0.162580 0.633028 0.408416
v 0.267789 0.622282 0.345212
v 0.213670 0.618016 0.380377
v 0.306811 0.583774 0.326489
v 0.385838 0.476070 0.238705
v 0.357410 0.511831 0.289401
v 0.416589 0.347828 0.249874
v 0.409358 0.280559 0.244183
v 0.400259 0.213135 0.240117
v 0.391253 0.145895 0.237615
v 0.342352 0.561711 0.300124
v 0.268414 0.665974 0.337282
v 0.396606 0.521886 0.195228
v 0.373838 0.530143 0.267027
v 0.408863 0.533815 0.151794
v 0.044873 0.684745 0.458117
v 0.105797 0.719752 0.419362
v 0.161364 0.673513 0.401443
v 0.212542 0.652616 0.375032
v 0.310630 0.600972 0.317264
v 0.337954 0.560883 0.293774
v 0.339915 0.564641 0.290886
v 0.264131 0.671175 0.329868
v 0.207195 0.656299 0.368139
v 0.264191 0.665343 0.330881
v 0.308221 0.605664 0.308779
v 0.391563 0.521051 0.188936
v 0.391861 0.524898 0.185607
v 0.403767 0.537255 0.141556
v 0.369841 0.529464 0.260678
v 0.372150 0.533081 0.257642
v 0.039694 0.688976 0.451073
v 0.100410 0.726725 0.411729
v 0.156001 0.677992 0.394329
v 0.403236 0.532806 0.145653
v 0.039674 0.683735 0.451948
v 0.100599 0.718743 0.413193
v 0.156166 0.672504 0.395274
v 0.207343 0.651607 0.368863
v 0.306699 0.600366 0.310766
v 0.400545 0.171364 0.211264
v 0.410313 0.239351 0.213800
v 0.419075 0.307662 0.217678
v 0.425952 0.375796 0.223125
v 0.326184 0.103169 0.189030
v 0.389309 0.111709 0.209122
v 0.395768 0.134408 0.180621
v 0.337043 0.123684 0.166576
v 0.432559 0.405494 0.193281
v 0.426435 0.335274 0.188296
v 0.418342 0.265071 0.184789
v 0.408086 0.195408 0.182359
v 0.434985 0.465658 0.199212
v 0.427647 0.434326 0.228703
v 0.032829 -0.377926 0.544498
v 0.030916 0.170209 0.551999
v 0.028811 0.197966 0.509905
v 0.037404 -0.339817 0.488961
v 0.006491 0.969478 0.421866
v 0.005032 0.798234 0.454739
v 0.025704 0.275330 0.505654
v 0.005872 0.334607 0.515511
v 0.004974 0.414112 0.506775
v 0.004852 0.509760 0.495848
v 0.004875 0.606373 0.482954
v 0.004910 0.671902 0.472645
v 0.032343 -0.264533 0.543756
v 0.031308 -0.158928 0.547574
v 0.032097 -0.049329 0.548466
v 0.032087 0.061261 0.549443
v 0.008236 0.272281 0.551972
v 0.007591 0.336769 0.543310
v 0.004893 0.638410 0.477812
v 0.004908 0.668312 0.473320
v 0.004341 0.672103 0.467715
v 0.004339 0.669609 0.467533
v 0.004876 0.334162 0.512196
v 0.003978 0.413667 0.503460
v 0.003856 0.509315 0.492533
v 0.003879 0.605927 0.479639
v 0.003896 0.637964 0.474497
v 0.408073 0.570822 0.105943
v 0.394382 0.585341 0.145779
v 0.374998 0.607247 0.208024
v 0.324448 0.713811 0.270225
v 0.292441 0.774830 0.297325
v 0.213562 0.790969 0.332377
v 0.159221 0.821484 0.357820
v 0.105256 0.860367 0.378436
v 0.059349 0.891919 0.400563
v 0.357845 0.641500 0.240570
v 0.006491 0.969478 0.407930
v 0.438910 0.556059 0.092155
v 0.404944 0.183380 0.079070
v 0.347835 0.168151 0.082991
v 0.436408 0.487467 0.084731
v 0.430619 0.408081 0.079933
v 0.424901 0.329204 0.078053
v 0.416830 0.251221 0.077992
v 0.005275 0.796166 0.404518
v 0.007428 0.671141 0.404518
v 0.045550 0.786351 0.400564
v 0.042685 0.672532 0.395558
v 0.156346 0.753635 0.357820
v 0.102381 0.792518 0.378436
v 0.149731 0.665840 0.355290
v 0.103625 0.682203 0.366641
v 0.268995 0.709188 0.292766
v 0.211837 0.719095 0.332377
v 0.268328 0.641881 0.291630
v 0.203788 0.649522 0.332377
v 0.287232 0.662848 0.258326
v 0.307204 0.617173 0.223667
v 0.329980 0.588776 0.195660
v 0.386298 0.589953 0.145178
v 0.395362 0.575065 0.113316
v 0.385870 0.572642 0.031247
v 0.433719 0.558530 0.094468
v 0.434041 0.557041 0.105738
v 0.397033 0.180361 0.090118
v 0.408510 0.250238 0.088440
v 0.422968 0.406993 0.090593
v 0.428980 0.486393 0.095367
v 0.417025 0.328147 0.088670
v 0.396942 0.181702 0.079831
v 0.428727 0.488176 0.084748
v 0.422938 0.408790 0.079950
v 0.417220 0.329913 0.078070
v 0.409149 0.251931 0.078009
v 0.410735 0.579517 -0.066611
v 0.428395 0.570298 0.020661
v 0.391915 0.589373 -0.141737
v 0.350726 0.590177 -0.232266
v 0.269700 0.590933 -0.321838
v 0.155128 0.591000 -0.391372
v 0.402932 0.201565 -0.071319
v 0.403212 0.192076 0.010187
v 0.358187 0.331380 0.344280
v 0.432643 0.511571 0.158373
v 0.129698 0.363406 0.487038
v 0.396715 0.375286 0.285632
v 0.066502 0.348049 0.520481
v 0.316384 0.403287 0.370276
v 0.190006 0.379450 0.455106
v 0.252777 0.389405 0.415678
v 0.412477 0.416763 0.247719
v 0.429274 0.479067 0.189767
v 0.425303 0.452699 0.214475
v 0.007274 0.336370 0.538177
v 0.388146 0.195444 -0.142105
v 0.349577 0.196509 -0.229481
v 0.271252 0.197693 -0.318881
v 0.157002 0.198010 -0.388758
v 0.076323 -0.339377 0.509392
v 0.200310 -0.221342 0.440570
v 0.313980 -0.073325 0.353973
v 0.346193 -0.013573 0.319194
v 0.393642 0.153145 0.146966
v 0.364114 0.051892 0.263925
v 0.138992 -0.280396 0.473580
v 0.258168 -0.147445 0.395847
v 0.375812 0.085882 0.232906
v 0.389922 0.133356 0.179295
v 0.383805 0.110866 0.207314
v 0.031932 -0.376453 0.535886
v 0.419854 0.420312 0.015276
v 0.413618 0.428849 -0.066767
v 0.415645 0.341228 0.013679
v 0.412330 0.349913 -0.067704
v 0.392657 0.351672 -0.139221
v 0.392915 0.430575 -0.139101
v 0.351382 0.353123 -0.228718
v 0.351073 0.431939 -0.229104
v 0.265534 0.354811 -0.321711
v 0.264809 0.433508 -0.321886
v 0.155670 0.355363 -0.387283
v 0.155060 0.433968 -0.387280
v 0.072271 0.198010 -0.409828
v 0.071999 0.276608 -0.409812
v 0.070908 0.591000 -0.409746
v 0.067418 0.591000 -0.366331
v 0.071453 0.433804 -0.409779
v 0.071181 0.512402 -0.409762
v 0.071726 0.355206 -0.409795
v 0.072588 0.189220 -0.313334
v 0.070324 0.591000 -0.402478
v 0.071173 0.198010 -0.399864
v 0.068386 0.433448 -0.401513
v 0.068658 0.354850 -0.401530
v 0.073461 0.198014 -0.419079
v 0.072098 0.591004 -0.418996
v 0.072644 0.433808 -0.419029
v 0.073189 0.276612 -0.419063
v 0.072371 0.512406 -0.419013
v 0.072916 0.355210 -0.419046
v 0.077666 -0.300759 0.517225
v 0.202792 -0.191904 0.443346
v 0.317923 -0.048352 0.358004
v 0.351859 0.010206 0.322940
v 0.408167 0.205030 0.089038
v 0.414449 0.226763 -0.071595
v 0.404686 0.176645 0.148144
v 0.372353 0.073467 0.267665
v 0.141567 -0.247888 0.478354
v 0.261180 -0.120224 0.399148
v 0.414772 0.217671 0.009462
v 0.399481 0.222108 -0.142693
v 0.359971 0.223289 -0.233121
v 0.276373 0.224633 -0.327806
v 0.159217 0.224996 -0.398716
v 0.384627 0.107121 0.235997
v 0.393167 0.132191 0.209857
v 0.399997 0.155352 0.181217
v 0.032209 -0.340178 0.544996
v 0.409025 0.206673 0.078700
v 0.400974 0.204353 0.089542
v 0.401133 0.205815 0.079206
v 0.072178 0.224996 -0.409823
v 0.073368 0.225000 -0.419073
v 0.269251 -0.150063 0.405495
v 0.325844 -0.075324 0.364087
v 0.408197 0.154092 0.153166
v 0.412066 0.180982 0.094795
v 0.358876 -0.014467 0.328405
v 0.086557 -0.340852 0.521625
v 0.149434 -0.282746 0.484461
v 0.210829 -0.224579 0.450087
v 0.377504 0.052487 0.272134
v 0.040924 -0.378709 0.549934
v 0.389256 0.086066 0.240587
v 0.397404 0.110927 0.214557
v 0.403863 0.133626 0.186056
v 0.401262 0.131409 0.215293
v 0.085060 -0.304612 0.522806
v 0.210887 -0.192686 0.448781
v 0.326017 -0.049135 0.363440
v 0.359953 0.009424 0.328375
v 0.416262 0.204248 0.094473
v 0.412780 0.175863 0.153580
v 0.380448 0.072684 0.273100
v 0.149662 -0.248671 0.483790
v 0.269275 -0.121006 0.404583
v 0.392721 0.106339 0.241433
v 0.408092 0.154570 0.186653
v 0.040294 -0.341014 0.550433
v 0.074599 0.159034 0.532572
v 0.198276 0.215352 0.457043
v 0.324944 0.285198 0.373494
v 0.370366 0.319268 0.335841
v 0.438830 0.536859 0.101057
v 0.418818 0.560022 -0.067590
v 0.437380 0.486104 0.162586
v 0.401913 0.357016 0.284846
v 0.136657 0.185261 0.492641
v 0.262263 0.253013 0.415502
v 0.434119 0.551148 0.018156
v 0.400054 0.569225 -0.142535
v 0.358235 0.570126 -0.235082
v 0.273297 0.571017 -0.328418
v 0.156569 0.571126 -0.398644
v 0.426763 0.419527 0.227313
v 0.416822 0.391273 0.253598
v 0.433898 0.450446 0.197733
v 0.031212 0.142661 0.551353
v 0.438208 0.538715 0.090289
v 0.432586 0.539178 0.103144
v 0.432333 0.540741 0.092029
v 0.070977 0.571126 -0.409750
v 0.072167 0.571130 -0.419001
v 0.446924 0.553796 0.108873
v 0.445346 0.501801 0.169978
v 0.424233 0.405593 0.260749
v 0.409060 0.371453 0.291743
v 0.332502 0.303058 0.380852
v 0.270067 0.273837 0.423142
v 0.370958 0.328094 0.353069
v 0.142628 0.208363 0.500107
v 0.081224 0.184451 0.540007
v 0.081931 0.158653 0.538462
v 0.205609 0.214971 0.462933
v 0.205128 0.237385 0.464438
v 0.332277 0.284817 0.379384
v 0.377699 0.318887 0.341731
v 0.446151 0.536477 0.106948
v 0.444712 0.485722 0.168475
v 0.409246 0.356634 0.290736
v 0.143990 0.184880 0.498531
v 0.269596 0.252632 0.421392
v 0.038249 0.169827 0.557889
v 0.434095 0.419145 0.233203
v 0.434587 0.433945 0.234611
v 0.424154 0.390891 0.259488
v 0.441916 0.465277 0.205119
v 0.441230 0.450064 0.203623
v 0.038545 0.142280 0.557243
v 0.423826 0.577837 -0.070980
v 0.440550 0.568887 0.015404
v 0.406075 0.589558 -0.146315
v 0.364303 0.590386 -0.239269
v 0.277146 0.591166 -0.334481
v 0.157695 0.591229 -0.405430
v 0.425449 0.560251 -0.071882
v 0.440751 0.551377 0.013864
v 0.406686 0.569454 -0.146827
v 0.364867 0.570355 -0.239374
v 0.278144 0.571247 -0.334495
v 0.158918 0.571356 -0.402936
v 0.445470 0.556288 0.087874
v 0.444839 0.538945 0.085996
v 0.036560 -0.283959 0.478218
v 0.032645 -0.186937 0.471069
v 0.037143 -0.105284 0.468115
v 0.043244 -0.025504 0.462635
v 0.044766 -0.000653 0.461869
v 0.284793 0.010440 0.270939
v 0.243701 -0.020126 0.313176
v 0.248966 0.001623 0.298810
v 0.189414 -0.025058 0.351329
v 0.196979 0.000293 0.336566
v 0.138772 -0.025525 0.388690
v 0.143970 -0.000243 0.378813
v 0.090345 -0.026104 0.426615
v 0.093383 -0.000009 0.421498
v 0.040530 -0.066708 0.465051
v 0.220478 -0.069350 0.341178
v 0.190174 -0.120615 0.368360
v 0.172607 -0.069142 0.371733
v 0.151719 -0.112590 0.391102
v 0.127483 -0.068046 0.401933
v 0.114504 -0.106468 0.413547
v 0.083919 -0.067414 0.433968
v 0.076229 -0.104773 0.440011
v 0.033656 -0.235330 0.474450
v 0.154601 -0.172366 0.392995
v 0.115647 -0.217515 0.423086
v 0.075988 -0.255152 0.451933
v 0.127132 -0.153639 0.408137
v 0.100137 -0.188969 0.427292
v 0.068766 -0.214161 0.450412
v 0.100831 -0.140572 0.424639
v 0.088803 -0.167387 0.433312
v 0.064194 -0.178911 0.449101
v 0.034122 -0.142724 0.470371
v 0.069262 -0.140866 0.444851
v -0.078462 -0.340069 0.516190
v -0.073891 0.184832 0.534117
v 0.000000 -0.405161 0.564864
v 0.000000 0.161562 0.561735
v -0.202734 -0.223797 0.444651
v -0.197795 0.237767 0.458548
v -0.317750 -0.074541 0.358652
v -0.325169 0.303440 0.374962
v -0.350782 -0.013685 0.322969
v -0.363625 0.328476 0.347180
v -0.403972 0.181764 0.089359
v -0.439703 0.554177 0.102966
v -0.411489 0.203380 -0.070859
v -0.417195 0.577608 -0.066687
v -0.066781 0.210673 0.500476
v 0.000000 0.188325 0.517059
v -0.186276 0.256206 0.432718
v -0.302811 0.311742 0.354198
v -0.334178 0.344203 0.331476
v -0.409503 0.538264 0.147668
v -0.409352 0.569682 0.117927
v -0.378606 0.589010 -0.066232
v -0.079657 -0.304519 0.466900
v 0.000000 -0.360671 0.500184
v -0.181937 -0.198884 0.398627
v -0.272808 -0.067037 0.317647
v -0.291216 -0.018799 0.293685
v -0.349491 0.166903 0.094055
v -0.339867 0.186544 -0.052153
v -0.338267 0.139778 0.137585
v -0.409008 0.553025 0.133182
v -0.438100 0.502182 0.164075
v -0.400102 0.154874 0.147730
v -0.344649 0.565697 0.297011
v -0.399162 0.559011 0.165703
v -0.398535 0.581596 0.148961
v -0.380825 0.559542 0.250586
v -0.378036 0.608033 0.221210
v -0.314996 0.647352 0.304893
v -0.074691 -0.130099 0.522677
v -0.073002 -0.231918 0.514368
v -0.324377 0.713914 0.284046
v -0.277357 0.719905 0.323280
v -0.293628 0.778153 0.305565
v -0.211583 0.719577 0.363110
v -0.213562 0.790969 0.346312
v -0.157781 0.754437 0.386072
v -0.159221 0.821484 0.371755
v -0.102100 0.793707 0.406048
v -0.105256 0.860367 0.392371
v -0.046006 0.786370 0.441104
v -0.059349 0.891919 0.414499
v 0.000000 0.799691 0.456414
v 0.000000 0.979003 0.422771
v -0.059578 0.284528 0.500509
v 0.000000 0.268350 0.509557
v -0.178161 0.321882 0.435475
v -0.290116 0.357402 0.361449
v -0.177188 0.377688 0.432440
v -0.304110 0.403063 0.349280
v -0.053683 0.346287 0.497816
v 0.000000 0.333173 0.517684
v -0.369409 0.053270 0.266699
v -0.401728 0.371834 0.285853
v -0.374796 0.390524 0.284643
v -0.303699 0.045076 0.225050
v -0.045476 0.423410 0.494409
v -0.044364 0.508752 0.484355
v -0.044572 0.602187 0.471905
v -0.141339 -0.281963 0.479025
v -0.135296 0.208744 0.494218
v -0.125932 0.233865 0.465959
v -0.131888 -0.256121 0.436139
v -0.119455 0.303647 0.465465
v -0.116880 0.361644 0.464373
v -0.261156 -0.149280 0.400060
v -0.262734 0.274219 0.417252
v -0.245639 0.282635 0.391325
v -0.228938 -0.131978 0.355407
v -0.236291 0.338864 0.398722
v -0.239959 0.387643 0.393013
v -0.171209 0.441923 0.429340
v -0.108494 0.430655 0.460359
v -0.166870 0.512399 0.424555
v -0.111191 0.508782 0.453157
v -0.163961 0.587055 0.416334
v -0.108787 0.594008 0.442437
v 0.000000 0.669681 0.474536
v -0.044892 0.689985 0.457242
v -0.105608 0.727734 0.417898
v -0.161199 0.679001 0.400497
v -0.286905 0.460449 0.352464
v -0.229137 0.449835 0.393150
v -0.274957 0.518057 0.354558
v -0.220675 0.513477 0.391295
v -0.265101 0.571649 0.354968
v -0.215337 0.578808 0.386474
v -0.269303 0.672196 0.336004
v -0.212393 0.657308 0.374308
v -0.313105 0.606690 0.314892
v -0.300738 0.565390 0.333472
v -0.320634 0.528195 0.323788
v -0.335440 0.482027 0.314589
v -0.361100 0.412591 0.294073
v -0.397786 0.526127 0.191528
v -0.377504 0.534201 0.263662
v -0.360348 0.642350 0.253782
v -0.354980 0.598195 0.276854
v -0.076698 -0.024020 0.525682
v -0.076689 0.082804 0.528009
v 0.000000 -0.291936 0.564837
v 0.000000 -0.179788 0.564864
v 0.000000 -0.067621 0.564864
v 0.000000 0.045763 0.564864
v -0.202392 -0.130972 0.439981
v -0.204627 -0.038121 0.441260
v -0.203721 0.055224 0.445597
v -0.199699 0.149119 0.452598
v -0.318254 0.001736 0.356766
v -0.321069 0.077873 0.359666
v -0.321393 0.154552 0.363187
v -0.324279 0.231296 0.369155
v -0.353919 0.055899 0.322884
v -0.358228 0.126881 0.324751
v -0.364577 0.197735 0.328955
v -0.370167 0.269168 0.334715
v -0.416191 0.249529 0.088423
v -0.424706 0.327438 0.088654
v -0.430649 0.406284 0.090576
v -0.436661 0.485684 0.095351
v -0.420112 0.271484 -0.073001
v -0.422893 0.349715 -0.074328
v -0.424182 0.428652 -0.073392
v -0.423613 0.508056 -0.070256
v -0.413452 0.218284 0.148936
v -0.423833 0.290968 0.151064
v -0.430774 0.364525 0.153932
v -0.435566 0.438593 0.158136
v -0.377984 0.112095 0.269513
v -0.385801 0.179086 0.271864
v -0.395080 0.246137 0.276031
v -0.402462 0.313227 0.281869
v -0.140373 -0.182978 0.474343
v -0.145969 -0.084223 0.478196
v -0.140679 0.115870 0.487982
v -0.261222 -0.064643 0.397410
v -0.262973 0.019915 0.400048
v -0.262351 0.104952 0.404773
v -0.260871 0.190353 0.410331
v -0.411457 0.194200 0.010157
v -0.433918 0.568658 0.019696
v -0.400922 0.578456 0.025458
v -0.347927 0.176507 0.018840
v -0.434712 0.499408 0.013607
v -0.430417 0.420114 0.008652
v -0.426208 0.341030 0.007055
v -0.421112 0.262559 0.008132
v -0.398610 0.195373 -0.141851
v -0.399443 0.589329 -0.142022
v -0.354477 0.589594 -0.140320
v -0.315705 0.187023 -0.113339
v -0.401148 0.273242 -0.144303
v -0.403220 0.351475 -0.145845
v -0.403478 0.430377 -0.145726
v -0.401861 0.509820 -0.144049
v -0.359479 0.196473 -0.232608
v -0.357671 0.590156 -0.234977
v -0.316184 0.590282 -0.218787
v -0.274684 0.187912 -0.177862
v -0.360911 0.274576 -0.234102
v -0.361945 0.352926 -0.235342
v -0.361636 0.431741 -0.235729
v -0.359902 0.510938 -0.235392
v -0.276417 0.197709 -0.327705
v -0.273012 0.590937 -0.328404
v -0.253224 0.590910 -0.289183
v -0.212544 0.188865 -0.238274
v -0.276289 0.276127 -0.327998
v -0.276098 0.354614 -0.328335
v -0.275372 0.433311 -0.328511
v -0.274140 0.512155 -0.328458
v -0.159424 0.198010 -0.398722
v -0.156417 0.591000 -0.398639
v -0.148717 0.591000 -0.355225
v -0.134070 0.189220 -0.292261
v -0.158823 0.276608 -0.398706
v -0.158221 0.355206 -0.398689
v -0.157620 0.433804 -0.398672
v -0.157019 0.512402 -0.398656
v 0.000000 0.198010 -0.419038
v 0.000000 0.591000 -0.418955
v 0.000000 0.591000 -0.375541
v 0.000000 0.189220 -0.331974
v -0.075300 0.286690 0.528308
v 0.000000 0.270512 0.554878
v -0.135176 0.305808 0.493264
v -0.252013 0.341025 0.426521
v -0.193882 0.324043 0.463274
v -0.305838 0.359563 0.389248
v -0.132601 0.363805 0.492172
v -0.069405 0.348448 0.525615
v -0.319191 0.403337 0.375030
v -0.255681 0.389804 0.420812
v -0.192909 0.379849 0.460239
v 0.000000 0.335335 0.545483
v -0.077808 -0.017261 0.505071
v -0.077573 0.071315 0.505373
v -0.082137 -0.112862 0.504263
v -0.186956 -0.038862 0.435176
v -0.185675 0.051324 0.434225
v -0.180502 0.128443 0.441860
v -0.137203 -0.075328 0.466065
v -0.134383 0.016187 0.463685
v -0.130243 0.103896 0.471603
v -0.381162 0.086849 0.235151
v -0.319210 0.078969 0.211582
v -0.334312 0.544220 0.311203
v -0.416945 0.405975 0.254857
v -0.396284 0.464489 0.215888
v -0.044732 0.646086 0.464574
v -0.107197 0.660871 0.430167
v -0.162580 0.633028 0.408416
v -0.267789 0.622282 0.345212
v -0.213670 0.618016 0.380377
v -0.306811 0.583774 0.326489
v -0.385838 0.476070 0.238705
v -0.357410 0.511831 0.289401
v -0.416589 0.347828 0.249874
v -0.409358 0.280559 0.244183
v -0.400259 0.213135 0.240117
v -0.391253 0.145895 0.237615
v -0.342352 0.561711 0.300124
v -0.268414 0.665974 0.337282
v -0.396606 0.521886 0.195228
v -0.373838 0.530143 0.267027
v -0.408863 0.533815 0.151794
v -0.044873 0.684745 0.458117
v -0.105797 0.719752 0.419362
v -0.161364 0.673513 0.401443
v -0.212542 0.652616 0.375032
v -0.310630 0.600972 0.317264
v -0.337954 0.560883 0.293774
v -0.339915 0.564641 0.290886
v -0.264131 0.671175 0.329868
v -0.207195 0.656299 0.368139
v -0.264191 0.665343 0.330881
v -0.308221 0.605664 0.308779
v -0.391563 0.521051 0.188936
v -0.391861 0.524898 0.185607
v -0.403767 0.537255 0.141556
v -0.369841 0.529464 0.260678
v -0.372150 0.533081 0.257642
v -0.039694 0.688976 0.451073
v -0.100410 0.726725 0.411729
v -0.156001 0.677992 0.394329
v 0.000000 0.670031 0.469759
v -0.403236 0.532806 0.145653
v 0.000000 0.667874 0.469447
v -0.039674 0.683735 0.451948
v -0.100599 0.718743 0.413193
v -0.156166 0.672504 0.395274
v -0.207343 0.651607 0.368863
v -0.306699 0.600366 0.310766
v -0.400545 0.171364 0.211264
v -0.410313 0.239351 0.213800
v -0.419075 0.307662 0.217678
v -0.425952 0.375796 0.223125
v -0.326184 0.103169 0.189030
v -0.389309 0.111709 0.209122
v -0.395768 0.134408 0.180621
v -0.337043 0.123684 0.166576
v -0.432559 0.405494 0.193281
v -0.426435 0.335274 0.188296
v -0.418342 0.265071 0.184789
v -0.408086 0.195408 0.182359
v -0.434985 0.465658 0.199212
v -0.427647 0.434326 0.228703
v -0.032829 -0.377926 0.544498
v -0.030916 0.170209 0.551999
v -0.028811 0.197966 0.509905
v -0.037404 -0.339817 0.488961
v -0.006491 0.969478 0.421866
v -0.005032 0.798234 0.454739
v -0.025704 0.275330 0.505654
v -0.005872 0.334607 0.515511
v -0.004974 0.414112 0.506775
v -0.004852 0.509760 0.495848
v -0.004875 0.606373 0.482954
v -0.004910 0.671902 0.472645
v -0.032343 -0.264533 0.543756
v -0.031308 -0.158928 0.547574
v -0.032097 -0.049329 0.548466
v -0.032087 0.061261 0.549443
v -0.008236 0.272281 0.551972
v -0.007591 0.336769 0.543310
v -0.004893 0.638410 0.477812
v -0.004908 0.668312 0.473320
v -0.004341 0.672103 0.467715
v -0.004339 0.669609 0.467533
v 0.000000 0.509439 0.493945
v 0.000000 0.412525 0.504979
v 0.000000 0.606441 0.480996
v 0.000000 0.637022 0.476123
v 0.000000 0.332728 0.514369
v -0.004876 0.334162 0.512196
v -0.003978 0.413667 0.503460
v -0.003856 0.509315 0.492533
v -0.003879 0.605927 0.479639
v -0.003896 0.637964 0.474497
v -0.408073 0.570822 0.105943
v -0.394382 0.585341 0.145779
v -0.374998 0.607247 0.208024
v -0.324448 0.713811 0.270225
v -0.292441 0.774830 0.297325
v -0.213562 0.790969 0.332377
v -0.159221 0.821484 0.357820
v -0.105256 0.860367 0.378436
v -0.059349 0.891919 0.400563
v 0.000000 0.979003 0.408835
v -0.357845 0.641500 0.240570
v -0.006491 0.969478 0.407930
v -0.438910 0.556059 0.092155
v 0.000000 0.797411 0.405423
v -0.404944 0.183380 0.079070
v -0.347835 0.168151 0.082991
v -0.436408 0.487467 0.084731
v -0.430619 0.408081 0.079933
v -0.424901 0.329204 0.078053
v -0.416830 0.251221 0.077992
v -0.005275 0.796166 0.404518
v 0.000000 0.672386 0.405423
v -0.007428 0.671141 0.404518
v -0.045550 0.786351 0.400564
v -0.042685 0.672532 0.395558
v -0.156346 0.753635 0.357820
v -0.102381 0.792518 0.378436
v -0.149731 0.665840 0.355290
v -0.103625 0.682203 0.366641
v -0.268995 0.709188 0.292766
v -0.211837 0.719095 0.332377
v -0.268328 0.641881 0.291630
v -0.203788 0.649522 0.332377
v -0.287232 0.662848 0.258326
v -0.307204 0.617173 0.223667
v -0.329980 0.588776 0.195660
v -0.386298 0.589953 0.145178
v -0.395362 0.575065 0.113316
v -0.385870 0.572642 0.031247
v -0.433719 0.558530 0.094468
v -0.434041 0.557041 0.105738
v -0.397033 0.180361 0.090118
v -0.408510 0.250238 0.088440
v -0.422968 0.406993 0.090593
v -0.428980 0.486393 0.095367
v -0.417025 0.328147 0.088670
v -0.396942 0.181702 0.079831
v -0.428727 0.488176 0.084748
v -0.422938 0.408790 0.079950
v -0.417220 0.329913 0.078070
v -0.409149 0.251931 0.078009
v -0.410735 0.579517 -0.066611
v -0.428395 0.570298 0.020661
v -0.391915 0.589373 -0.141737
v -0.350726 0.590177 -0.232266
v -0.269700 0.590933 -0.321838
v -0.155128 0.591000 -0.391372
v 0.000000 0.591000 -0.411687
v -0.402932 0.201565 -0.071319
v -0.403212 0.192076 0.010187
v -0.358187 0.331380 0.344280
v -0.432643 0.511571 0.158373
v -0.129698 0.363406 0.487038
v -0.396715 0.375286 0.285632
v -0.066502 0.348049 0.520481
v -0.316384 0.403287 0.370276
v -0.190006 0.379450 0.455106
v 0.000000 0.334935 0.540350
v -0.252777 0.389405 0.415678
v -0.412477 0.416763 0.247719
v -0.429274 0.479067 0.189767
v -0.425303 0.452699 0.214475
v -0.007274 0.336370 0.538177
v -0.388146 0.195444 -0.142105
v -0.349577 0.196509 -0.229481
v -0.271252 0.197693 -0.318881
v -0.157002 0.198010 -0.388758
v 0.000000 0.198010 -0.409073
v -0.076323 -0.339377 0.509392
v -0.200310 -0.221342 0.440570
v -0.313980 -0.073325 0.353973
v -0.346193 -0.013573 0.319194
v 0.000000 -0.403119 0.554940
v -0.393642 0.153145 0.146966
v -0.364114 0.051892 0.263925
v -0.138992 -0.280396 0.473580
v -0.258168 -0.147445 0.395847
v -0.375812 0.085882 0.232906
v -0.389922 0.133356 0.179295
v -0.383805 0.110866 0.207314
v -0.031932 -0.376453 0.535886
v -0.419854 0.420312 0.015276
v -0.413618 0.428849 -0.066767
v -0.415645 0.341228 0.013679
v -0.412330 0.349913 -0.067704
v -0.392657 0.351672 -0.139221
v -0.392915 0.430575 -0.139101
v -0.351382 0.353123 -0.228718
v -0.351073 0.431939 -0.229104
v -0.265534 0.354811 -0.321711
v -0.264809 0.433508 -0.321886
v -0.155670 0.355363 -0.387283
v -0.155060 0.433968 -0.387280
v 0.000000 0.276612 -0.428272
v 0.000000 0.198014 -0.428289
v -0.072271 0.198010 -0.409828
v -0.071999 0.276608 -0.409812
v -0.070908 0.591000 -0.409746
v -0.067418 0.591000 -0.366331
v -0.071453 0.433804 -0.409779
v -0.071181 0.512402 -0.409762
v -0.071726 0.355206 -0.409795
v -0.072588 0.189220 -0.313334
v -0.070324 0.591000 -0.402478
v -0.071173 0.198010 -0.399864
v -0.068386 0.433448 -0.401513
v -0.068658 0.354850 -0.401530
v -0.073461 0.198014 -0.419079
v -0.072098 0.591004 -0.418996
v 0.000000 0.591004 -0.428206
v -0.072644 0.433808 -0.419029
v 0.000000 0.433808 -0.428239
v 0.000000 0.512406 -0.428223
v 0.000000 0.355210 -0.428256
v -0.073189 0.276612 -0.419063
v -0.072371 0.512406 -0.419013
v -0.072916 0.355210 -0.419046
v -0.077666 -0.300759 0.517225
v 0.000000 -0.354531 0.564576
v -0.202792 -0.191904 0.443346
v -0.317923 -0.048352 0.358004
v -0.351859 0.010206 0.322940
v -0.408167 0.205030 0.089038
v -0.414449 0.226763 -0.071595
v -0.404686 0.176645 0.148144
v -0.372353 0.073467 0.267665
v -0.141567 -0.247888 0.478354
v -0.261180 -0.120224 0.399148
v -0.414772 0.217671 0.009462
v -0.399481 0.222108 -0.142693
v -0.359971 0.223289 -0.233121
v -0.276373 0.224633 -0.327806
v -0.159217 0.224996 -0.398716
v -0.384627 0.107121 0.235997
v -0.393167 0.132191 0.209857
v -0.399997 0.155352 0.181217
v -0.032209 -0.340178 0.544996
v -0.409025 0.206673 0.078700
v -0.400974 0.204353 0.089542
v -0.401133 0.205815 0.079206
v 0.000000 0.225000 -0.428283
v -0.072178 0.224996 -0.409823
v -0.073368 0.225000 -0.419073
v -0.269251 -0.150063 0.405495
v -0.325844 -0.075324 0.364087
v -0.408197 0.154092 0.153166
v -0.412066 0.180982 0.094795
v -0.358876 -0.014467 0.328405
v -0.086557 -0.340852 0.521625
v -0.149434 -0.282746 0.484461
v -0.210829 -0.224579 0.450087
v -0.377504 0.052487 0.272134
v -0.040924 -0.378709 0.549934
v -0.389256 0.086066 0.240587
v -0.397404 0.110927 0.214557
v -0.403863 0.133626 0.186056
v -0.401262 0.131409 0.215293
v 0.000000 -0.405943 0.570299
v -0.085060 -0.304612 0.522806
v 0.000000 -0.367206 0.570299
v -0.210887 -0.192686 0.448781
v -0.326017 -0.049135 0.363440
v -0.359953 0.009424 0.328375
v -0.416262 0.204248 0.094473
v -0.412780 0.175863 0.153580
v -0.380448 0.072684 0.273100
v -0.149662 -0.248671 0.483790
v -0.269275 -0.121006 0.404583
v -0.392721 0.106339 0.241433
v -0.408092 0.154570 0.186653
v -0.040294 -0.341014 0.550433
v -0.074599 0.159034 0.532572
v 0.000000 0.130882 0.564864
v -0.198276 0.215352 0.457043
v -0.324944 0.285198 0.373494
v -0.370366 0.319268 0.335841
v -0.438830 0.536859 0.101057
v -0.418818 0.560022 -0.067590
v -0.437380 0.486104 0.162586
v -0.401913 0.357016 0.284846
v -0.136657 0.185261 0.492641
v -0.262263 0.253013 0.415502
v -0.434119 0.551148 0.018156
v -0.400054 0.569225 -0.142535
v -0.358235 0.570126 -0.235082
v -0.273297 0.571017 -0.328418
v -0.156569 0.571126 -0.398644
v -0.426763 0.419527 0.227313
v -0.416822 0.391273 0.253598
v -0.433898 0.450446 0.197733
v -0.031212 0.142661 0.551353
v -0.438208 0.538715 0.090289
v -0.432586 0.539178 0.103144
v -0.432333 0.540741 0.092029
v -0.070977 0.571126 -0.409750
v 0.000000 0.571130 -0.428210
v -0.072167 0.571130 -0.419001
v -0.446924 0.553796 0.108873
v -0.445346 0.501801 0.169978
v -0.424233 0.405593 0.260749
v -0.409060 0.371453 0.291743
v -0.332502 0.303058 0.380852
v -0.270067 0.273837 0.423142
v -0.370958 0.328094 0.353069
v -0.142628 0.208363 0.500107
v -0.081224 0.184451 0.540007
v -0.081931 0.158653 0.538462
v 0.000000 0.130501 0.570753
v 0.000000 0.159307 0.570753
v -0.205609 0.214971 0.462933
v -0.205128 0.237385 0.464438
v -0.332277 0.284817 0.379384
v -0.377699 0.318887 0.341731
v -0.446151 0.536477 0.106948
v -0.444712 0.485722 0.168475
v -0.409246 0.356634 0.290736
v -0.143990 0.184880 0.498531
v -0.269596 0.252632 0.421392
v -0.038249 0.169827 0.557889
v -0.434095 0.419145 0.233203
v -0.434587 0.433945 0.234611
v -0.424154 0.390891 0.259488
v -0.441916 0.465277 0.205119
v -0.441230 0.450064 0.203623
v -0.038545 0.142280 0.557243
v -0.423826 0.577837 -0.070980
v -0.440550 0.568887 0.015404
v -0.406075 0.589558 -0.146315
v -0.364303 0.590386 -0.239269
v -0.277146 0.591166 -0.334481
v -0.157695 0.591229 -0.405430
v -0.425449 0.560251 -0.071882
v -0.440751 0.551377 0.013864
v -0.406686 0.569454 -0.146827
v -0.364867 0.570355 -0.239374
v -0.278144 0.571247 -0.334495
v -0.158918 0.571356 -0.402936
v -0.445470 0.556288 0.087874
v -0.444839 0.538945 0.085996
v 0.000000 -0.304635 0.496970
v -0.036560 -0.283959 0.478218
v 0.000000 -0.196727 0.491556
v -0.032645 -0.186937 0.471069
v 0.000000 -0.107600 0.490843
v -0.037143 -0.105284 0.468115
v 0.000000 -0.028129 0.487471
v -0.043244 -0.025504 0.462635
v 0.000000 -0.000661 0.487999
v -0.044766 -0.000653 0.461869
v -0.284793 0.010440 0.270939
v -0.243701 -0.020126 0.313176
v -0.248966 0.001623 0.298810
v -0.189414 -0.025058 0.351329
v -0.196979 0.000293 0.336566
v -0.138772 -0.025525 0.388690
v -0.143970 -0.000243 0.378813
v -0.090345 -0.026104 0.426615
v -0.093383 -0.000009 0.421498
v 0.000000 -0.067910 0.490207
v -0.040530 -0.066708 0.465051
v -0.220478 -0.069350 0.341178
v -0.190174 -0.120615 0.368360
v -0.172607 -0.069142 0.371733
v -0.151719 -0.112590 0.391102
v -0.127483 -0.068046 0.401933
v -0.114504 -0.106468 0.413547
v -0.083919 -0.067414 0.433968
v -0.076229 -0.104773 0.440011
v 0.000000 -0.251676 0.495053
v -0.033656 -0.235330 0.474450
v -0.154601 -0.172366 0.392995
v -0.115647 -0.217515 0.423086
v -0.075988 -0.255152 0.451933
v -0.127132 -0.153639 0.408137
v -0.100137 -0.188969 0.427292
v -0.068766 -0.214161 0.450412
v -0.100831 -0.140572 0.424639
v -0.088803 -0.167387 0.433312
v -0.064194 -0.178911 0.449101
v 0.000000 -0.147837 0.490752
v -0.034122 -0.142724 0.470371
v -0.069262 -0.140866 0.444851
vt 0.592515 0.040188
vt 0.596071 0.031168
vt 0.597960 0.032875
vt 0.594470 0.041827
vt 0.599330 0.021428
vt 0.604137 0.005043
vt 0.605955 0.006894
vt 0.601165 0.023230
vt 0.920992 0.257780
vt 0.927017 0.257616
vt 0.924644 0.278201
vt 0.918658 0.278361
vt 0.921489 0.519389
vt 0.923980 0.508477
vt 0.945335 0.508370
vt 0.943753 0.518596
vt 0.845389 0.174551
vt 0.853001 0.173461
vt 0.853680 0.179154
vt 0.848674 0.191914
vt 0.602126 0.040550
vt 0.598174 0.049417
vt 0.595655 0.048914
vt 0.599600 0.040254
vt 0.183547 0.054882
vt 0.172472 0.054565
vt 0.180800 0.045401
vt 0.191824 0.045708
vt 0.198577 0.038180
vt 0.187463 0.037890
vt 0.456676 0.039955
vt 0.467680 0.054046
vt 0.466342 0.055658
vt 0.455154 0.041506
vt 0.148302 0.507518
vt 0.144574 0.527524
vt 0.142398 0.526347
vt 0.146177 0.506344
vt 0.931389 0.434487
vt 0.938548 0.436837
vt 0.935010 0.454111
vt 0.927383 0.453335
vt 0.080790 0.084631
vt 0.095593 0.072072
vt 0.107263 0.071499
vt 0.093564 0.084255
vt 0.878521 0.473612
vt 0.887249 0.455269
vt 0.893085 0.457460
vt 0.884745 0.475946
vt 0.468181 0.057561
vt 0.477687 0.070564
vt 0.465849 0.079335
vt 0.460063 0.067256
vt 0.495597 0.550523
vt 0.481902 0.554683
vt 0.474953 0.543890
vt 0.487104 0.540077
vt 0.667280 0.312243
vt 0.671690 0.316629
vt 0.666530 0.328111
vt 0.658647 0.319820
vt 0.854022 0.539350
vt 0.857868 0.524234
vt 0.863716 0.527104
vt 0.859716 0.539675
vt 0.505542 0.172979
vt 0.505669 0.199106
vt 0.494321 0.193153
vt 0.492805 0.170047
vt 0.677764 0.307491
vt 0.675757 0.302682
vt 0.687108 0.293353
vt 0.688376 0.306411
vt 0.442962 0.518740
vt 0.441521 0.495697
vt 0.460159 0.494695
vt 0.458361 0.514204
vt 0.502540 0.221926
vt 0.499955 0.245282
vt 0.491640 0.234102
vt 0.493857 0.214507
vt 0.168216 0.419959
vt 0.164217 0.431762
vt 0.161843 0.431473
vt 0.165838 0.419685
vt 0.949899 0.438020
vt 0.948839 0.454436
vt 0.434960 0.479880
vt 0.426098 0.464548
vt 0.443371 0.463586
vt 0.452389 0.479210
vt 0.498607 0.261006
vt 0.497352 0.271343
vt 0.486107 0.259825
vt 0.489489 0.249113
vt 0.419185 0.450968
vt 0.446691 0.447079
vt 0.444278 0.436051
vt 0.400171 0.436476
vt 0.397832 0.434692
vt 0.443983 0.434692
vt 0.490475 0.095834
vt 0.494529 0.107335
vt 0.476660 0.112184
vt 0.476255 0.102112
vt 0.502923 0.128261
vt 0.488239 0.134032
vt 0.481983 0.126626
vt 0.657146 0.345412
vt 0.643094 0.327787
vt 0.763357 0.369850
vt 0.750499 0.366549
vt 0.752664 0.346980
vt 0.763357 0.349547
vt 0.752594 0.325193
vt 0.763046 0.325110
vt 0.928506 0.490250
vt 0.931208 0.472455
vt 0.947644 0.471881
vt 0.945757 0.488782
vt 0.923041 0.473394
vt 0.919155 0.491586
vt 0.505370 0.147413
vt 0.491507 0.148351
vt 0.913066 0.509123
vt 0.475873 0.526456
vt 0.458269 0.529876
vt 0.734594 0.344424
vt 0.716961 0.340917
vt 0.718087 0.323006
vt 0.733906 0.324533
vt 0.718536 0.303964
vt 0.734059 0.302747
vt 0.551227 0.121921
vt 0.563314 0.098641
vt 0.565601 0.099581
vt 0.553642 0.122665
vt 0.696651 0.353831
vt 0.699733 0.338109
vt 0.715335 0.357230
vt 0.752034 0.301295
vt 0.733677 0.285501
vt 0.751607 0.290013
vt 0.718379 0.292131
vt 0.762238 0.292130
vt 0.751229 0.280067
vt 0.762008 0.284452
vt 0.491094 0.571979
vt 0.484503 0.574764
vt 0.681934 0.334490
vt 0.685523 0.319949
vt 0.702080 0.321973
vt 0.703393 0.305353
vt 0.703429 0.295273
vt 0.686463 0.282087
vt 0.703397 0.286377
vt 0.533826 0.188279
vt 0.527332 0.203960
vt 0.525527 0.202337
vt 0.531489 0.187184
vt 0.732496 0.361973
vt 0.677166 0.348956
vt 0.652736 0.350886
vt 0.667774 0.363489
vt 0.476261 0.494800
vt 0.470885 0.511836
vt 0.636429 0.330156
vt 0.410968 0.731369
vt 0.410333 0.731390
vt 0.410781 0.730140
vt 0.411335 0.730140
vt 0.495384 0.578103
vt 0.490839 0.580757
vt 0.500711 0.567389
vt 0.485822 0.583560
vt 0.309889 0.749523
vt 0.328414 0.754101
vt 0.326918 0.755646
vt 0.308368 0.750922
vt 0.496141 0.535602
vt 0.502524 0.548414
vt 0.486514 0.525532
vt 0.148153 0.123875
vt 0.131305 0.122954
vt 0.141778 0.104032
vt 0.157754 0.104524
vt 0.713306 0.817557
vt 0.709330 0.822679
vt 0.692895 0.815553
vt 0.693754 0.809794
vt 0.060328 0.159500
vt 0.034419 0.158767
vt 0.046774 0.138871
vt 0.071920 0.138093
vt 0.289978 0.729780
vt 0.288448 0.731076
vt 0.275496 0.714901
vt 0.277039 0.713545
vt 0.141012 0.031577
vt 0.146142 0.022611
vt 0.164659 0.021488
vt 0.158778 0.030572
vt 0.539503 0.145503
vt 0.541907 0.146026
vt 0.140953 0.546835
vt 0.138951 0.559314
vt 0.137063 0.557802
vt 0.138902 0.545592
vt 0.143475 0.795116
vt 0.163677 0.795429
vt 0.162550 0.816426
vt 0.142384 0.816643
vt 0.638106 0.862344
vt 0.638273 0.825873
vt 0.641143 0.826456
vt 0.641130 0.861254
vt 0.889485 0.258389
vt 0.909483 0.258101
vt 0.907233 0.278643
vt 0.887399 0.279144
vt 0.130282 0.794658
vt 0.129131 0.816883
vt 0.202106 0.020158
vt 0.183309 0.020626
vt 0.192484 0.003751
vt 0.212713 0.003325
vt 0.152655 0.006628
vt 0.172461 0.004946
vt 0.120009 0.102914
vt 0.132652 0.084473
vt 0.152262 0.084865
vt 0.460415 0.464261
vt 0.471940 0.479771
vt 0.762501 0.300369
vt 0.059934 0.120786
vt 0.083603 0.120411
vt 0.006949 0.171729
vt 0.016921 0.158188
vt 0.026156 0.171500
vt 0.052999 0.172216
vt 0.098309 0.102146
vt 0.113042 0.084036
vt 0.214210 0.020314
vt 0.225780 0.003714
vt 0.440634 0.026393
vt 0.446454 0.053503
vt 0.432441 0.041583
vt 0.862946 0.238083
vt 0.857499 0.224246
vt 0.860397 0.209379
vt 0.868601 0.234298
vt 0.923989 0.240151
vt 0.930002 0.240054
vt 0.638788 0.958337
vt 0.638466 0.937889
vt 0.641290 0.939138
vt 0.641350 0.959866
vt 0.417110 0.034810
vt 0.424996 0.016412
vt 0.926994 0.296495
vt 0.920201 0.296783
vt 0.165980 0.085391
vt 0.145606 0.776912
vt 0.165874 0.777185
vt 0.892525 0.240311
vt 0.912487 0.240337
vt 0.907216 0.297340
vt 0.887345 0.298000
vt 0.398097 0.030620
vt 0.402200 0.007718
vt 0.132505 0.776143
vt 0.638532 0.919762
vt 0.641532 0.920394
vt 0.927374 0.321603
vt 0.920564 0.321850
vt 0.162973 0.835545
vt 0.142797 0.836154
vt 0.127704 0.836597
vt 0.637918 0.894907
vt 0.641130 0.894782
vt 0.928143 0.353672
vt 0.921307 0.353929
vt 0.163642 0.860754
vt 0.143542 0.861666
vt 0.907543 0.322324
vt 0.887651 0.323044
vt 0.376037 0.031001
vt 0.371982 0.005841
vt 0.663099 0.805489
vt 0.664940 0.826061
vt 0.662098 0.826543
vt 0.661115 0.805203
vt 0.929260 0.388424
vt 0.922410 0.388704
vt 0.164310 0.892936
vt 0.144293 0.893802
vt 0.908234 0.354423
vt 0.888309 0.355193
vt 0.352211 0.035494
vt 0.338856 0.013946
vt 0.128521 0.862384
vt 0.621594 0.395297
vt 0.621640 0.376791
vt 0.623971 0.376500
vt 0.623963 0.395306
vt 0.165233 0.927748
vt 0.145277 0.928479
vt 0.909308 0.389239
vt 0.889355 0.390053
vt 0.321440 0.027446
vt 0.337378 0.042816
vt 0.320990 0.052578
vt 0.307001 0.038636
vt 0.129352 0.894431
vt 0.664127 0.937816
vt 0.662668 0.957425
vt 0.660017 0.958600
vt 0.661335 0.938840
vt 0.076760 0.102223
vt 0.677743 0.809921
vt 0.675495 0.802485
vt 0.710243 0.845275
vt 0.692156 0.837662
vt 0.130368 0.929025
vt 0.125488 0.070890
vt 0.138262 0.055200
vt 0.155415 0.054599
vt 0.143675 0.070448
vt 0.121118 0.056064
vt 0.140490 0.141932
vt 0.122853 0.140454
vt 0.873694 0.456358
vt 0.885925 0.454773
vt 0.877117 0.473087
vt 0.864465 0.471370
vt 0.881303 0.429544
vt 0.894594 0.433027
vt 0.878576 0.444942
vt 0.630826 0.397654
vt 0.623971 0.397675
vt 0.630818 0.395285
vt 0.080870 0.172140
vt 0.087308 0.159404
vt 0.114480 0.159669
vt 0.108995 0.172254
vt 0.855993 0.487794
vt 0.869830 0.490370
vt 0.863335 0.506745
vt 0.848580 0.503929
vt 0.161823 0.070400
vt 0.710388 0.869782
vt 0.692947 0.860727
vt 0.482860 0.078795
vt 0.470849 0.086168
vt 0.829108 0.133067
vt 0.827631 0.133931
vt 0.822157 0.114793
vt 0.823858 0.113910
vt 0.819633 0.088990
vt 0.821504 0.088711
vt 0.826496 0.057724
vt 0.828054 0.058752
vt 0.843320 0.027538
vt 0.844521 0.028976
vt 0.861803 0.015829
vt 0.860757 0.014301
vt 0.875217 0.003325
vt 0.876134 0.004926
vt 0.895489 0.434525
vt 0.834853 0.155194
vt 0.836234 0.154653
vt 0.844083 0.171977
vt 0.842535 0.172255
vt 0.232950 0.641235
vt 0.234203 0.641086
vt 0.238733 0.650902
vt 0.237181 0.652264
vt 0.450897 0.837621
vt 0.453915 0.856541
vt 0.452970 0.857425
vt 0.449967 0.838580
vt 0.864704 0.507360
vt 0.871200 0.490935
vt 0.174459 0.070357
vt 0.854252 0.184376
vt 0.850913 0.203210
vt 0.715578 0.846833
vt 0.714995 0.819492
vt 0.107388 0.121150
vt 0.471474 0.446668
vt 0.172525 0.970637
vt 0.172841 0.951754
vt 0.175248 0.951817
vt 0.174952 0.970993
vt 0.673274 0.854556
vt 0.677510 0.852340
vt 0.691797 0.865026
vt 0.672253 0.804516
vt 0.676990 0.829550
vt 0.671590 0.828558
vt 0.714089 0.875437
vt 0.856555 0.523593
vt 0.841251 0.521046
vt 0.133869 0.160681
vt 0.836484 0.539014
vt 0.852740 0.539289
vt 0.852262 0.541209
vt 0.835931 0.541209
vt 0.956545 0.455286
vt 0.955513 0.472437
vt 0.953734 0.489004
vt 0.957462 0.439002
vt 0.936683 0.429544
vt 0.951184 0.430510
vt 0.953726 0.507011
vt 0.875285 0.255170
vt 0.880695 0.249802
vt 0.632754 0.315060
vt 0.652024 0.314591
vt 0.205880 0.029944
vt 0.194439 0.029697
vt 0.129325 0.046912
vt 0.146503 0.045994
vt 0.163698 0.045426
vt 0.476581 0.436004
vt 0.664203 0.307524
vt 0.673830 0.298025
vt 0.621594 0.310962
vt 0.733340 0.270298
vt 0.718242 0.281697
vt 0.836458 0.128795
vt 0.843099 0.151962
vt 0.519820 0.188576
vt 0.529656 0.166707
vt 0.532154 0.167041
vt 0.522322 0.188848
vt 0.965031 0.490400
vt 0.967080 0.490658
vt 0.968859 0.509491
vt 0.966810 0.509234
vt 0.249607 0.668549
vt 0.248055 0.669911
vt 0.969859 0.529849
vt 0.967810 0.529592
vt 0.969374 0.409748
vt 0.967462 0.409793
vt 0.979603 0.394859
vt 0.981654 0.395041
vt 0.966192 0.423526
vt 0.964219 0.423520
vt 0.966312 0.457396
vt 0.964358 0.457391
vt 0.964112 0.437059
vt 0.966046 0.437024
vt 0.852955 0.212215
vt 0.854586 0.185890
vt 0.418564 0.788460
vt 0.415692 0.805938
vt 0.414199 0.806118
vt 0.417363 0.788571
vt 0.412592 0.774091
vt 0.411184 0.774235
vt 0.908933 0.519768
vt 0.918985 0.527040
vt 0.906093 0.527040
vt 0.453480 0.868950
vt 0.452403 0.870063
vt 0.450455 0.869166
vt 0.451539 0.868070
vt 0.339826 0.757836
vt 0.338276 0.759317
vt 0.297365 0.741739
vt 0.298898 0.740479
vt 0.986779 0.385421
vt 0.988884 0.385752
vt 0.257372 0.686803
vt 0.258924 0.685441
vt 0.267138 0.698716
vt 0.265586 0.700078
vt 0.964402 0.474852
vt 0.966450 0.475109
vt 0.573761 0.098488
vt 0.562755 0.121529
vt 0.560739 0.120060
vt 0.571703 0.097134
vt 0.486982 0.087136
vt 0.473077 0.094098
vt 0.135410 0.039504
vt 0.152766 0.038552
vt 0.176608 0.029905
vt 0.431317 0.817863
vt 0.432658 0.817217
vt 0.443001 0.825891
vt 0.442033 0.826762
vt 0.397833 0.760312
vt 0.399882 0.760081
vt 0.406654 0.741555
vt 0.407992 0.741382
vt 0.130678 0.032281
vt 0.135392 0.023399
vt 0.955666 0.524991
vt 0.956324 0.527040
vt 0.943261 0.527040
vt 0.170150 0.037971
vt 0.856641 0.227615
vt 0.852919 0.218149
vt 0.477208 0.434692
vt 0.971784 0.540115
vt 0.970498 0.540912
vt 0.232430 0.639881
vt 0.233647 0.639881
vt 0.076218 0.181305
vt 0.105053 0.181305
vt 0.019208 0.181305
vt 0.047695 0.181305
vt 0.003325 0.181305
vt 0.983587 0.604707
vt 0.978287 0.580834
vt 0.979155 0.580658
vt 0.984456 0.604531
vt 0.973350 0.556576
vt 0.971912 0.548461
vt 0.972780 0.548285
vt 0.974219 0.556400
vt 0.988016 0.624536
vt 0.988884 0.624360
vt 0.156060 0.431610
vt 0.160354 0.419750
vt 0.162397 0.421031
vt 0.158197 0.432665
vt 0.853527 0.541209
vt 0.859204 0.541209
vt 0.700336 0.405883
vt 0.692520 0.405883
vt 0.692441 0.404833
vt 0.700646 0.404833
vt 0.667687 0.405883
vt 0.667699 0.404841
vt 0.708871 0.404717
vt 0.708338 0.405883
vt 0.642931 0.405883
vt 0.643264 0.404812
vt 0.622451 0.405883
vt 0.622914 0.404543
vt 0.621594 0.405883
vt 0.622065 0.404324
vt 0.337239 0.293193
vt 0.358862 0.288398
vt 0.359390 0.289984
vt 0.340725 0.294568
vt 0.265330 0.369517
vt 0.275267 0.355561
vt 0.278755 0.356395
vt 0.268537 0.370733
vt 0.325018 0.298885
vt 0.328060 0.300703
vt 0.253856 0.380569
vt 0.256955 0.382730
vt 0.284323 0.340939
vt 0.294808 0.321395
vt 0.296780 0.321885
vt 0.287791 0.341206
vt 0.367565 0.285824
vt 0.370528 0.286842
vt 0.307525 0.310882
vt 0.310310 0.312767
vt 0.232430 0.397095
vt 0.234825 0.395361
vt 0.237181 0.398087
vt 0.234739 0.399810
vt 0.851752 0.170654
vt 0.861549 0.308674
vt 0.861642 0.288377
vt 0.863601 0.288361
vt 0.863513 0.308645
vt 0.868548 0.360507
vt 0.868584 0.366421
vt 0.866932 0.367088
vt 0.866806 0.361002
vt 0.868298 0.288668
vt 0.868180 0.308998
vt 0.866222 0.308973
vt 0.866336 0.288583
vt 0.457802 0.065486
vt 0.283270 0.398418
vt 0.282942 0.399809
vt 0.315000 0.397923
vt 0.314685 0.399809
vt 0.285998 0.388203
vt 0.314729 0.388966
vt 0.296130 0.358345
vt 0.285389 0.372396
vt 0.317758 0.361455
vt 0.312985 0.372601
vt 0.311429 0.327127
vt 0.306410 0.343957
vt 0.327815 0.329474
vt 0.323283 0.347783
vt 0.368247 0.290076
vt 0.359106 0.292391
vt 0.346342 0.307215
vt 0.336781 0.312992
vt 0.323910 0.319632
vt 0.391182 0.290637
vt 0.389152 0.294581
vt 0.866821 0.274966
vt 0.863961 0.274885
vt 0.866461 0.329131
vt 0.866591 0.349191
vt 0.863930 0.348750
vt 0.863766 0.328741
vt 0.864359 0.366754
vt 0.864222 0.360625
vt 0.319839 0.025459
vt 0.305203 0.036847
vt 0.868475 0.275567
vt 0.862367 0.275306
vt 0.862612 0.270857
vt 0.864092 0.270298
vt 0.862291 0.360117
vt 0.861968 0.348693
vt 0.868428 0.329113
vt 0.868545 0.349083
vt 0.861802 0.328735
vt 0.867004 0.023425
vt 0.880695 0.012889
vt 0.835805 0.063867
vt 0.850495 0.036131
vt 0.830818 0.087321
vt 0.832287 0.109454
vt 0.849856 0.207494
vt 0.870723 0.510065
vt 0.847516 0.194806
vt 0.877299 0.493463
vt 0.899443 0.441126
vt 0.861645 0.238926
vt 0.843648 0.174793
vt 0.371314 0.003325
vt 0.337491 0.011720
vt 0.403410 0.005366
vt 0.426914 0.014552
vt 0.442299 0.024899
vt 0.501647 0.245872
vt 0.500449 0.262149
vt 0.488316 0.086460
vt 0.491845 0.095207
vt 0.484176 0.077970
vt 0.479010 0.069468
vt 0.504422 0.128056
vt 0.506904 0.147594
vt 0.506904 0.199642
vt 0.503988 0.222478
vt 0.506872 0.173334
vt 0.495961 0.106680
vt 0.499047 0.273079
vt 0.874061 0.256398
vt 0.469355 0.056175
vt 0.718736 0.395021
vt 0.703820 0.395066
vt 0.703827 0.376535
vt 0.718743 0.376542
vt 0.660659 0.974067
vt 0.658873 0.973823
vt 0.664895 0.862462
vt 0.664940 0.894999
vt 0.661753 0.894853
vt 0.661880 0.861353
vt 0.664259 0.919716
vt 0.661296 0.920295
vt 0.638898 0.975459
vt 0.640711 0.975460
vt 0.641361 0.804649
vt 0.643419 0.804467
vt 0.165874 0.949811
vt 0.145916 0.950459
vt 0.910047 0.411464
vt 0.890092 0.412196
vt 0.930002 0.410733
vt 0.923150 0.410984
vt 0.703827 0.397435
vt 0.683863 0.397495
vt 0.683856 0.395126
vt 0.131005 0.950944
vt 0.630826 0.376503
vt 0.663892 0.395186
vt 0.643927 0.395246
vt 0.643935 0.376509
vt 0.663899 0.376518
vt 0.683863 0.376526
vt 0.663899 0.397555
vt 0.643935 0.397615
vt 0.718743 0.397390
vt 0.862433 0.366037
vt 0.614944 0.005478
vt 0.609354 0.021988
vt 0.606856 0.022293
vt 0.612393 0.005960
vt 0.125315 0.040135
vt 0.111174 0.056457
vt 0.119344 0.047458
vt 0.583127 0.060420
vt 0.588584 0.049049
vt 0.590594 0.050659
vt 0.585116 0.062043
vt 0.044405 0.121194
vt 0.062622 0.102553
vt 0.030264 0.139155
vt 0.513554 0.213110
vt 0.513810 0.204085
vt 0.516321 0.203909
vt 0.514394 0.213110
vt 0.141243 0.007809
vt 0.540771 0.164660
vt 0.549376 0.143528
vt 0.590310 0.060177
vt 0.603277 0.031566
vt 0.520486 0.213110
vt 0.575067 0.082673
vt 0.580455 0.080397
vt 0.551331 0.145042
vt 0.523423 0.213110
vt 0.542707 0.166254
vt 0.605408 0.004259
vt 0.611846 0.003325
vt 0.572979 0.081292
vt 0.605804 0.031577
vt 0.582781 0.081339
vt 0.592833 0.060773
vt 0.173836 0.796895
vt 0.174582 0.777282
vt 0.176367 0.778363
vt 0.175657 0.797830
vt 0.180598 0.951832
vt 0.180237 0.971100
vt 0.868584 0.271140
vt 0.866996 0.270369
vt 0.129682 0.172672
vt 0.126683 0.181305
vt 0.156776 0.465681
vt 0.153034 0.485990
vt 0.150881 0.484902
vt 0.154574 0.464679
vt 0.171402 0.410314
vt 0.169097 0.410248
vt 0.179264 0.387637
vt 0.174999 0.399845
vt 0.172675 0.399985
vt 0.176918 0.387990
vt 0.173632 0.929919
vt 0.175336 0.930191
vt 0.172732 0.865025
vt 0.172524 0.839851
vt 0.174427 0.840357
vt 0.174699 0.865001
vt 0.181452 0.929782
vt 0.182963 0.951667
vt 0.180265 0.929612
vt 0.172991 0.896412
vt 0.174818 0.896558
vt 0.182962 0.777323
vt 0.182081 0.796865
vt 0.180205 0.797717
vt 0.181082 0.778278
vt 0.163707 0.410220
vt 0.165633 0.411609
vt 0.133712 0.527079
vt 0.138095 0.507412
vt 0.140525 0.507240
vt 0.136150 0.526829
vt 0.167302 0.399850
vt 0.169105 0.401384
vt 0.177728 0.367280
vt 0.182196 0.365936
vt 0.183075 0.368273
vt 0.178613 0.369634
vt 0.137312 0.567714
vt 0.135164 0.567714
vt 0.130053 0.558557
vt 0.132460 0.546220
vt 0.154012 0.449353
vt 0.157202 0.451571
vt 0.149952 0.465589
vt 0.129213 0.567714
vt 0.173065 0.389363
vt 0.151664 0.448802
vt 0.145418 0.485898
vt 0.142980 0.486001
vt 0.147593 0.465532
vt 0.171340 0.387691
vt 0.176912 0.367909
vt 0.159405 0.452160
vt 0.185442 0.367759
vt 0.128046 0.567714
vt 0.127704 0.559416
vt 0.130091 0.546649
vt 0.179899 0.896291
vt 0.179781 0.864844
vt 0.179521 0.840040
vt 0.175095 0.820388
vt 0.179739 0.820104
vt 0.181656 0.819410
vt 0.181833 0.896272
vt 0.176329 0.776246
vt 0.181045 0.776143
vt 0.173189 0.819594
vt 0.181774 0.864845
vt 0.181465 0.839555
vt 0.643579 0.802485
vt 0.661275 0.803221
vt 0.715578 0.874111
vt 0.672684 0.852327
vt 0.476080 0.249555
vt 0.479720 0.238211
vt 0.470559 0.229570
vt 0.466527 0.239770
vt 0.456573 0.229575
vt 0.461780 0.220696
vt 0.454030 0.212430
vt 0.447740 0.220527
vt 0.440598 0.213212
vt 0.447973 0.205027
vt 0.441846 0.197329
vt 0.433639 0.206085
vt 0.426537 0.198810
vt 0.435098 0.189363
vt 0.421665 0.193820
vt 0.430958 0.184622
vt 0.478482 0.143207
vt 0.476339 0.136820
vt 0.467560 0.156147
vt 0.465378 0.148814
vt 0.456513 0.167612
vt 0.453663 0.161251
vt 0.445744 0.178813
vt 0.442023 0.173184
vt 0.483367 0.174983
vt 0.481280 0.158539
vt 0.473905 0.181514
vt 0.471085 0.168673
vt 0.465050 0.188201
vt 0.461206 0.178241
vt 0.456466 0.196278
vt 0.451481 0.187869
vt 0.482783 0.224288
vt 0.484437 0.208655
vt 0.484771 0.191887
vt 0.474224 0.217951
vt 0.476468 0.206369
vt 0.475919 0.194161
vt 0.467187 0.212220
vt 0.470291 0.204862
vt 0.468075 0.197427
vt 0.461461 0.204243
vt 0.592515 0.386032
vt 0.594470 0.384392
vt 0.597960 0.393344
vt 0.596070 0.395051
vt 0.599330 0.404792
vt 0.601165 0.402989
vt 0.605955 0.419326
vt 0.604137 0.421177
vt 0.819978 0.850699
vt 0.817644 0.830118
vt 0.823630 0.830278
vt 0.826003 0.850863
vt 0.921489 0.534692
vt 0.943753 0.535484
vt 0.945335 0.545710
vt 0.923980 0.545604
vt 0.029082 0.722511
vt 0.032367 0.705149
vt 0.037372 0.717908
vt 0.036693 0.723601
vt 0.602126 0.385670
vt 0.599600 0.385965
vt 0.595655 0.377305
vt 0.598174 0.376802
vt 0.183547 0.307728
vt 0.191824 0.316903
vt 0.180800 0.317210
vt 0.172472 0.308046
vt 0.198577 0.324431
vt 0.187463 0.324721
vt 0.267003 0.225133
vt 0.268591 0.223648
vt 0.282471 0.235173
vt 0.280827 0.236472
vt 0.148302 0.627910
vt 0.146177 0.629084
vt 0.142397 0.609081
vt 0.144574 0.607904
vt 0.931389 0.619594
vt 0.927383 0.600745
vt 0.935010 0.599970
vt 0.938548 0.617243
vt 0.080790 0.277980
vt 0.093564 0.278356
vt 0.107263 0.291112
vt 0.095593 0.290539
vt 0.878521 0.608807
vt 0.884745 0.606473
vt 0.893084 0.624958
vt 0.887249 0.627149
vt 0.284329 0.237057
vt 0.294216 0.229173
vt 0.306153 0.235248
vt 0.297101 0.246872
vt 0.495597 0.318861
vt 0.487104 0.329307
vt 0.474953 0.325494
vt 0.481902 0.314701
vt 0.683604 0.753891
vt 0.674971 0.746313
vt 0.682853 0.738023
vt 0.688013 0.749505
vt 0.854022 0.543068
vt 0.859716 0.542743
vt 0.863716 0.555314
vt 0.857868 0.558185
vt 0.398820 0.277173
vt 0.396194 0.264370
vt 0.419257 0.266439
vt 0.424937 0.277927
vt 0.694088 0.758642
vt 0.704699 0.759722
vt 0.703432 0.772780
vt 0.692081 0.763451
vt 0.442962 0.350645
vt 0.458361 0.355180
vt 0.460159 0.374689
vt 0.441521 0.373688
vt 0.447825 0.275345
vt 0.440616 0.266487
vt 0.460258 0.264740
vt 0.471236 0.273320
vt 0.168216 0.715469
vt 0.165838 0.715744
vt 0.161843 0.703956
vt 0.164217 0.703667
vt 0.948839 0.599644
vt 0.949899 0.616060
vt 0.434960 0.389504
vt 0.452389 0.390174
vt 0.443371 0.405798
vt 0.426098 0.404837
vt 0.486988 0.272350
vt 0.475317 0.262949
vt 0.446691 0.422306
vt 0.419185 0.418417
vt 0.444278 0.433333
vt 0.400171 0.432909
vt 0.322057 0.260262
vt 0.328674 0.246196
vt 0.338734 0.246843
vt 0.333458 0.264591
vt 0.353045 0.252510
vt 0.360298 0.258942
vt 0.354177 0.273484
vt 0.673470 0.720721
vt 0.659417 0.738346
vt 0.779681 0.696283
vt 0.779681 0.716586
vt 0.768987 0.719153
vt 0.766822 0.699584
vt 0.779369 0.741023
vt 0.768917 0.740940
vt 0.928506 0.563830
vt 0.945757 0.565299
vt 0.947644 0.582199
vt 0.931208 0.581626
vt 0.923041 0.580686
vt 0.919155 0.562495
vt 0.373266 0.276389
vt 0.374535 0.262552
vt 0.913066 0.544958
vt 0.475873 0.342928
vt 0.458269 0.339508
vt 0.750918 0.721710
vt 0.750229 0.741601
vt 0.734410 0.743128
vt 0.733284 0.725217
vt 0.750382 0.763386
vt 0.734860 0.762169
vt 0.551226 0.304298
vt 0.553641 0.303554
vt 0.565601 0.326638
vt 0.563314 0.327578
vt 0.712974 0.712303
vt 0.731658 0.708903
vt 0.716057 0.728024
vt 0.768358 0.764838
vt 0.750001 0.780633
vt 0.767931 0.776121
vt 0.734702 0.774002
vt 0.778561 0.774003
vt 0.778331 0.781681
vt 0.767552 0.786067
vt 0.491094 0.297405
vt 0.484503 0.294620
vt 0.718404 0.744160
vt 0.701846 0.746185
vt 0.698257 0.731643
vt 0.719717 0.760780
vt 0.719752 0.770861
vt 0.719720 0.779757
vt 0.702787 0.784046
vt 0.533826 0.237940
vt 0.531489 0.239035
vt 0.525527 0.223882
vt 0.527332 0.222259
vt 0.748820 0.704160
vt 0.693489 0.717177
vt 0.669060 0.715247
vt 0.684098 0.702645
vt 0.470885 0.357549
vt 0.476261 0.374584
vt 0.652752 0.735977
vt 0.410968 0.728911
vt 0.410333 0.728891
vt 0.495384 0.291280
vt 0.500711 0.301995
vt 0.490839 0.288627
vt 0.485822 0.285824
vt 0.309888 0.530239
vt 0.308368 0.528840
vt 0.326918 0.524115
vt 0.328414 0.525660
vt 0.502524 0.320970
vt 0.496141 0.333782
vt 0.486514 0.343852
vt 0.148153 0.238735
vt 0.157754 0.258087
vt 0.141778 0.258579
vt 0.131305 0.239656
vt 0.763943 0.860365
vt 0.744392 0.868128
vt 0.743532 0.862369
vt 0.759967 0.855243
vt 0.060328 0.203111
vt 0.071920 0.224518
vt 0.046774 0.223739
vt 0.034419 0.203844
vt 0.289977 0.549982
vt 0.277039 0.566217
vt 0.275495 0.564861
vt 0.288447 0.548686
vt 0.141012 0.331033
vt 0.158778 0.332039
vt 0.164659 0.341122
vt 0.146142 0.340000
vt 0.539503 0.280716
vt 0.541907 0.280193
vt 0.140953 0.588594
vt 0.138902 0.589837
vt 0.137063 0.577626
vt 0.138951 0.576115
vt 0.362247 0.944928
vt 0.361156 0.923401
vt 0.381322 0.923617
vt 0.382449 0.944615
vt 0.310476 0.879083
vt 0.313500 0.880173
vt 0.313513 0.914971
vt 0.310643 0.915554
vt 0.788471 0.850090
vt 0.786385 0.829335
vt 0.806219 0.829836
vt 0.808469 0.850378
vt 0.349054 0.945386
vt 0.347903 0.923161
vt 0.202106 0.342453
vt 0.212713 0.359286
vt 0.192484 0.358860
vt 0.183309 0.341985
vt 0.172461 0.357665
vt 0.152655 0.355983
vt 0.152262 0.277746
vt 0.132652 0.278138
vt 0.120009 0.259697
vt 0.471940 0.389613
vt 0.460415 0.405123
vt 0.778824 0.765764
vt 0.083603 0.242199
vt 0.059934 0.241825
vt 0.006949 0.190882
vt 0.026156 0.191111
vt 0.016921 0.204423
vt 0.052999 0.190395
vt 0.113042 0.278575
vt 0.098309 0.260465
vt 0.214210 0.342297
vt 0.225780 0.358897
vt 0.253830 0.208771
vt 0.269212 0.200944
vt 0.280792 0.215239
vt 0.046639 0.658979
vt 0.052294 0.662764
vt 0.044089 0.687683
vt 0.041191 0.672816
vt 0.822975 0.868328
vt 0.828988 0.868425
vt 0.311158 0.783090
vt 0.313720 0.781561
vt 0.313660 0.802289
vt 0.310836 0.803538
vt 0.244226 0.192897
vt 0.262808 0.185455
vt 0.819187 0.811696
vt 0.825980 0.811984
vt 0.165980 0.277220
vt 0.364378 0.963132
vt 0.384646 0.962859
vt 0.791511 0.868168
vt 0.811473 0.868142
vt 0.786331 0.810479
vt 0.806202 0.811139
vt 0.236082 0.169900
vt 0.259075 0.166347
vt 0.351277 0.963901
vt 0.313902 0.821033
vt 0.310902 0.821664
vt 0.819550 0.786628
vt 0.826360 0.786876
vt 0.361569 0.903890
vt 0.381745 0.904499
vt 0.346476 0.903447
vt 0.310288 0.846520
vt 0.313500 0.846645
vt 0.820293 0.754549
vt 0.827129 0.754807
vt 0.362314 0.878378
vt 0.382414 0.879290
vt 0.786637 0.785435
vt 0.806529 0.786155
vt 0.234929 0.139644
vt 0.259985 0.144302
vt 0.335469 0.935937
vt 0.333486 0.936224
vt 0.334468 0.914884
vt 0.337310 0.915365
vt 0.821396 0.719775
vt 0.828246 0.720055
vt 0.363065 0.846242
vt 0.383082 0.847108
vt 0.787295 0.753286
vt 0.807220 0.754056
vt 0.243826 0.106722
vt 0.265048 0.120591
vt 0.347293 0.877660
vt 0.397832 0.879091
vt 0.400201 0.879082
vt 0.400209 0.897887
vt 0.397877 0.897596
vt 0.364049 0.811565
vt 0.384005 0.812296
vt 0.788342 0.718426
vt 0.808294 0.719240
vt 0.257740 0.089635
vt 0.269272 0.075468
vt 0.282876 0.089788
vt 0.272723 0.105937
vt 0.348124 0.845612
vt 0.336497 0.803611
vt 0.333705 0.802586
vt 0.332387 0.782827
vt 0.335038 0.784002
vt 0.076760 0.260388
vt 0.726133 0.875437
vt 0.728381 0.868001
vt 0.742794 0.840260
vt 0.760880 0.832647
vt 0.349140 0.811019
vt 0.125488 0.291721
vt 0.143675 0.292163
vt 0.155415 0.308012
vt 0.138262 0.307410
vt 0.121118 0.306547
vt 0.140490 0.220679
vt 0.122853 0.222157
vt 0.873694 0.626060
vt 0.864465 0.611048
vt 0.877116 0.609331
vt 0.885925 0.627646
vt 0.881303 0.652875
vt 0.878575 0.637477
vt 0.894593 0.649392
vt 0.407063 0.876733
vt 0.407056 0.879103
vt 0.400209 0.876713
vt 0.080870 0.190470
vt 0.108995 0.190357
vt 0.114480 0.202941
vt 0.087308 0.203207
vt 0.855993 0.594624
vt 0.848580 0.578488
vt 0.863335 0.575673
vt 0.869830 0.592048
vt 0.161823 0.292211
vt 0.743584 0.817195
vt 0.761025 0.808140
vt 0.312864 0.240410
vt 0.305205 0.252240
vt 0.012800 0.763995
vt 0.007550 0.783152
vt 0.005849 0.782270
vt 0.011323 0.763131
vt 0.005196 0.808351
vt 0.003325 0.808072
vt 0.011747 0.838310
vt 0.010189 0.839339
vt 0.028214 0.868086
vt 0.027013 0.869525
vt 0.045495 0.881234
vt 0.059826 0.892136
vt 0.058909 0.893737
vt 0.044449 0.882761
vt 0.895488 0.647894
vt 0.018545 0.741868
vt 0.026227 0.724807
vt 0.027775 0.725085
vt 0.019927 0.742409
vt 0.232950 0.638527
vt 0.237181 0.627498
vt 0.238733 0.628860
vt 0.234203 0.638675
vt 0.450897 0.622654
vt 0.449967 0.621696
vt 0.452969 0.602849
vt 0.453915 0.603734
vt 0.864704 0.575058
vt 0.871200 0.591483
vt 0.174459 0.292254
vt 0.034605 0.693852
vt 0.037944 0.712686
vt 0.766215 0.831089
vt 0.765633 0.858430
vt 0.107388 0.241461
vt 0.471474 0.422716
vt 0.986237 0.659987
vt 0.988665 0.659631
vt 0.988961 0.678808
vt 0.986554 0.678870
vt 0.723911 0.823366
vt 0.742435 0.812896
vt 0.728147 0.825582
vt 0.722891 0.873406
vt 0.722228 0.849364
vt 0.727627 0.848372
vt 0.764727 0.802485
vt 0.856555 0.558825
vt 0.841251 0.561372
vt 0.133869 0.201929
vt 0.836484 0.543404
vt 0.852740 0.543129
vt 0.956545 0.598794
vt 0.955513 0.581644
vt 0.953734 0.565077
vt 0.957462 0.615079
vt 0.951184 0.623570
vt 0.936683 0.624536
vt 0.953726 0.547070
vt 0.058978 0.641892
vt 0.064387 0.647260
vt 0.668347 0.751542
vt 0.649078 0.751073
vt 0.205880 0.332667
vt 0.194439 0.332914
vt 0.146503 0.316617
vt 0.129325 0.315698
vt 0.163698 0.317185
vt 0.476581 0.433380
vt 0.680526 0.758609
vt 0.690154 0.768108
vt 0.637918 0.755172
vt 0.749663 0.795835
vt 0.734565 0.784436
vt 0.026792 0.745101
vt 0.020150 0.768267
vt 0.519820 0.237644
vt 0.522322 0.237371
vt 0.532154 0.259179
vt 0.529656 0.259513
vt 0.949786 0.137461
vt 0.951566 0.118627
vt 0.953615 0.118370
vt 0.951835 0.137203
vt 0.248054 0.609851
vt 0.249606 0.611213
vt 0.952565 0.098269
vt 0.954614 0.098012
vt 0.954129 0.218112
vt 0.966409 0.232819
vt 0.964358 0.233001
vt 0.952217 0.218066
vt 0.948974 0.204340
vt 0.950947 0.204334
vt 0.951067 0.170464
vt 0.950802 0.190835
vt 0.948867 0.190801
vt 0.949113 0.170469
vt 0.036647 0.684847
vt 0.038278 0.711172
vt 0.418564 0.671818
vt 0.417362 0.671707
vt 0.414198 0.654160
vt 0.415691 0.654339
vt 0.412591 0.686188
vt 0.411184 0.686044
vt 0.908933 0.534313
vt 0.453480 0.591323
vt 0.451539 0.592203
vt 0.450454 0.591107
vt 0.452402 0.590210
vt 0.338276 0.520444
vt 0.339826 0.521926
vt 0.297364 0.538022
vt 0.298897 0.539283
vt 0.971535 0.242440
vt 0.973640 0.242108
vt 0.257372 0.592959
vt 0.265586 0.579684
vt 0.267138 0.581046
vt 0.258924 0.594321
vt 0.949157 0.153009
vt 0.951206 0.152752
vt 0.573761 0.327731
vt 0.571703 0.329085
vt 0.560739 0.306159
vt 0.562755 0.304690
vt 0.320738 0.242827
vt 0.313446 0.256562
vt 0.152766 0.324059
vt 0.135410 0.323107
vt 0.176608 0.332706
vt 0.431317 0.642413
vt 0.442033 0.633513
vt 0.443001 0.634385
vt 0.432657 0.643059
vt 0.397832 0.699968
vt 0.399881 0.700199
vt 0.406654 0.718726
vt 0.407992 0.718899
vt 0.130678 0.330330
vt 0.135391 0.339212
vt 0.955666 0.529090
vt 0.170150 0.324640
vt 0.036612 0.678913
vt 0.040333 0.669447
vt 0.955253 0.086949
vt 0.956540 0.087746
vt 0.968342 0.023154
vt 0.969211 0.023331
vt 0.963911 0.047203
vt 0.963042 0.047027
vt 0.958106 0.071285
vt 0.958975 0.071461
vt 0.957536 0.079576
vt 0.956667 0.079400
vt 0.972771 0.003325
vt 0.973640 0.003501
vt 0.156060 0.703818
vt 0.158197 0.702763
vt 0.162397 0.714397
vt 0.160354 0.715679
vt 0.700646 0.406933
vt 0.692441 0.406933
vt 0.667699 0.406926
vt 0.708871 0.407049
vt 0.643264 0.406954
vt 0.622914 0.407223
vt 0.622065 0.407442
vt 0.337240 0.506425
vt 0.340725 0.505050
vt 0.359391 0.509634
vt 0.358863 0.511220
vt 0.265330 0.430102
vt 0.268537 0.428886
vt 0.278755 0.443224
vt 0.275267 0.444058
vt 0.325018 0.500734
vt 0.328061 0.498915
vt 0.253856 0.419050
vt 0.256955 0.416889
vt 0.284324 0.458680
vt 0.287791 0.458413
vt 0.296781 0.477733
vt 0.294809 0.478224
vt 0.370529 0.512776
vt 0.367565 0.513794
vt 0.307525 0.488737
vt 0.310310 0.486851
vt 0.232430 0.402524
vt 0.237181 0.401532
vt 0.234825 0.404258
vt 0.035445 0.726408
vt 0.847865 0.328712
vt 0.849828 0.328741
vt 0.849917 0.349025
vt 0.847958 0.349008
vt 0.854864 0.276879
vt 0.853122 0.276384
vt 0.853248 0.270298
vt 0.854900 0.270965
vt 0.854613 0.348718
vt 0.852652 0.348802
vt 0.852538 0.328413
vt 0.854495 0.328387
vt 0.292500 0.226870
vt 0.283270 0.401201
vt 0.315000 0.401695
vt 0.285998 0.411416
vt 0.314729 0.410653
vt 0.285389 0.427223
vt 0.296131 0.441274
vt 0.312985 0.427017
vt 0.317758 0.438164
vt 0.306411 0.455662
vt 0.311429 0.472491
vt 0.323283 0.451835
vt 0.327815 0.470144
vt 0.368248 0.509542
vt 0.359107 0.507227
vt 0.346342 0.492403
vt 0.336782 0.486626
vt 0.323911 0.479986
vt 0.389152 0.505037
vt 0.391182 0.508981
vt 0.853137 0.362420
vt 0.850277 0.362501
vt 0.852777 0.308255
vt 0.850082 0.308645
vt 0.850245 0.288636
vt 0.852906 0.288195
vt 0.850538 0.276761
vt 0.850675 0.270632
vt 0.255792 0.087987
vt 0.267527 0.073628
vt 0.854791 0.361819
vt 0.848683 0.362080
vt 0.850408 0.367088
vt 0.848928 0.366529
vt 0.848607 0.277269
vt 0.848284 0.288693
vt 0.854744 0.308273
vt 0.854861 0.288303
vt 0.848118 0.308651
vt 0.050696 0.873637
vt 0.064387 0.884173
vt 0.019497 0.833195
vt 0.034187 0.860932
vt 0.014510 0.809741
vt 0.015979 0.787609
vt 0.033548 0.689568
vt 0.870723 0.572353
vt 0.031208 0.702256
vt 0.877299 0.588956
vt 0.899443 0.641293
vt 0.045337 0.658136
vt 0.027341 0.722270
vt 0.232430 0.138916
vt 0.241634 0.105304
vt 0.233701 0.171052
vt 0.242321 0.194771
vt 0.252297 0.210399
vt 0.471785 0.275027
vt 0.488086 0.274218
vt 0.312738 0.257879
vt 0.321398 0.261617
vt 0.304349 0.253536
vt 0.295974 0.248168
vt 0.353937 0.274978
vt 0.373409 0.277927
vt 0.425442 0.279174
vt 0.448342 0.276806
vt 0.399143 0.278512
vt 0.332769 0.266006
vt 0.057753 0.640664
vt 0.282915 0.238197
vt 0.494973 0.879366
vt 0.494981 0.897846
vt 0.480065 0.897852
vt 0.480057 0.879322
vt 0.331244 0.767604
vt 0.333029 0.767359
vt 0.337265 0.878965
vt 0.334251 0.880074
vt 0.334123 0.846574
vt 0.337310 0.846428
vt 0.336629 0.821711
vt 0.333666 0.821132
vt 0.311268 0.765968
vt 0.313081 0.765967
vt 0.315789 0.936960
vt 0.313732 0.936778
vt 0.364688 0.789585
vt 0.384646 0.790233
vt 0.789078 0.696283
vt 0.809033 0.697015
vt 0.822136 0.697495
vt 0.828988 0.697746
vt 0.480065 0.876952
vt 0.460093 0.879262
vt 0.460101 0.876893
vt 0.349777 0.789100
vt 0.407063 0.897884
vt 0.440129 0.879202
vt 0.440137 0.897870
vt 0.420173 0.897879
vt 0.420165 0.879142
vt 0.460101 0.897861
vt 0.440137 0.876833
vt 0.420173 0.876773
vt 0.494981 0.876997
vt 0.848749 0.271349
vt 0.614944 0.420741
vt 0.612393 0.420259
vt 0.606856 0.403926
vt 0.609354 0.404231
vt 0.125315 0.322476
vt 0.119344 0.315153
vt 0.111174 0.306153
vt 0.583126 0.365800
vt 0.585116 0.364176
vt 0.590594 0.375560
vt 0.588584 0.377170
vt 0.062622 0.260057
vt 0.044406 0.241416
vt 0.030264 0.223455
vt 0.516321 0.222311
vt 0.513810 0.222134
vt 0.141243 0.354802
vt 0.540770 0.261559
vt 0.549376 0.282691
vt 0.590309 0.366042
vt 0.603277 0.394653
vt 0.580455 0.345823
vt 0.575067 0.343546
vt 0.551331 0.281177
vt 0.542707 0.259965
vt 0.605408 0.421961
vt 0.611846 0.422895
vt 0.572979 0.344928
vt 0.605804 0.394643
vt 0.582780 0.344880
vt 0.592833 0.365446
vt 0.987549 0.833730
vt 0.989370 0.832795
vt 0.990079 0.852261
vt 0.988295 0.853342
vt 0.993950 0.659524
vt 0.994310 0.678792
vt 0.854900 0.366246
vt 0.853312 0.367017
vt 0.129682 0.189939
vt 0.156776 0.669747
vt 0.154574 0.670750
vt 0.150881 0.650526
vt 0.153034 0.649439
vt 0.171401 0.725115
vt 0.169097 0.725180
vt 0.179263 0.747792
vt 0.176917 0.747438
vt 0.172675 0.735444
vt 0.174999 0.735583
vt 0.989049 0.700434
vt 0.987344 0.700706
vt 0.986444 0.765600
vt 0.988412 0.765624
vt 0.988140 0.790268
vt 0.986237 0.790774
vt 0.995165 0.700843
vt 0.993977 0.701012
vt 0.996675 0.678958
vt 0.986704 0.734212
vt 0.988531 0.734067
vt 0.996675 0.853302
vt 0.994795 0.852347
vt 0.993918 0.832908
vt 0.995794 0.833759
vt 0.165633 0.723819
vt 0.163707 0.725209
vt 0.133712 0.608349
vt 0.136150 0.608600
vt 0.140525 0.628188
vt 0.138095 0.628016
vt 0.169105 0.734044
vt 0.167302 0.735578
vt 0.177728 0.768149
vt 0.178613 0.765794
vt 0.183075 0.767155
vt 0.182196 0.769493
vt 0.130053 0.576871
vt 0.132460 0.589208
vt 0.154012 0.686075
vt 0.149952 0.669840
vt 0.157202 0.683858
vt 0.173065 0.746066
vt 0.151664 0.686627
vt 0.145417 0.649530
vt 0.142980 0.649427
vt 0.147593 0.669896
vt 0.171340 0.747738
vt 0.176912 0.767519
vt 0.159405 0.683268
vt 0.185442 0.767669
vt 0.127704 0.576013
vt 0.130091 0.588779
vt 0.993611 0.734334
vt 0.993493 0.765781
vt 0.993234 0.790585
vt 0.988808 0.810237
vt 0.993451 0.810521
vt 0.995369 0.811215
vt 0.995546 0.734352
vt 0.990042 0.854378
vt 0.994758 0.854482
vt 0.986901 0.811031
vt 0.995487 0.765780
vt 0.995177 0.791070
vt 0.333646 0.938206
vt 0.315949 0.938942
vt 0.766215 0.803811
vt 0.723321 0.825595
vt 0.464653 0.252922
vt 0.456233 0.243556
vt 0.447572 0.234567
vt 0.439494 0.226622
vt 0.432239 0.220389
vt 0.424690 0.214080
vt 0.416888 0.207142
vt 0.412247 0.202889
vt 0.363371 0.247112
vt 0.369705 0.249408
vt 0.375624 0.236441
vt 0.382903 0.238799
vt 0.388339 0.225028
vt 0.394629 0.228030
vt 0.400547 0.213677
vt 0.406085 0.217532
vt 0.384965 0.252573
vt 0.401355 0.255053
vt 0.395341 0.242623
vt 0.408111 0.245750
vt 0.405143 0.232976
vt 0.415008 0.237057
vt 0.415001 0.223485
vt 0.423288 0.228670
vt 0.450660 0.255651
vt 0.434992 0.256930
vt 0.418220 0.256861
vt 0.444530 0.246942
vt 0.432897 0.248908
vt 0.420706 0.248067
vt 0.438969 0.239770
vt 0.431539 0.242697
vt 0.424159 0.240303
vt 0.431132 0.233855
vn 0.2961 -0.7787 -0.5531
vn 0.1827 -0.8975 -0.4013
vn 0.9909 -0.1332 -0.0168
vn 0.1869 0.0401 0.9816
vn 0.5347 0.6165 0.5779
vn -0.3290 0.7329 0.5954
vn 0.9192 -0.0268 0.3928
vn 0.9516 -0.0391 0.3050
vn 0.2200 -0.9671 -0.1276
vn -0.2277 0.9115 0.3426
vn -0.1421 0.8877 0.4379
vn 0.7104 -0.0082 0.7037
vn -0.1829 0.9813 0.0605
vn 0.2487 -0.8665 -0.4329
vn 0.8909 0.2047 0.4054
vn 0.6942 0.0517 0.7179
vn -0.2158 0.9764 -0.0082
vn 0.4438 -0.6886 -0.5734
vn 0.5316 0.1353 0.8361
vn 0.4878 0.1598 0.8582
vn 0.3646 -0.7403 -0.5648
vn -0.4222 0.7051 0.5697
vn 0.5565 0.0009 0.8308
vn 0.4457 0.1687 0.8791
vn 0.2715 -0.7667 -0.5817
vn 0.5103 0.1492 0.8470
vn 0.3683 0.1718 0.9137
vn 0.4181 -0.6092 -0.6738
vn 0.3420 -0.6950 -0.6324
vn 0.8337 0.0569 0.5492
vn 0.3014 0.0911 0.9491
vn 0.2732 0.1126 0.9553
vn 0.4596 0.0347 0.8875
vn 0.4908 0.0495 0.8699
vn 0.0216 0.7827 0.6220
vn 0.4903 0.1796 0.8529
vn 0.4478 -0.6639 -0.5989
vn 0.5513 0.0095 0.8342
vn 0.0787 0.7798 0.6211
vn 0.4047 -0.7253 -0.5569
vn 0.6450 0.1015 0.7575
vn 0.4407 0.0770 0.8943
vn 0.4422 0.1200 0.8888
vn 0.3787 -0.6512 -0.6577
vn 0.5193 0.0889 0.8499
vn 0.4432 0.0899 0.8919
vn 0.4232 0.1216 0.8978
vn 0.4375 0.1622 0.8845
vn 0.4360 0.1696 0.8838
vn 0.2913 0.1502 0.9448
vn 0.9616 0.1803 0.2067
vn 0.5575 0.0922 0.8250
vn 0.5474 0.1007 0.8308
vn 0.5304 0.1450 0.8352
vn -0.2292 0.7372 0.6357
vn 0.4367 0.0948 0.8946
vn 0.5203 0.0917 0.8490
vn 0.5170 0.1096 0.8490
vn 0.2470 -0.8370 -0.4883
vn 0.6467 0.0768 0.7588
vn 0.6815 0.1260 0.7209
vn 0.5180 0.1491 0.8423
vn 0.8603 0.1505 0.4870
vn 0.5747 0.0594 0.8162
vn 0.4470 -0.0946 0.8895
vn 0.9338 0.2208 0.2814
vn 0.9457 0.2094 0.2485
vn 0.0680 -0.9891 0.1304
vn 0.5965 0.1097 0.7951
vn 0.7891 0.1552 0.5943
vn 0.7463 0.1572 0.6468
vn 0.6812 0.1788 0.7099
vn 0.5814 -0.0604 0.8114
vn 0.6040 -0.7396 0.2969
vn 0.5538 -0.0704 0.8296
vn -0.5823 -0.5755 0.5742
vn 0.5361 0.0823 0.8401
vn 0.9879 -0.1450 0.0544
vn 0.3668 -0.6723 -0.6430
vn -0.1928 0.9341 0.3005
vn 0.9942 -0.0180 -0.1057
vn 0.0117 0.9999 -0.0112
vn 0.9982 -0.0507 -0.0320
vn 0.9872 0.0615 -0.1473
vn 0.9969 -0.0678 -0.0401
vn 0.9915 -0.1238 -0.0391
vn 0.5901 -0.0623 0.8049
vn 0.4411 0.1848 0.8782
vn 0.2792 0.1266 0.9519
vn 0.5347 -0.0445 0.8439
vn 0.5288 0.0406 0.8478
vn 0.5674 -0.0498 0.8220
vn 0.5971 -0.0397 0.8012
vn 0.9992 -0.0393 -0.0104
vn 0.2179 -0.9665 -0.1357
vn 0.3232 0.5838 0.7447
vn 0.9860 -0.1545 0.0631
vn 0.0827 0.9913 0.1024
vn 0.1679 -0.9858 -0.0074
vn 0.9795 -0.0807 -0.1848
vn 0.5796 -0.0764 0.8113
vn 0.9978 -0.0620 -0.0237
vn 0.9962 -0.0837 0.0258
vn 0.9645 -0.0347 -0.2618
vn 0.0839 -0.9949 -0.0568
vn 0.9991 -0.0076 -0.0416
vn 0.0291 0.9994 0.0166
vn 0.9167 -0.0334 -0.3983
vn 0.9602 0.0216 -0.2785
vn 0.9639 0.0668 -0.2576
vn 0.0190 0.9998 0.0006
vn 0.7512 -0.0138 -0.6599
vn 0.9076 0.0245 -0.4191
vn 0.9099 -0.0254 -0.4141
vn 0.0601 -0.9957 -0.0705
vn 0.0043 -1.0000 -0.0086
vn 0.5184 0.0009 -0.8552
vn 0.7339 0.0154 -0.6791
vn 0.7387 -0.0107 -0.6740
vn 0.0464 -0.9959 -0.0777
vn 0.9096 0.0330 -0.4141
vn 0.0001 -1.0000 -0.0004
vn 0.5130 0.0064 -0.8584
vn 0.5141 0.0008 -0.8577
vn 0.0207 -0.9940 -0.1070
vn 0.7375 0.0177 -0.6751
vn -0.0795 -0.9921 -0.0972
vn 0.6067 -0.0446 0.7937
vn 0.6030 -0.0312 0.7971
vn 0.5767 -0.7639 0.2897
vn 0.0224 0.9997 0.0059
vn 0.5763 -0.0238 0.8169
vn 0.5148 0.0060 -0.8573
vn 0.9155 -0.1269 0.3818
vn 0.9294 -0.0926 0.3572
vn 0.5209 -0.0363 0.8529
vn 0.5627 0.0738 0.8234
vn 0.2823 0.1549 0.9467
vn 0.6006 0.0354 0.7988
vn 0.4364 -0.5791 -0.6886
vn 0.9918 0.0034 0.1276
vn 0.4498 -0.0135 0.8930
vn 0.4505 0.0464 0.8916
vn 0.6614 -0.0967 0.7438
vn 0.7273 -0.0574 0.6839
vn 0.5681 0.0286 0.8225
vn 0.5230 0.0576 0.8504
vn 0.2744 -0.8394 -0.4691
vn 0.1402 0.9843 0.1071
vn 0.0058 1.0000 0.0063
vn 0.0051 1.0000 0.0038
vn 0.0003 1.0000 0.0004
vn 0.0000 1.0000 0.0000
vn 0.6569 0.5679 -0.4959
vn 0.3885 0.9130 0.1247
vn 0.3726 -0.9193 -0.1267
vn 0.9542 -0.0899 0.2854
vn -0.2297 0.9717 0.0544
vn -0.1513 0.9885 0.0087
vn 0.8584 -0.0192 0.5126
vn 0.4095 0.6225 0.6669
vn 0.9989 0.0006 0.0460
vn 0.5890 -0.0385 0.8072
vn 0.4874 0.1553 0.8593
vn -0.0001 1.0000 0.0004
vn 0.6950 -0.0689 0.7157
vn -0.1921 0.7611 0.6195
vn -0.4582 -0.1002 0.8832
vn 0.5250 -0.0505 0.8496
vn -0.0738 0.7562 0.6501
vn 0.4927 0.1738 0.8526
vn 0.4558 0.0967 0.8848
vn -0.2134 0.9759 0.0448
vn 0.4722 0.0612 0.8794
vn 0.5455 -0.0301 0.8376
vn 0.2781 0.1342 0.9511
vn 0.2433 -0.9679 -0.0624
vn 0.2616 -0.9624 -0.0731
vn 0.2742 -0.9583 -0.0806
vn -0.7571 -0.3544 0.5488
vn 0.2636 -0.9618 -0.0743
vn -0.1009 0.8592 0.5016
vn 0.5506 0.1061 0.8280
vn 0.1934 0.6692 0.7175
vn 0.9231 0.0034 0.3846
vn 0.9978 -0.0392 0.0538
vn 0.9521 -0.1293 0.2769
vn 0.9501 -0.1278 0.2846
vn 0.3246 0.1412 0.9353
vn 0.6603 0.1982 0.7243
vn 0.5126 0.1572 0.8441
vn 0.5375 0.1406 0.8314
vn 0.9400 0.1109 0.3227
vn 0.4304 0.1699 0.8865
vn 0.4545 0.1609 0.8761
vn 0.2870 0.9570 0.0416
vn 0.3278 -0.7347 -0.5940
vn 0.4521 0.7376 -0.5016
vn 0.4167 -0.8853 -0.2063
vn -0.3970 0.8985 0.1875
vn -0.0035 0.9932 -0.1164
vn 0.4237 0.8233 -0.3778
vn 0.5979 0.1766 0.7819
vn 0.7562 0.0889 0.6483
vn 0.6631 0.5788 -0.4747
vn 0.9691 0.0782 0.2341
vn 0.5061 0.1550 0.8484
vn 0.3305 0.6180 0.7134
vn 0.5244 0.1488 0.8384
vn 0.5017 0.1550 0.8510
vn -0.1073 0.8407 0.5308
vn -0.6517 0.5592 0.5123
vn 0.3466 -0.9235 -0.1642
vn 0.6063 0.1334 0.7840
vn -0.3510 -0.8267 0.4397
vn -0.3439 0.9256 0.1579
vn -0.2179 -0.9171 0.3337
vn 0.2082 0.9221 -0.3262
vn 0.5882 0.6680 -0.4558
vn 0.2311 -0.9723 -0.0343
vn -0.2131 0.9765 0.0322
vn -0.5400 -0.6498 0.5350
vn -0.3713 0.6644 0.6486
vn 0.2806 -0.7751 -0.5661
vn 0.9661 -0.1421 0.2154
vn 0.9511 -0.1466 0.2719
vn 0.9963 -0.0776 0.0356
vn 0.6312 0.1652 0.7578
vn 0.9369 0.1764 0.3017
vn 0.4275 0.1701 0.8879
vn 0.4637 0.1602 0.8714
vn 0.7554 0.0846 0.6498
vn 0.9792 -0.2023 0.0136
vn 0.3097 -0.7116 -0.6307
vn 0.2569 -0.9656 0.0396
vn 0.9796 -0.1474 0.1367
vn 0.9654 -0.1399 0.2201
vn 0.9858 -0.1027 0.1331
vn -0.4694 -0.7186 0.5131
vn 0.9674 -0.1192 0.2234
vn 0.2409 0.6096 0.7552
vn 0.2260 -0.9741 -0.0063
vn -0.0769 0.8094 0.5822
vn 0.3257 0.1314 0.9363
vn 0.2855 0.1005 0.9531
vn -0.3094 0.9353 0.1717
vn 0.3933 -0.9164 -0.0751
vn 0.4458 -0.0039 0.8951
vn 0.9816 -0.1270 0.1427
vn 0.5232 -0.0126 0.8521
vn 0.5304 0.0055 0.8477
vn -0.9584 0.0312 0.2838
vn 0.3837 0.0814 0.9199
vn -0.9584 0.0458 0.2818
vn -0.9842 0.0395 0.1729
vn -0.9583 0.0205 0.2852
vn 0.3717 0.1760 0.9115
vn 0.3103 -0.7571 -0.5748
vn 0.4219 -0.7043 -0.5709
vn -0.2342 0.9698 -0.0682
vn 0.1757 0.0768 0.9815
vn 0.3471 0.1480 0.9261
vn 0.3434 0.1242 0.9309
vn 0.3317 0.1989 0.9222
vn 0.3361 0.1069 0.9357
vn 0.3558 0.1076 0.9283
vn -0.2888 0.9536 -0.0847
vn -0.9584 0.0380 0.2829
vn 0.5879 0.8009 -0.1135
vn 0.5846 0.8113 0.0000
vn 0.5873 0.1379 0.7976
vn 0.7831 0.5886 -0.2009
vn 0.5664 0.8241 0.0000
vn 0.1061 0.9825 -0.1529
vn 0.7024 0.7114 -0.0224
vn 0.8805 0.4643 -0.0955
vn 0.4896 0.8719 0.0000
vn 0.8263 0.5632 0.0000
vn 0.3806 0.9208 0.0850
vn 0.2872 0.9569 0.0433
vn -0.0034 -0.0601 0.9982
vn -0.0884 -0.0037 -0.9961
vn 0.0033 0.0598 -0.9982
vn 0.2538 -0.9595 -0.1223
vn -0.1345 0.0195 -0.9907
vn -0.1413 -0.0012 -0.9900
vn -0.1042 0.0178 -0.9944
vn -0.1662 0.0212 -0.9859
vn -0.3476 0.0147 -0.9375
vn -0.2647 0.0767 -0.9613
vn -0.3876 0.0373 -0.9211
vn -0.4047 0.0713 -0.9117
vn -0.4612 0.1136 -0.8800
vn -0.5463 0.0417 -0.8365
vn -0.4137 0.0136 -0.9103
vn -0.3836 0.0506 -0.9221
vn 0.2975 0.9128 -0.2799
vn -0.1747 0.9409 -0.2903
vn -0.0728 0.6688 -0.7399
vn -0.0894 0.4452 -0.8910
vn 0.8685 0.4812 -0.1186
vn -0.0394 0.9986 0.0360
vn 0.9974 -0.0636 -0.0330
vn 0.9941 -0.1058 0.0220
vn 0.9970 -0.0726 -0.0255
vn 0.9857 -0.1671 -0.0195
vn 0.0000 -1.0000 0.0000
vn -0.1194 0.1342 -0.9837
vn 0.2926 -0.1334 0.9469
vn 0.0334 0.0152 0.9993
vn -0.0019 0.0032 -1.0000
vn 0.0021 -0.0010 1.0000
vn 0.0004 1.0000 0.0005
vn 0.0052 1.0000 0.0040
vn 0.0058 1.0000 0.0061
vn 0.1390 0.9899 0.0293
vn -0.2086 0.9755 -0.0694
vn 0.2849 0.6128 0.7371
vn 0.3124 0.6171 0.7222
vn 0.3538 0.6316 0.6898
vn -0.3795 0.3200 -0.8681
vn 0.6667 0.5389 -0.5148
vn 0.2802 0.5813 0.7639
vn -0.1938 0.9809 -0.0155
vn -0.1727 0.9834 0.0550
vn 0.5470 0.6285 0.5530
vn 0.4681 0.8811 0.0674
vn -0.0017 -1.0000 -0.0016
vn -0.0069 -1.0000 -0.0071
vn -0.0066 -0.9999 -0.0093
vn 0.0879 -0.9928 0.0818
vn 0.2295 -0.9669 -0.1114
vn 0.5411 -0.8115 -0.2206
vn 0.3433 -0.7270 -0.5946
vn 0.2844 -0.7787 -0.5593
vn 0.2702 -0.8339 -0.4813
vn 0.5054 -0.6225 -0.5975
vn 0.4205 -0.7411 -0.5235
vn 0.4600 -0.6720 -0.5803
vn 0.4275 -0.6896 -0.5845
vn 0.5621 -0.8072 -0.1803
vn 0.5295 -0.7782 -0.3376
vn 0.2329 0.7096 0.6649
vn 0.3992 -0.6817 -0.6131
vn 0.2083 -0.8903 -0.4050
vn 0.2573 -0.9566 -0.1371
vn 0.1264 0.0004 -0.9920
vn -0.1095 -0.9798 -0.1671
vn -0.0185 -0.9998 0.0003
vn -0.0285 -0.9995 -0.0157
vn -0.0218 -0.9997 -0.0050
vn 0.1096 0.9798 0.1673
vn -0.0112 -0.9999 0.0118
vn -0.0043 1.0000 0.0089
vn 0.1281 0.0009 -0.9918
vn 0.1271 0.0009 -0.9919
vn 0.0204 -0.9954 -0.0932
vn 0.1265 0.0009 -0.9920
vn 0.1285 0.0009 -0.9917
vn 0.1245 0.0004 -0.9922
vn 0.1251 0.0004 -0.9921
vn 0.1260 0.0004 -0.9920
vn 0.1247 0.0004 -0.9922
vn 0.1267 0.0009 -0.9919
vn 0.0783 0.0073 0.9969
vn 0.9860 -0.1664 0.0127
vn -0.0350 -0.0130 -0.9993
vn 0.3392 -0.7175 -0.6084
vn -0.1931 0.8889 0.4155
vn 0.9774 -0.1935 0.0853
vn 0.9631 -0.1621 0.2149
vn 0.5168 0.0009 -0.8561
vn 0.7461 -0.0138 -0.6657
vn 0.9138 -0.0335 -0.4048
vn 0.9699 -0.0814 -0.2295
vn 0.9868 -0.1550 0.0463
vn 0.3479 -0.7037 -0.6194
vn 0.9711 -0.1805 0.1561
vn 0.4802 -0.6388 -0.6011
vn 0.5654 0.0378 0.8240
vn 0.4760 0.0659 0.8770
vn 0.3865 -0.8276 -0.4070
vn 0.4507 0.0579 0.8908
vn 0.9908 -0.1334 -0.0229
vn 0.9806 -0.1910 -0.0442
vn 0.5664 0.0212 0.8238
vn 0.5706 0.0211 0.8209
vn 0.9811 -0.1912 -0.0286
vn 0.4751 0.0243 0.8796
vn 0.5110 0.0030 0.8596
vn 0.5818 0.0288 0.8128
vn 0.9529 -0.0930 0.2885
vn 0.9737 -0.1803 0.1389
vn 0.9673 -0.1619 0.1954
vn 0.9785 -0.1933 0.0724
vn 0.4450 -0.0022 0.8955
vn 0.9793 -0.2022 0.0060
vn 0.5286 -0.0041 0.8489
vn 0.7339 -0.0091 0.6792
vn 0.9685 -0.0932 0.2308
vn -0.3598 0.6842 0.6343
vn 0.0466 0.6526 0.7563
vn 0.3295 -0.7322 -0.5961
vn -0.2343 0.7335 0.6381
vn 0.5467 -0.1101 -0.8300
vn 0.3977 -0.6151 -0.6808
vn -0.2541 0.8292 0.4978
vn 0.2985 -0.7756 -0.5561
vn -0.3906 0.6289 0.6722
vn -0.2984 0.7757 0.5561
vn -0.3292 0.7326 0.5958
vn -0.3460 0.7068 0.6170
vn -0.3641 0.6769 0.6397
vn 0.0736 0.9834 0.1659
vn 0.1266 0.0004 -0.9919
vn 0.1022 -0.1273 0.9866
vn -0.3208 0.1411 -0.9366
vn 0.9966 -0.0744 -0.0357
vn 0.4186 -0.0082 0.9081
vn -0.2122 0.9220 0.3239
vn -0.4386 0.6918 0.5736
vn -0.4760 0.6315 0.6121
vn 0.3765 -0.6552 -0.6550
vn -0.0033 0.9999 0.0140
vn -0.0223 0.9996 0.0189
vn 0.0039 -0.9999 -0.0162
vn -0.0185 0.9995 0.0251
vn -0.0730 -0.9835 -0.1654
vn 0.4303 -0.6914 -0.5804
vn 0.2373 -0.9047 -0.3540
vn 0.6409 -0.0456 0.7663
vn 0.4427 -0.6711 -0.5947
vn 0.4259 -0.0291 0.9043
vn 0.9819 -0.0418 0.1845
vn 0.6308 0.0557 -0.7739
vn -0.1795 0.9498 0.2563
vn 0.9818 -0.0560 0.1813
vn 0.3997 -0.0301 0.9161
vn 0.6785 -0.1722 0.7142
vn 0.3272 -0.0091 0.9449
vn 0.9976 -0.0468 0.0500
vn 0.5512 -0.0297 0.8338
vn 0.5108 -0.0371 0.8589
vn 0.3066 -0.8459 -0.4365
vn 0.5826 -0.0763 0.8092
vn 0.9991 -0.0411 -0.0098
vn 0.5642 -0.0613 0.8233
vn 0.9475 -0.0469 0.3162
vn 0.9118 -0.0282 0.4097
vn 0.2327 -0.9080 -0.3485
vn 0.4223 -0.7041 -0.5709
vn -0.2776 0.8725 0.4021
vn -0.4346 0.6915 0.5770
vn 0.2940 -0.8578 -0.4216
vn -0.4645 0.6622 0.5880
vn 0.8558 -0.0189 0.5170
vn -0.1807 0.9411 0.2859
vn 0.2388 -0.9481 -0.2100
vn -0.2580 0.8888 0.3788
vn 0.2665 -0.8819 -0.3889
vn 0.4570 -0.6467 -0.6108
vn 0.2097 -0.9236 -0.3209
vn 0.1970 -0.9315 -0.3056
vn 0.1693 -0.0561 -0.9840
vn 0.5041 -0.0257 -0.8632
vn 0.7381 0.0309 -0.6740
vn 0.9113 0.0330 -0.4104
vn 0.9717 0.0661 -0.2269
vn 0.9980 -0.0061 -0.0632
vn 0.9823 0.0633 -0.1762
vn -0.0289 -0.9948 -0.0978
vn 0.0178 -0.9993 -0.0319
vn 0.5443 -0.1107 0.8316
vn 0.0567 0.9885 0.1404
vn 0.0172 -0.9995 -0.0252
vn 0.0219 -0.9996 -0.0196
vn 0.0287 0.9948 0.0975
vn -0.0166 0.9995 0.0287
vn -0.0383 -0.9929 -0.1123
vn 0.1618 0.0010 -0.9868
vn 0.9375 0.0032 0.3481
vn 0.5122 0.0034 -0.8589
vn 0.7336 0.0024 -0.6796
vn 0.9074 -0.0004 -0.4202
vn 0.9627 -0.0076 -0.2704
vn 0.9970 -0.0616 -0.0469
vn 0.9975 -0.0337 -0.0618
vn 0.0001 0.0244 -0.9997
vn 0.9973 -0.0736 -0.0046
vn 0.4717 -0.0052 0.8817
vn 0.9759 0.0071 0.2183
vn 0.4983 0.0271 0.8666
vn -0.4367 -0.0218 0.8993
vn 0.4868 -0.0221 0.8732
vn 0.9927 -0.1064 0.0572
vn 0.9955 -0.0827 -0.0455
vn 0.8961 -0.1197 0.4274
vn 0.5956 -0.0357 0.8025
vn -0.3144 -0.1198 -0.9417
vn -0.5080 -0.0622 -0.8591
vn -0.5173 -0.0037 -0.8558
vn -0.5108 -0.0375 -0.8589
vn -0.5013 0.0107 -0.8652
vn 0.1255 0.0004 -0.9921
vn -0.2949 0.8570 0.4227
vn -0.3591 -0.5545 -0.7507
vn -0.5347 -0.3343 -0.7761
vn -0.5918 -0.2272 -0.7734
vn -0.6262 -0.1242 -0.7697
vn -0.6234 -0.0344 -0.7811
vn -0.5241 -0.0176 -0.8515
vn -0.3812 -0.2535 -0.8890
vn -0.5298 -0.1259 -0.8387
vn -0.5421 -0.0919 -0.8353
vn -0.5818 -0.0307 -0.8127
vn -0.5830 -0.0124 -0.8124
vn -0.3665 -0.3110 -0.8769
vn -0.5415 -0.1922 -0.8184
vn -0.5722 -0.1290 -0.8099
vn -0.6040 -0.0675 -0.7941
vn -0.5957 -0.0291 -0.8027
vn -0.4626 -0.0627 -0.8843
vn -0.3508 -0.2364 -0.9061
vn -0.2607 -0.3461 -0.9013
vn -0.2161 -0.4002 -0.8906
vn -0.2834 -0.3198 -0.9041
vn -0.5057 -0.1076 -0.8560
vn -0.5062 -0.1326 -0.8522
vn -0.5056 -0.1094 -0.8558
vn -0.5133 -0.0519 -0.8566
vn -0.5411 -0.0831 -0.8368
vn -0.5333 -0.0795 -0.8422
vn -0.5389 -0.0384 -0.8415
vn -0.5322 -0.0455 -0.8454
vn -0.5856 0.0013 -0.8106
vn -0.5798 -0.0029 -0.8148
vn -0.5212 -0.0055 -0.8534
vn -0.5558 -0.0251 -0.8309
vn -0.5353 -0.0271 -0.8442
vn -0.2961 -0.7787 -0.5531
vn -0.1827 -0.8975 -0.4013
vn -0.9909 -0.1332 -0.0168
vn -0.1869 0.0401 0.9816
vn -0.5347 0.6165 0.5779
vn 0.3290 0.7329 0.5954
vn -0.9192 -0.0268 0.3928
vn -0.9516 -0.0391 0.3050
vn -0.2200 -0.9671 -0.1276
vn 0.2277 0.9115 0.3426
vn 0.1421 0.8877 0.4379
vn -0.7104 -0.0082 0.7037
vn 0.1829 0.9813 0.0605
vn -0.2487 -0.8665 -0.4329
vn -0.8909 0.2047 0.4054
vn -0.6942 0.0517 0.7179
vn 0.2158 0.9764 -0.0082
vn -0.4438 -0.6886 -0.5734
vn -0.5316 0.1353 0.8361
vn -0.4878 0.1598 0.8582
vn -0.3646 -0.7403 -0.5648
vn 0.4222 0.7051 0.5697
vn -0.5565 0.0009 0.8308
vn -0.4457 0.1687 0.8791
vn -0.2715 -0.7667 -0.5817
vn -0.5103 0.1492 0.8470
vn -0.3683 0.1718 0.9137
vn -0.4181 -0.6092 -0.6738
vn -0.3420 -0.6950 -0.6324
vn -0.8337 0.0569 0.5492
vn -0.3014 0.0911 0.9491
vn -0.2732 0.1126 0.9553
vn -0.4596 0.0347 0.8875
vn -0.4908 0.0495 0.8699
vn -0.0216 0.7827 0.6220
vn -0.4903 0.1796 0.8529
vn -0.4478 -0.6639 -0.5989
vn -0.5513 0.0095 0.8342
vn -0.0787 0.7798 0.6211
vn -0.4047 -0.7253 -0.5569
vn -0.6450 0.1015 0.7575
vn -0.4407 0.0770 0.8943
vn -0.4422 0.1200 0.8888
vn -0.3787 -0.6512 -0.6577
vn -0.5193 0.0889 0.8499
vn -0.4432 0.0899 0.8919
vn -0.4232 0.1216 0.8978
vn -0.4375 0.1622 0.8845
vn -0.4360 0.1696 0.8838
vn -0.2913 0.1502 0.9448
vn -0.9616 0.1803 0.2067
vn -0.5575 0.0922 0.8250
vn -0.5474 0.1007 0.8308
vn -0.5304 0.1450 0.8352
vn 0.2292 0.7372 0.6357
vn -0.4367 0.0948 0.8946
vn -0.5203 0.0917 0.8490
vn -0.5170 0.1096 0.8490
vn -0.2470 -0.8370 -0.4883
vn -0.6467 0.0768 0.7588
vn -0.6815 0.1260 0.7209
vn -0.5180 0.1491 0.8423
vn -0.8603 0.1505 0.4870
vn -0.5747 0.0594 0.8162
vn -0.4470 -0.0946 0.8895
vn -0.9338 0.2208 0.2814
vn -0.9457 0.2094 0.2485
vn -0.0680 -0.9891 0.1304
vn -0.5965 0.1097 0.7951
vn -0.7891 0.1552 0.5943
vn -0.7463 0.1572 0.6468
vn -0.6812 0.1788 0.7099
vn -0.5814 -0.0604 0.8114
vn -0.6040 -0.7396 0.2969
vn -0.5538 -0.0704 0.8296
vn 0.5823 -0.5755 0.5742
vn -0.5361 0.0823 0.8401
vn -0.9879 -0.1450 0.0544
vn -0.3668 -0.6723 -0.6430
vn 0.1928 0.9341 0.3005
vn -0.9942 -0.0180 -0.1057
vn -0.0117 0.9999 -0.0112
vn -0.9982 -0.0507 -0.0320
vn -0.9872 0.0615 -0.1473
vn -0.9969 -0.0678 -0.0401
vn -0.9915 -0.1238 -0.0391
vn -0.5901 -0.0623 0.8049
vn -0.4411 0.1848 0.8782
vn -0.2792 0.1266 0.9519
vn -0.5347 -0.0445 0.8439
vn -0.5288 0.0406 0.8478
vn -0.5674 -0.0498 0.8220
vn -0.5971 -0.0397 0.8012
vn -0.9992 -0.0393 -0.0104
vn -0.2179 -0.9665 -0.1357
vn -0.3232 0.5838 0.7447
vn -0.9860 -0.1545 0.0631
vn -0.0827 0.9913 0.1024
vn -0.1679 -0.9858 -0.0074
vn -0.9795 -0.0807 -0.1848
vn -0.5796 -0.0764 0.8113
vn -0.9978 -0.0620 -0.0237
vn -0.9962 -0.0837 0.0258
vn -0.9645 -0.0347 -0.2618
vn -0.0839 -0.9949 -0.0568
vn -0.9991 -0.0076 -0.0416
vn -0.0291 0.9994 0.0166
vn -0.9167 -0.0334 -0.3983
vn -0.9602 0.0216 -0.2785
vn -0.9639 0.0668 -0.2576
vn -0.0190 0.9998 0.0006
vn -0.7512 -0.0138 -0.6599
vn -0.9076 0.0245 -0.4191
vn -0.9099 -0.0254 -0.4141
vn -0.0601 -0.9957 -0.0705
vn -0.0043 -1.0000 -0.0086
vn -0.5184 0.0009 -0.8552
vn -0.7339 0.0154 -0.6791
vn -0.7387 -0.0107 -0.6740
vn -0.0464 -0.9959 -0.0777
vn -0.9096 0.0330 -0.4141
vn -0.0001 -1.0000 -0.0004
vn -0.5130 0.0064 -0.8584
vn -0.5141 0.0008 -0.8577
vn -0.0207 -0.9940 -0.1070
vn -0.7375 0.0177 -0.6751
vn 0.0795 -0.9921 -0.0972
vn -0.6067 -0.0446 0.7937
vn -0.6030 -0.0312 0.7971
vn -0.5767 -0.7639 0.2897
vn -0.0224 0.9997 0.0059
vn -0.5763 -0.0238 0.8169
vn -0.5148 0.0060 -0.8573
vn -0.9155 -0.1269 0.3818
vn -0.9294 -0.0926 0.3572
vn -0.5209 -0.0363 0.8529
vn -0.5627 0.0738 0.8234
vn -0.2823 0.1549 0.9467
vn -0.6006 0.0354 0.7988
vn -0.4364 -0.5791 -0.6886
vn -0.9918 0.0034 0.1276
vn -0.4498 -0.0135 0.8930
vn -0.4505 0.0464 0.8916
vn -0.6614 -0.0967 0.7438
vn -0.7273 -0.0574 0.6839
vn -0.5681 0.0286 0.8225
vn -0.5230 0.0576 0.8504
vn -0.2744 -0.8394 -0.4691
vn -0.1402 0.9843 0.1071
vn -0.0058 1.0000 0.0063
vn -0.0051 1.0000 0.0038
vn -0.0003 1.0000 0.0004
vn -0.6569 0.5679 -0.4959
vn -0.3885 0.9130 0.1247
vn -0.3726 -0.9193 -0.1267
vn -0.9542 -0.0899 0.2854
vn 0.2297 0.9717 0.0544
vn 0.1513 0.9885 0.0087
vn -0.8584 -0.0192 0.5126
vn -0.4095 0.6225 0.6669
vn -0.9989 0.0006 0.0460
vn -0.5890 -0.0385 0.8072
vn -0.4874 0.1553 0.8593
vn 0.0001 1.0000 0.0004
vn -0.6950 -0.0689 0.7157
vn 0.1921 0.7611 0.6195
vn 0.4582 -0.1002 0.8832
vn -0.5250 -0.0505 0.8496
vn 0.0738 0.7562 0.6501
vn -0.4927 0.1738 0.8526
vn -0.4558 0.0967 0.8848
vn 0.2134 0.9759 0.0448
vn -0.4722 0.0612 0.8794
vn -0.5455 -0.0301 0.8376
vn -0.2781 0.1342 0.9511
vn -0.2433 -0.9679 -0.0624
vn -0.2616 -0.9624 -0.0731
vn -0.2742 -0.9583 -0.0806
vn 0.7571 -0.3544 0.5488
vn -0.2636 -0.9618 -0.0743
vn 0.1009 0.8592 0.5016
vn -0.5506 0.1061 0.8280
vn -0.1934 0.6692 0.7175
vn -0.9231 0.0034 0.3846
vn -0.9978 -0.0392 0.0538
vn -0.9521 -0.1293 0.2769
vn -0.9501 -0.1278 0.2846
vn -0.3246 0.1412 0.9353
vn -0.6603 0.1982 0.7243
vn -0.5126 0.1572 0.8441
vn -0.5375 0.1406 0.8314
vn -0.9400 0.1109 0.3227
vn -0.4304 0.1699 0.8865
vn -0.4545 0.1609 0.8761
vn -0.2870 0.9570 0.0416
vn -0.3278 -0.7347 -0.5940
vn -0.4521 0.7376 -0.5016
vn -0.4167 -0.8853 -0.2063
vn 0.3970 0.8985 0.1875
vn 0.0035 0.9932 -0.1164
vn -0.4237 0.8233 -0.3778
vn -0.5979 0.1766 0.7819
vn -0.7562 0.0889 0.6483
vn -0.6631 0.5788 -0.4747
vn -0.9691 0.0782 0.2341
vn -0.5061 0.1550 0.8484
vn -0.3305 0.6180 0.7134
vn -0.5244 0.1488 0.8384
vn -0.5018 0.1550 0.8510
vn 0.1073 0.8407 0.5308
vn 0.6517 0.5592 0.5123
vn -0.3466 -0.9235 -0.1642
vn -0.6063 0.1334 0.7840
vn 0.3510 -0.8267 0.4397
vn 0.3439 0.9256 0.1579
vn 0.2179 -0.9171 0.3337
vn -0.2082 0.9221 -0.3262
vn -0.5882 0.6680 -0.4558
vn -0.2311 -0.9723 -0.0343
vn 0.2131 0.9765 0.0322
vn 0.5400 -0.6498 0.5350
vn 0.3713 0.6644 0.6486
vn -0.2806 -0.7751 -0.5661
vn -0.9661 -0.1421 0.2154
vn -0.9511 -0.1466 0.2719
vn -0.9963 -0.0776 0.0356
vn -0.6312 0.1652 0.7578
vn -0.9369 0.1764 0.3017
vn -0.4275 0.1701 0.8879
vn -0.4637 0.1602 0.8714
vn -0.7554 0.0846 0.6498
vn -0.9792 -0.2023 0.0136
vn -0.3097 -0.7116 -0.6307
vn -0.2569 -0.9656 0.0396
vn -0.9796 -0.1474 0.1367
vn -0.9654 -0.1399 0.2201
vn -0.9858 -0.1027 0.1331
vn 0.4694 -0.7186 0.5131
vn -0.9674 -0.1192 0.2234
vn -0.2409 0.6096 0.7552
vn -0.2260 -0.9741 -0.0063
vn 0.0769 0.8094 0.5822
vn -0.3257 0.1314 0.9363
vn -0.2855 0.1005 0.9531
vn 0.3094 0.9353 0.1717
vn -0.3932 -0.9164 -0.0751
vn -0.4458 -0.0039 0.8951
vn -0.9816 -0.1270 0.1427
vn -0.5232 -0.0126 0.8521
vn -0.5304 0.0055 0.8477
vn 0.9584 0.0312 0.2838
vn -0.3837 0.0814 0.9199
vn 0.9584 0.0458 0.2818
vn 0.9842 0.0395 0.1729
vn 0.9583 0.0205 0.2852
vn -0.3717 0.1760 0.9115
vn -0.3103 -0.7571 -0.5748
vn -0.4219 -0.7043 -0.5709
vn 0.2342 0.9698 -0.0682
vn -0.1757 0.0768 0.9815
vn -0.3471 0.1480 0.9261
vn -0.3434 0.1242 0.9309
vn -0.3317 0.1989 0.9222
vn -0.3361 0.1069 0.9357
vn -0.3558 0.1076 0.9283
vn 0.2888 0.9536 -0.0847
vn 0.9584 0.0380 0.2829
vn -0.5879 0.8009 -0.1135
vn -0.5846 0.8113 0.0000
vn -0.5873 0.1379 0.7976
vn -0.7831 0.5886 -0.2009
vn -0.5664 0.8241 0.0000
vn -0.1061 0.9825 -0.1529
vn -0.7024 0.7114 -0.0224
vn -0.8805 0.4643 -0.0955
vn -0.4896 0.8719 0.0000
vn -0.8263 0.5632 0.0000
vn -0.3806 0.9208 0.0850
vn -0.2872 0.9569 0.0433
vn 0.0034 -0.0601 0.9982
vn 0.0884 -0.0037 -0.9961
vn -0.0033 0.0598 -0.9982
vn -0.2538 -0.9595 -0.1223
vn 0.1345 0.0195 -0.9907
vn 0.1413 -0.0012 -0.9900
vn 0.1042 0.0178 -0.9944
vn 0.1662 0.0212 -0.9859
vn 0.3476 0.0147 -0.9375
vn 0.2647 0.0767 -0.9613
vn 0.3876 0.0373 -0.9211
vn 0.4047 0.0713 -0.9117
vn 0.4612 0.1136 -0.8800
vn 0.5463 0.0417 -0.8365
vn 0.4137 0.0136 -0.9103
vn 0.3836 0.0506 -0.9221
vn -0.2975 0.9128 -0.2799
vn 0.1747 0.9409 -0.2903
vn 0.0728 0.6688 -0.7399
vn 0.0894 0.4452 -0.8910
vn -0.8685 0.4812 -0.1186
vn 0.0394 0.9986 0.0360
vn -0.9974 -0.0636 -0.0330
vn -0.9941 -0.1058 0.0220
vn -0.9970 -0.0726 -0.0255
vn -0.9857 -0.1671 -0.0195
vn 0.1194 0.1342 -0.9837
vn -0.2926 -0.1334 0.9469
vn -0.0334 0.0152 0.9993
vn 0.0019 0.0032 -1.0000
vn -0.0021 -0.0010 1.0000
vn -0.0004 1.0000 0.0005
vn -0.0052 1.0000 0.0040
vn -0.0058 1.0000 0.0061
vn -0.1390 0.9899 0.0293
vn 0.2086 0.9755 -0.0694
vn -0.2849 0.6128 0.7371
vn -0.3125 0.6171 0.7222
vn -0.3538 0.6316 0.6898
vn 0.3795 0.3200 -0.8681
vn -0.6667 0.5389 -0.5148
vn -0.2802 0.5813 0.7639
vn 0.1938 0.9809 -0.0155
vn 0.1727 0.9834 0.0550
vn -0.5470 0.6285 0.5530
vn -0.4681 0.8811 0.0674
vn 0.0017 -1.0000 -0.0016
vn 0.0069 -1.0000 -0.0071
vn 0.0066 -0.9999 -0.0093
vn -0.0879 -0.9928 0.0818
vn -0.2295 -0.9669 -0.1114
vn -0.5411 -0.8115 -0.2206
vn -0.3433 -0.7270 -0.5946
vn -0.2844 -0.7787 -0.5593
vn -0.2702 -0.8339 -0.4813
vn -0.5054 -0.6225 -0.5975
vn -0.4205 -0.7411 -0.5235
vn -0.4600 -0.6720 -0.5803
vn -0.4275 -0.6896 -0.5845
vn -0.5621 -0.8072 -0.1803
vn -0.5295 -0.7782 -0.3376
vn -0.2329 0.7096 0.6649
vn -0.3992 -0.6817 -0.6131
vn -0.2083 -0.8903 -0.4050
vn -0.2573 -0.9566 -0.1371
vn -0.1264 0.0004 -0.9920
vn 0.1095 -0.9798 -0.1671
vn 0.0185 -0.9998 0.0003
vn 0.0285 -0.9995 -0.0157
vn 0.0218 -0.9997 -0.0050
vn -0.1096 0.9798 0.1673
vn 0.0112 -0.9999 0.0118
vn 0.0043 1.0000 0.0089
vn -0.1281 0.0009 -0.9918
vn -0.1271 0.0009 -0.9919
vn -0.0204 -0.9954 -0.0932
vn -0.1265 0.0009 -0.9920
vn -0.1285 0.0009 -0.9917
vn -0.1245 0.0004 -0.9922
vn -0.1251 0.0004 -0.9921
vn -0.1260 0.0004 -0.9920
vn -0.1247 0.0004 -0.9922
vn -0.1267 0.0009 -0.9919
vn -0.0783 0.0073 0.9969
vn -0.9860 -0.1664 0.0127
vn 0.0350 -0.0130 -0.9993
vn -0.3392 -0.7175 -0.6084
vn 0.1931 0.8889 0.4155
vn -0.9774 -0.1935 0.0853
vn -0.9631 -0.1621 0.2149
vn -0.5168 0.0009 -0.8561
vn -0.7461 -0.0138 -0.6657
vn -0.9138 -0.0335 -0.4048
vn -0.9699 -0.0814 -0.2295
vn -0.9868 -0.1550 0.0463
vn -0.3479 -0.7037 -0.6194
vn -0.9711 -0.1805 0.1561
vn -0.4802 -0.6388 -0.6011
vn -0.5654 0.0378 0.8240
vn -0.4760 0.0659 0.8770
vn -0.3865 -0.8276 -0.4070
vn -0.4507 0.0579 0.8908
vn -0.9908 -0.1334 -0.0229
vn -0.9806 -0.1910 -0.0442
vn -0.5664 0.0212 0.8238
vn -0.5706 0.0211 0.8209
vn -0.9811 -0.1912 -0.0286
vn -0.4751 0.0243 0.8796
vn -0.5110 0.0030 0.8596
vn -0.5818 0.0288 0.8128
vn -0.9529 -0.0930 0.2885
vn -0.9737 -0.1803 0.1389
vn -0.9673 -0.1619 0.1954
vn -0.9785 -0.1933 0.0724
vn -0.4450 -0.0022 0.8955
vn -0.9793 -0.2022 0.0060
vn -0.5286 -0.0041 0.8489
vn -0.7339 -0.0091 0.6792
vn -0.9685 -0.0932 0.2308
vn 0.3598 0.6842 0.6343
vn -0.0466 0.6526 0.7563
vn -0.3295 -0.7322 -0.5961
vn 0.2343 0.7335 0.6381
vn -0.5467 -0.1101 -0.8300
vn -0.3977 -0.6151 -0.6808
vn 0.2541 0.8292 0.4978
vn -0.2985 -0.7756 -0.5561
vn 0.3906 0.6289 0.6722
vn 0.2984 0.7757 0.5561
vn 0.3292 0.7326 0.5958
vn 0.3460 0.7068 0.6170
vn 0.3641 0.6769 0.6397
vn -0.0736 0.9834 0.1659
vn -0.1266 0.0004 -0.9919
vn -0.1022 -0.1273 0.9866
vn 0.3208 0.1411 -0.9366
vn -0.9966 -0.0744 -0.0357
vn -0.4186 -0.0082 0.9081
vn 0.2122 0.9220 0.3239
vn 0.4386 0.6918 0.5736
vn 0.4760 0.6315 0.6121
vn -0.3765 -0.6552 -0.6550
vn 0.0033 0.9999 0.0140
vn 0.0223 0.9996 0.0189
vn -0.0039 -0.9999 -0.0162
vn 0.0185 0.9995 0.0251
vn 0.0730 -0.9835 -0.1654
vn -0.4303 -0.6914 -0.5804
vn -0.2373 -0.9047 -0.3540
vn -0.6409 -0.0456 0.7663
vn -0.4427 -0.6711 -0.5947
vn -0.4259 -0.0291 0.9043
vn -0.9819 -0.0418 0.1845
vn -0.6308 0.0557 -0.7739
vn 0.1795 0.9498 0.2563
vn -0.9818 -0.0560 0.1813
vn -0.3997 -0.0301 0.9161
vn -0.6785 -0.1722 0.7142
vn -0.3272 -0.0091 0.9449
vn -0.9976 -0.0468 0.0500
vn -0.5512 -0.0297 0.8338
vn -0.5108 -0.0371 0.8589
vn -0.3066 -0.8459 -0.4365
vn -0.5826 -0.0763 0.8092
vn -0.9991 -0.0411 -0.0098
vn -0.5642 -0.0613 0.8233
vn -0.9475 -0.0469 0.3162
vn -0.9118 -0.0282 0.4097
vn -0.2327 -0.9080 -0.3485
vn -0.4223 -0.7041 -0.5709
vn 0.2776 0.8725 0.4021
vn 0.4346 0.6915 0.5770
vn -0.2940 -0.8578 -0.4216
vn 0.4645 0.6622 0.5880
vn -0.8558 -0.0189 0.5170
vn 0.1807 0.9411 0.2859
vn -0.2388 -0.9481 -0.2100
vn 0.2580 0.8888 0.3788
vn -0.2665 -0.8819 -0.3889
vn -0.4570 -0.6467 -0.6108
vn -0.2097 -0.9236 -0.3209
vn -0.1970 -0.9315 -0.3056
vn -0.1693 -0.0561 -0.9840
vn -0.5041 -0.0257 -0.8632
vn -0.7381 0.0309 -0.6740
vn -0.9113 0.0330 -0.4104
vn -0.9717 0.0661 -0.2269
vn -0.9980 -0.0061 -0.0632
vn -0.9823 0.0633 -0.1762
vn 0.0289 -0.9948 -0.0978
vn -0.0178 -0.9993 -0.0319
vn -0.5443 -0.1107 0.8316
vn -0.0567 0.9885 0.1404
vn -0.0172 -0.9995 -0.0252
vn -0.0219 -0.9996 -0.0196
vn -0.0287 0.9948 0.0975
vn 0.0166 0.9995 0.0287
vn 0.0383 -0.9929 -0.1123
vn -0.1618 0.0010 -0.9868
vn -0.9375 0.0032 0.3481
vn -0.5122 0.0034 -0.8589
vn -0.7336 0.0024 -0.6796
vn -0.9074 -0.0004 -0.4202
vn -0.9627 -0.0076 -0.2704
vn -0.9970 -0.0616 -0.0469
vn -0.9975 -0.0337 -0.0618
vn -0.0001 0.0244 -0.9997
vn -0.9973 -0.0736 -0.0046
vn -0.4717 -0.0052 0.8817
vn -0.9759 0.0071 0.2183
vn -0.4983 0.0271 0.8666
vn 0.4367 -0.0218 0.8993
vn -0.4868 -0.0221 0.8732
vn -0.9927 -0.1064 0.0572
vn -0.9955 -0.0827 -0.0455
vn -0.8961 -0.1197 0.4274
vn -0.5956 -0.0357 0.8025
vn 0.3144 -0.1198 -0.9417
vn 0.5080 -0.0622 -0.8591
vn 0.5173 -0.0037 -0.8558
vn 0.5108 -0.0375 -0.8589
vn 0.5013 0.0107 -0.8652
vn -0.1255 0.0004 -0.9921
vn 0.2949 0.8570 0.4227
vn 0.3591 -0.5545 -0.7507
vn 0.5347 -0.3343 -0.7761
vn 0.5918 -0.2272 -0.7734
vn 0.6262 -0.1242 -0.7697
vn 0.6234 -0.0344 -0.7811
vn 0.5241 -0.0176 -0.8515
vn 0.3812 -0.2535 -0.8890
vn 0.5298 -0.1259 -0.8387
vn 0.5421 -0.0919 -0.8353
vn 0.5818 -0.0307 -0.8127
vn 0.5830 -0.0124 -0.8124
vn 0.3665 -0.3110 -0.8769
vn 0.5415 -0.1922 -0.8184
vn 0.5722 -0.1290 -0.8099
vn 0.6040 -0.0675 -0.7941
vn 0.5957 -0.0291 -0.8027
vn 0.4626 -0.0627 -0.8843
vn 0.3508 -0.2364 -0.9061
vn 0.2607 -0.3461 -0.9013
vn 0.2161 -0.4002 -0.8906
vn 0.2834 -0.3198 -0.9041
vn 0.5057 -0.1076 -0.8560
vn 0.5062 -0.1326 -0.8522
vn 0.5056 -0.1094 -0.8558
vn 0.5133 -0.0519 -0.8566
vn 0.5411 -0.0831 -0.8368
vn 0.5333 -0.0795 -0.8422
vn 0.5389 -0.0384 -0.8415
vn 0.5322 -0.0455 -0.8454
vn 0.5856 0.0013 -0.8106
vn 0.5798 -0.0029 -0.8148
vn 0.5212 -0.0055 -0.8534
vn 0.5558 -0.0251 -0.8309
vn 0.5353 -0.0271 -0.8442
usemtl Helmet
s off
f 248/1/1 249/2/1 434/3/1 433/4/1
f 29/5/2 9/6/2 425/7/2 424/8/2
f 408/9/3 137/10/3 11/11/3 403/12/3
f 259/13/4 13/14/4 49/15/4 263/16/4
f 321/17/5 18/18/5 27/19/5 341/20/5
f 414/21/6 413/22/6 445/23/6 435/24/6
f 455/25/7 129/26/7 209/27/7 464/28/7
f 463/29/8 464/28/8 209/27/8 246/30/8
f 137/31/9 296/32/9 327/33/9 339/34/9
f 4/35/10 63/36/10 479/37/10 483/38/10
f 6/39/11 15/40/11 70/41/11 69/42/11
f 400/43/12 401/44/12 110/45/12 106/46/12
f 347/47/13 345/48/13 53/49/13 73/50/13
f 322/51/14 360/52/14 26/53/14 24/54/14
f 33/55/15 34/56/15 98/57/15 99/58/15
f 198/59/16 93/60/16 94/61/16 208/62/16
f 351/63/17 344/64/17 54/65/17 264/66/17
f 363/67/18 357/68/18 21/69/18 71/70/18
f 92/71/19 206/72/19 204/73/19 87/74/19
f 40/75/20 42/76/20 41/77/20 39/78/20
f 362/79/21 356/80/21 20/81/21 65/82/21
f 199/83/22 56/84/22 475/85/22 474/86/22
f 70/41/23 15/40/23 51/87/23 72/88/23
f 44/89/24 46/90/24 45/91/24 43/92/24
f 367/93/25 938/94/25 570/95/25 260/96/25
f 45/91/26 46/90/26 48/97/26 47/98/26
f 262/99/27 261/100/27 600/101/27 599/102/27
f 364/103/28 361/104/28 58/105/28 197/106/28
f 361/104/29 359/107/29 23/108/29 517/109/29 58/105/29
f 95/110/30 207/111/30 208/62/30 94/61/30
f 264/112/31 54/113/31 59/114/31 265/115/31
f 265/115/32 59/114/32 60/116/32 266/117/32
f 64/118/33 14/119/33 50/120/33 66/121/33
f 13/14/34 64/118/34 66/121/34 49/15/34
f 4/122/35 14/119/35 64/118/35 63/123/35
f 42/76/36 44/89/36 43/92/36 41/77/36
f 358/124/37 363/67/37 71/70/37 22/125/37
f 14/119/38 70/41/38 72/88/38 50/120/38
f 63/123/39 64/118/39 13/14/39 2/126/39
f 357/68/40 362/79/40 65/82/40 21/69/40
f 35/127/41 38/128/41 40/75/41 39/78/41
f 75/129/42 74/130/42 76/131/42 77/132/42
f 77/132/43 76/131/43 78/133/43 79/134/43
f 68/135/44 5/136/44 423/137/44 422/138/44
f 73/139/45 84/140/45 74/130/45 52/141/45
f 59/114/46 75/129/46 77/132/46 60/116/46
f 60/116/47 77/132/47 79/134/47 61/142/47
f 202/143/48 201/144/48 61/142/48 79/134/48
f 202/143/49 79/134/49 78/133/49 203/145/49
f 275/146/50 201/144/50 218/147/50 276/148/50
f 31/149/51 32/150/51 34/56/51 33/55/51
f 84/140/52 83/151/52 85/152/52 86/153/52
f 86/153/53 85/152/53 87/74/53 88/154/53
f 205/155/54 204/73/54 214/156/54 221/157/54
f 398/158/55 416/159/55 447/160/55 436/161/55
f 67/162/56 52/141/56 74/130/56 75/129/56
f 74/130/57 84/140/57 86/153/57 76/131/57
f 76/131/58 86/153/58 88/154/58 78/133/58
f 249/2/59 29/5/59 424/8/59 434/3/59
f 95/110/60 94/61/60 83/151/60 53/163/60
f 57/164/61 95/110/61 53/163/61 16/165/61
f 41/77/62 90/166/62 89/167/62 39/78/62
f 200/168/63 207/111/63 95/110/63 57/164/63
f 83/151/64 94/61/64 93/60/64 85/152/64
f 278/169/65 277/170/65 802/171/65 804/172/65
f 17/173/66 27/174/66 31/149/66 96/175/66
f 32/150/67 31/149/67 27/174/67 18/176/67
f 233/177/68 230/178/68 96/179/68 97/180/68
f 198/59/69 206/72/69 92/71/69 93/60/69
f 33/55/70 99/58/70 30/181/70 97/182/70
f 98/57/71 38/128/71 35/127/71 99/58/71
f 35/127/72 91/183/72 30/181/72 99/58/72
f 449/184/73 105/185/73 136/186/73 457/187/73
f 101/188/74 188/189/74 195/190/74 132/191/74
f 36/192/75 37/193/75 130/194/75 131/195/75
f 228/196/76 91/197/76 89/198/76 225/199/76
f 85/152/77 93/60/77 92/71/77 87/74/77
f 254/200/78 122/201/78 123/202/78 253/203/78
f 3/204/79 68/135/79 422/138/79 429/205/79
f 2/206/80 258/207/80 491/208/80 480/209/80
f 141/210/81 142/211/81 120/212/81 121/213/81
f 166/214/82 174/215/82 378/216/82 376/217/82
f 143/218/83 144/219/83 118/220/83 119/221/83
f 458/222/84 141/210/84 121/213/84 453/223/84
f 125/224/85 124/225/85 116/226/85 117/227/85
f 123/202/86 122/201/86 114/228/86 115/229/86
f 136/186/87 135/230/87 108/231/87 109/232/87
f 45/91/88 81/233/88 82/234/88 43/92/88
f 266/117/89 60/116/89 61/142/89 267/235/89
f 131/195/90 130/194/90 102/236/90 103/237/90
f 416/238/91 398/239/91 37/193/91 269/240/91
f 269/240/92 37/193/92 36/192/92 270/241/92
f 135/230/93 134/242/93 107/243/93 108/231/93
f 454/244/94 125/224/94 117/227/94 452/245/94
f 338/246/95 339/34/95 140/247/95 25/248/95
f 343/249/96 348/250/96 200/251/96 57/252/96
f 417/253/97 296/254/97 137/10/97 408/9/97
f 143/255/98 119/256/98 371/257/98 370/258/98
f 338/246/99 25/248/99 148/259/99 352/260/99
f 403/12/100 11/11/100 145/261/100 409/262/100
f 457/187/101 136/186/101 109/232/101 450/263/101
f 298/264/102 299/265/102 142/211/102 141/210/102
f 300/266/103 301/267/103 144/219/103 143/218/103
f 119/221/104 118/220/104 149/268/104 150/269/104
f 352/260/105 148/259/105 156/270/105 353/271/105
f 467/272/106 298/264/106 141/210/106 458/222/106
f 119/256/107 150/273/107 372/274/107 371/257/107
f 409/262/108 145/261/108 153/275/108 410/276/108
f 121/213/109 120/212/109 151/277/109 152/278/109
f 453/223/110 121/213/110 152/278/110 459/279/110
f 158/280/111 166/214/111 376/217/111 374/281/111
f 410/276/112 153/275/112 161/282/112 411/283/112
f 152/278/113 151/277/113 159/284/113 160/285/113
f 150/269/114 149/268/114 157/286/114 158/287/114
f 353/271/115 156/270/115 164/288/115 354/289/115
f 384/290/116 175/291/116 379/292/116 390/293/116
f 411/283/117 161/282/117 169/294/117 412/295/117
f 160/285/118 159/284/118 167/296/118 168/297/118
f 158/287/119 157/286/119 165/298/119 166/299/119
f 354/289/120 164/288/120 172/300/120 355/301/120
f 459/279/121 152/278/121 160/285/121 460/302/121
f 380/303/122 736/304/122 960/305/122 392/306/122
f 168/297/123 167/296/123 175/307/123 176/308/123
f 166/299/124 165/298/124 173/309/124 174/310/124
f 389/311/125 387/312/125 739/313/125 933/314/125
f 460/302/126 160/285/126 168/297/126 461/315/126
f 120/316/127 142/317/127 368/318/127 369/319/127
f 134/242/128 133/320/128 106/46/128 107/243/128
f 103/237/129 102/236/129 133/320/129 134/242/129
f 132/191/130 195/190/130 192/321/130 105/322/130
f 150/273/131 158/280/131 374/281/131 372/274/131
f 188/189/132 187/323/132 194/324/132 195/190/132
f 461/315/133 168/297/133 176/308/133 462/325/133
f 111/326/134 127/327/134 128/328/134 112/329/134
f 111/326/135 110/45/135 126/330/135 127/327/135
f 456/331/136 132/332/136 105/185/136 449/184/136
f 181/333/137 184/334/137 185/335/137 179/336/137
f 275/146/138 267/235/138 61/142/138 201/144/138
f 6/337/139 8/338/139 184/334/139 181/339/139
f 359/107/140 358/124/140 22/125/140 23/108/140
f 420/340/141 380/341/141 392/306/141 421/342/141
f 271/343/142 100/344/142 101/345/142 272/346/142
f 180/347/143 186/348/143 182/349/143 178/350/143
f 112/329/144 113/351/144 109/232/144 108/231/144
f 106/46/145 110/45/145 111/326/145 107/243/145
f 187/323/146 189/352/146 193/353/146 194/324/146
f 179/336/147 185/335/147 186/348/147 180/347/147
f 360/52/148 365/354/148 250/355/148 26/53/148
f 332/356/149 12/357/149 146/358/149 334/359/149
f 334/359/150 146/358/150 154/360/150 335/361/150
f 335/361/151 154/360/151 162/362/151 336/363/151
f 336/363/152 162/362/152 170/364/152 337/365/152
f 388/366/153 382/367/153 737/368/153 913/369/153
f 345/48/154 184/334/154 8/338/154 340/370/154
f 138/371/155 333/372/155 320/373/155 295/374/155
f 268/375/156 277/376/156 234/377/156 80/378/156
f 232/379/157 229/380/157 230/381/157 233/382/157
f 342/383/158 182/349/158 186/348/158 346/384/158
f 346/384/159 186/348/159 185/335/159 347/47/159
f 451/385/160 113/351/160 129/26/160 455/25/160
f 341/20/161 27/19/161 17/386/161 349/387/161
f 100/388/162 187/323/162 188/189/162 101/389/162
f 105/185/163 104/390/163 135/230/163 136/186/163
f 45/91/164 47/98/164 80/391/164 81/233/164
f 737/392/165 382/393/165 393/394/165 975/395/165
f 111/326/166 112/329/166 108/231/166 107/243/166
f 103/396/167 190/397/167 193/353/167 131/398/167
f 105/399/168 192/321/168 191/400/168 104/401/168
f 195/190/169 194/324/169 191/400/169 192/321/169
f 131/398/170 193/353/170 189/352/170 36/402/170
f 41/77/171 43/92/171 82/234/171 90/166/171
f 67/162/172 75/129/172 59/114/172 54/113/172
f 344/64/173 183/403/173 182/349/173 342/383/173
f 178/350/174 182/349/174 183/403/174 177/404/174
f 448/405/175 101/345/175 132/332/175 456/331/175
f 273/406/176 274/407/176 751/408/176 741/409/176
f 179/410/177 180/411/177 50/120/177 72/88/177
f 50/120/178 180/411/178 178/412/178 66/121/178
f 51/87/179 181/413/179 179/410/179 72/88/179
f 15/40/180 6/414/180 181/415/180 51/87/180
f 178/412/181 177/416/181 49/15/181 66/121/181
f 69/42/182 70/41/182 14/119/182 4/122/182
f 73/139/183 53/163/183 83/151/183 84/140/183
f 340/417/184 343/249/184 57/252/184 16/418/184
f 208/62/185 207/111/185 215/419/185 216/420/185
f 465/421/186 251/422/186 125/224/186 454/244/186
f 127/327/187 126/330/187 212/423/187 211/424/187
f 129/26/188 128/328/188 210/425/188 209/27/188
f 262/99/189 268/426/189 80/391/189 47/98/189
f 213/427/190 222/428/190 206/72/190 198/59/190
f 78/133/191 88/154/191 205/155/191 203/145/191
f 88/154/192 87/74/192 204/73/192 205/155/192
f 217/429/193 215/419/193 207/111/193 200/168/193
f 219/430/194 202/143/194 203/145/194 220/431/194
f 219/430/195 218/147/195 201/144/195 202/143/195
f 332/356/196 19/432/196 139/433/196 333/372/196
f 1/434/197 62/435/197 428/436/197 427/437/197
f 220/438/198 240/439/198 239/440/198 219/441/198
f 80/378/199 234/377/199 235/442/199 81/443/199
f 219/441/200 239/440/200 238/444/200 218/445/200
f 232/446/201 216/447/201 215/448/201 229/449/201
f 216/447/202 232/446/202 223/450/202 213/451/202
f 204/73/203 206/72/203 222/428/203 214/156/203
f 213/427/204 198/59/204 208/62/204 216/420/204
f 227/452/205 214/453/205 222/454/205 242/455/205
f 33/55/206 97/182/206 96/175/206 31/149/206
f 203/145/207 205/155/207 221/157/207 220/431/207
f 350/456/208 349/387/208 17/386/208 217/457/208
f 241/458/209 227/459/209 225/460/209 226/461/209
f 240/462/210 241/458/210 226/461/210 236/463/210
f 258/464/211 259/13/211 562/465/211 550/466/211
f 217/467/212 17/468/212 231/469/212 237/470/212
f 96/179/213 230/178/213 231/471/213 17/472/213
f 35/127/214 39/78/214 89/167/214 91/183/214
f 30/473/215 224/474/215 233/177/215 97/180/215
f 217/475/216 237/476/216 229/449/216 215/448/216
f 82/477/217 236/478/217 226/479/217 90/480/217
f 221/481/218 241/482/218 240/439/218 220/438/218
f 213/451/219 223/450/219 242/455/219 222/454/219
f 90/480/220 226/479/220 225/199/220 89/198/220
f 214/453/221 227/452/221 241/482/221 221/481/221
f 91/197/222 228/196/222 224/474/222 30/473/222
f 400/483/223 407/484/223 444/485/223 438/486/223
f 365/354/224 366/487/224 247/488/224 250/355/224
f 212/423/225 243/489/225 244/490/225 211/424/225
f 128/328/226 127/327/226 211/424/226 210/425/226
f 251/422/227 252/491/227 124/225/227 125/224/227
f 228/492/228 242/493/228 223/494/228 224/495/228
f 230/381/229 229/380/229 237/470/229 231/469/229
f 235/496/230 239/497/230 240/462/230 236/463/230
f 234/498/231 238/499/231 239/497/231 235/496/231
f 224/495/232 223/494/232 232/379/232 233/382/232
f 415/500/233 404/501/233 122/201/233 254/200/233
f 366/487/234 364/103/234 197/106/234 247/488/234
f 273/502/235 741/503/235 602/504/235 263/16/235
f 243/489/236 254/200/236 253/203/236 244/490/236
f 244/490/237 245/505/237 210/425/237 211/424/237
f 245/505/238 252/491/238 251/422/238 246/30/238
f 81/443/239 235/442/239 236/478/239 82/477/239
f 210/425/240 245/505/240 246/30/240 209/27/240
f 348/250/241 199/506/241 256/507/241 350/456/241
f 177/416/242 273/502/242 263/16/242 49/15/242
f 2/126/243 13/14/243 259/13/243 258/464/243
f 599/102/244 634/508/244 268/426/244 262/99/244
f 177/404/245 183/403/245 274/407/245 273/406/245
f 238/444/246 278/509/246 276/510/246 218/445/246
f 634/511/247 802/512/247 277/376/247 268/375/247
f 659/513/248 271/343/248 272/346/248 660/514/248
f 253/203/249 252/491/249 245/505/249 244/490/249
f 657/515/250 269/240/250 270/241/250 658/516/250
f 984/517/251 416/238/251 269/240/251 657/515/251
f 265/518/252 266/519/252 281/520/252 280/521/252
f 238/499/253 234/498/253 277/170/253 278/169/253
f 267/522/254 275/523/254 283/524/254 282/525/254
f 275/523/255 276/510/255 278/509/255 283/524/255
f 264/526/256 265/518/256 280/521/256 279/527/256
f 47/98/257 48/97/257 261/100/257 262/99/257
f 356/80/258 367/93/258 260/96/258 20/81/258
f 455/528/259 464/529/259 494/530/259 488/531/259
f 923/532/260 351/63/260 264/66/260 608/533/260
f 562/465/261 259/13/261 263/16/261 602/504/261
f 849/534/262 848/535/262 282/536/262 283/537/262
f 846/538/263 281/539/263 282/536/263 848/535/263
f 849/534/264 283/537/264 278/540/264 804/541/264
f 847/542/265 280/543/265 281/539/265 846/538/265
f 850/544/266 279/545/266 280/543/266 847/542/266
f 608/546/267 264/547/267 279/545/267 850/544/267
f 266/519/268 267/522/268 282/525/268 281/520/268
f 34/548/269 32/549/269 285/550/269 286/551/269
f 46/552/270 44/553/270 290/554/270 291/555/270
f 227/459/271 242/493/271 228/492/271 225/460/271
f 98/556/272 34/548/272 286/551/272 293/557/272
f 48/558/273 46/552/273 291/555/273 292/559/273
f 42/560/274 40/561/274 288/562/274 289/563/274
f 32/549/275 18/564/275 284/565/275 285/550/275
f 38/566/276 98/556/276 293/557/276 287/567/276
f 44/553/277 42/560/277 289/563/277 290/554/277
f 600/568/278 261/569/278 294/570/278 865/571/278
f 261/569/278 48/558/278 292/559/278 294/570/278
f 333/372/279 139/433/279 284/572/279 320/373/279
f 12/357/280 332/356/280 333/372/280 138/371/280
f 299/573/281 298/574/281 328/575/281 329/576/281
f 402/577/282 9/578/282 322/579/282 418/580/282
f 117/581/283 116/582/283 324/583/283 325/584/283
f 339/34/284 327/33/284 297/585/284 140/247/284
f 865/571/285 294/570/285 302/586/285 869/587/285
f 869/587/286 302/586/286 303/588/286 877/589/286
f 292/559/287 304/590/287 302/586/287 294/570/287
f 303/588/288 302/586/288 304/590/288 305/591/288
f 291/555/289 290/554/289 306/592/289 307/593/289
f 307/593/290 306/592/290 308/594/290 309/595/290
f 291/555/291 307/593/291 304/590/291 292/559/291
f 304/590/292 307/593/292 309/595/292 305/591/292
f 289/563/293 288/562/293 310/596/293 311/597/293
f 311/597/294 310/596/294 312/598/294 313/599/294
f 289/563/295 311/597/295 306/592/295 290/554/295
f 306/592/296 311/597/296 313/599/296 308/594/296
f 318/600/297 317/601/297 285/550/297 284/565/297
f 285/550/298 317/601/298 316/602/298 286/551/298
f 286/551/299 316/602/299 315/603/299 293/557/299
f 293/557/300 315/603/300 314/604/300 287/567/300
f 40/561/301 38/566/301 287/567/301 288/562/301
f 318/600/302 284/565/302 139/605/302 319/606/302
f 468/607/303 325/584/303 328/575/303 469/608/303
f 326/609/304 323/610/304 331/611/304 330/612/304
f 325/584/305 324/583/305 329/576/305 328/575/305
f 418/580/306 322/579/306 327/613/306 419/614/306
f 380/615/307 389/311/307 933/314/307 736/616/307
f 452/617/308 117/581/308 325/584/308 468/607/308
f 467/618/309 295/619/309 320/620/309 469/608/309
f 417/621/310 301/622/310 331/611/310 419/614/310
f 115/623/311 114/624/311 323/610/311 326/609/311
f 301/622/312 300/625/312 330/612/312 331/611/312
f 383/626/153 388/366/153 913/369/153 738/627/153
f 163/628/313 336/363/313 337/365/313 171/629/313
f 155/630/314 335/361/314 336/363/314 163/628/314
f 147/631/315 334/359/315 335/361/315 155/630/315
f 19/432/316 332/356/316 334/359/316 147/631/316
f 751/408/317 274/407/317 351/63/317 923/532/317
f 200/251/318 348/250/318 350/456/318 217/457/318
f 256/507/319 255/632/319 349/387/319 350/456/319
f 54/65/173 344/64/173 342/383/173 67/633/173
f 28/634/320 341/20/320 349/387/320 255/632/320
f 287/567/321 314/604/321 310/596/321 288/562/321
f 52/635/159 346/384/159 347/47/159 73/50/159
f 67/633/158 342/383/158 346/384/158 52/635/158
f 53/49/322 345/48/322 340/370/322 16/636/322
f 56/637/323 199/506/323 348/250/323 343/249/323
f 274/407/324 183/403/324 344/64/324 351/63/324
f 185/335/325 184/334/325 345/48/325 347/47/325
f 10/638/326 321/17/326 341/20/326 28/634/326
f 18/18/327 321/17/327 320/373/327 284/572/327
f 161/639/328 354/289/328 355/301/328 169/640/328
f 153/641/329 353/271/329 354/289/329 161/639/329
f 145/642/330 352/260/330 353/271/330 153/641/330
f 11/643/331 338/246/331 352/260/331 145/642/331
f 11/643/332 137/31/332 339/34/332 338/246/332
f 1/644/333 257/645/333 367/93/333 356/80/333
f 248/646/334 196/647/334 364/103/334 366/487/334
f 249/648/335 248/646/335 366/487/335 365/354/335
f 29/649/336 249/648/336 365/354/336 360/52/336
f 7/650/337 5/651/337 358/124/337 359/107/337
f 3/652/338 62/653/338 362/79/338 357/68/338
f 5/651/339 68/654/339 363/67/339 358/124/339
f 196/647/340 55/655/340 361/104/340 364/103/340
f 257/645/341 549/656/341 938/94/341 367/93/341
f 62/653/342 1/644/342 356/80/342 362/79/342
f 8/657/343 56/637/343 343/249/343 340/417/343
f 68/654/344 3/652/344 357/68/344 363/67/344
f 9/658/345 29/649/345 360/52/345 322/51/345
f 322/51/346 24/54/346 297/585/346 327/33/346
f 471/659/347 396/660/347 978/661/347 1061/662/347
f 142/317/348 299/663/348 329/664/348 368/318/348
f 167/665/349 159/666/349 375/667/349 377/668/349
f 151/669/350 120/316/350 369/319/350 373/670/350
f 159/666/351 151/669/351 373/670/351 375/667/351
f 300/671/352 143/255/352 370/258/352 330/672/352
f 175/291/353 167/665/353 377/668/353 379/292/353
f 174/215/354 386/673/354 391/674/354 378/216/354
f 171/629/153 337/365/153 388/366/153 383/626/153
f 169/640/307 355/301/307 389/311/307 380/615/307
f 176/308/355 175/307/355 384/675/355 385/676/355
f 337/365/153 170/364/153 382/367/153 388/366/153
f 174/310/356 173/309/356 381/677/356 386/678/356
f 355/301/357 172/300/357 387/312/357 389/311/357
f 412/295/358 169/294/358 380/679/358 420/680/358
f 385/681/141 384/682/141 394/683/141 396/660/141
f 462/325/359 176/308/359 385/676/359 470/684/359
f 421/342/360 392/306/360 960/305/360 1006/685/360
f 397/686/361 395/687/361 959/688/361 979/689/361
f 396/660/362 394/683/362 977/690/362 978/661/362
f 386/691/141 381/692/141 395/687/141 397/686/141
f 470/693/141 385/681/141 396/660/141 471/659/141
f 395/687/363 421/342/363 1006/685/363 959/688/363
f 173/309/364 412/295/364 420/680/364 381/677/364
f 296/694/365 417/621/365 419/614/365 327/613/365
f 323/610/366 418/580/366 419/614/366 331/611/366
f 114/624/367 402/577/367 418/580/367 323/610/367
f 62/435/368 3/204/368 429/205/368 428/436/368
f 402/695/369 404/696/369 441/697/369 440/698/369
f 254/200/370 243/489/370 414/699/370 415/500/370
f 126/330/371 405/700/371 413/701/371 212/423/371
f 381/692/141 420/340/141 421/342/141 395/687/141
f 165/298/372 411/283/372 412/295/372 173/309/372
f 157/286/373 410/276/373 411/283/373 165/298/373
f 149/268/374 409/262/374 410/276/374 157/286/374
f 118/220/375 403/12/375 409/262/375 149/268/375
f 301/267/376 417/253/376 408/9/376 144/219/376
f 55/702/377 196/703/377 432/704/377 430/705/377
f 243/489/378 212/423/378 413/701/378 414/699/378
f 55/655/379 7/650/379 359/107/379 361/104/379
f 102/236/380 399/706/380 407/707/380 133/320/380
f 37/193/381 398/239/381 406/708/381 130/194/381
f 549/709/382 257/710/382 431/711/382 1023/712/382
f 130/194/383 406/708/383 399/706/383 102/236/383
f 144/219/384 408/9/384 403/12/384 118/220/384
f 122/201/385 404/501/385 402/713/385 114/228/385
f 133/320/386 407/707/386 400/43/386 106/46/386
f 444/485/387 422/138/387 423/137/387 438/486/387
f 441/697/388 424/8/388 425/7/388 440/698/388
f 443/714/389 428/436/389 429/205/389 437/715/389
f 436/161/390 427/437/390 428/436/390 443/714/390
f 437/715/391 429/205/391 422/138/391 444/485/391
f 110/45/392 401/44/392 405/700/392 126/330/392
f 435/24/393 445/23/393 432/704/393 433/4/393
f 442/716/394 430/705/394 432/704/394 445/23/394
f 446/717/395 435/24/395 433/4/395 434/3/395
f 1023/712/396 431/711/396 447/160/396 1025/718/396
f 434/3/397 424/8/397 441/697/397 446/717/397
f 431/711/398 427/437/398 436/161/398 447/160/398
f 423/137/399 426/719/399 439/720/399 438/486/399
f 439/720/400 426/719/400 430/705/400 442/716/400
f 407/484/401 399/721/401 437/715/401 444/485/401
f 416/159/402 984/722/402 1025/718/402 447/160/402
f 196/703/403 248/1/403 433/4/403 432/704/403
f 406/723/404 398/158/404 436/161/404 443/714/404
f 9/724/405 402/725/405 440/698/405 425/7/405
f 5/136/406 7/726/406 426/719/406 423/137/406
f 404/696/407 415/727/407 446/717/407 441/697/407
f 257/710/408 1/434/408 427/437/408 431/711/408
f 401/728/409 400/483/409 438/486/409 439/720/409
f 415/727/410 414/21/410 435/24/410 446/717/410
f 399/721/411 406/723/411 443/714/411 437/715/411
f 413/22/412 405/729/412 442/716/412 445/23/412
f 405/729/413 401/728/413 439/720/413 442/716/413
f 138/730/414 295/731/414 510/732/414 499/733/414
f 393/394/415 471/734/415 1061/735/415 975/395/415
f 298/574/416 467/618/416 469/608/416 328/575/416
f 10/736/417 452/617/417 468/607/417 321/737/417
f 321/737/418 468/607/418 469/608/418 320/620/418
f 660/514/419 272/346/419 466/738/419 1038/739/419
f 6/740/420 69/741/420 477/742/420 476/743/420
f 256/744/421 199/83/421 474/86/421 493/745/421
f 28/746/422 255/747/422 495/748/422 473/749/422
f 7/726/423 55/702/423 430/705/423 426/719/423
f 382/393/424 170/750/424 503/751/424 393/394/424
f 154/752/425 146/753/425 500/754/425 501/755/425
f 462/756/426 470/757/426 471/734/426 509/758/426
f 162/759/427 154/752/427 501/755/427 502/760/427
f 467/761/428 458/762/428 505/763/428 511/764/428
f 464/529/429 463/765/429 492/766/429 494/530/429
f 456/767/430 449/768/430 482/769/430 489/770/430
f 113/351/431 451/385/431 450/263/431 109/232/431
f 463/765/432 465/771/432 496/772/432 492/766/432
f 272/346/433 101/345/433 448/405/433 466/738/433
f 246/30/434 251/422/434 465/421/434 463/29/434
f 452/773/435 10/774/435 472/775/435 486/776/435
f 258/207/436 550/777/436 1074/778/436 491/208/436
f 492/766/437 496/772/437 495/748/437 493/745/437
f 497/779/438 481/780/438 480/209/438 491/208/438
f 485/781/439 478/782/439 476/743/439 484/783/439
f 1073/784/440 497/779/440 491/208/440 1074/778/440
f 495/748/441 496/772/441 487/785/441 473/749/441
f 480/209/442 481/780/442 489/770/442 479/37/442
f 479/37/443 489/770/443 482/769/443 483/38/443
f 451/786/444 455/528/444 488/531/444 485/781/444
f 477/742/445 490/787/445 484/783/445 476/743/445
f 473/749/446 487/785/446 486/776/446 472/775/446
f 483/38/447 482/769/447 490/787/447 477/742/447
f 493/745/448 474/86/448 494/530/448 492/766/448
f 475/85/449 488/531/449 494/530/449 474/86/449
f 457/788/450 450/789/450 484/783/450 490/787/450
f 454/790/451 452/791/451 486/776/451 487/785/451
f 8/792/452 6/740/452 476/743/452 478/782/452
f 10/793/453 28/746/453 473/749/453 472/775/453
f 450/789/454 451/786/454 485/781/454 484/783/454
f 255/747/455 256/744/455 493/745/455 495/748/455
f 478/782/456 485/781/456 488/531/456 475/85/456
f 63/36/457 2/206/457 480/209/457 479/37/457
f 1038/794/458 466/795/458 497/779/458 1073/784/458
f 69/741/459 4/35/459 483/38/459 477/742/459
f 449/768/460 457/788/460 490/787/460 482/769/460
f 465/771/461 454/790/461 487/785/461 496/772/461
f 466/795/462 448/796/462 481/780/462 497/779/462
f 448/796/463 456/767/463 489/770/463 481/780/463
f 503/751/464 509/758/464 471/734/464 393/394/464
f 502/760/465 508/797/465 509/758/465 503/751/465
f 501/755/466 507/798/466 508/797/466 502/760/466
f 500/754/467 506/799/467 507/798/467 501/755/467
f 498/800/468 504/801/468 506/799/468 500/754/468
f 510/732/469 511/764/469 505/763/469 499/733/469
f 499/733/470 505/763/470 504/801/470 498/800/470
f 458/762/471 453/802/471 504/801/471 505/763/471
f 461/803/472 462/756/472 509/758/472 508/797/472
f 295/804/473 467/805/473 511/764/473 510/732/473
f 146/753/474 12/806/474 498/800/474 500/754/474
f 460/807/475 461/803/475 508/797/475 507/798/475
f 459/808/476 460/807/476 507/798/476 506/799/476
f 12/806/477 138/730/477 499/733/477 498/800/477
f 170/750/478 162/759/478 502/760/478 503/751/478
f 453/802/479 459/808/479 506/799/479 504/801/479
f 379/292/480 378/216/480 391/674/480 390/293/480
f 390/293/481 391/674/481 386/809/481 384/810/481
f 377/668/482 376/217/482 378/216/482 379/292/482
f 375/667/483 374/281/483 376/217/483 377/668/483
f 373/670/484 372/274/484 374/281/484 375/667/484
f 369/319/485 371/257/485 372/274/485 373/670/485
f 329/664/486 330/672/486 370/258/486 368/318/486
f 368/318/487 370/258/487 371/257/487 369/319/487
f 116/582/488 115/623/488 326/609/488 324/583/488
f 324/583/489 326/609/489 330/612/489 329/576/489
f 270/241/490 271/343/490 659/513/490 658/516/490
f 189/352/491 187/323/491 100/388/491 36/811/491
f 194/324/492 193/353/492 190/397/492 191/400/492
f 191/400/493 190/397/493 103/812/493 104/401/493
f 36/192/494 100/344/494 271/343/494 270/241/494
f 252/491/495 253/203/495 123/202/495 124/225/495
f 124/225/496 123/202/496 115/229/496 116/226/496
f 113/351/497 112/329/497 128/328/497 129/26/497
f 104/390/498 103/237/498 134/242/498 135/230/498
f 384/682/141 386/691/141 397/686/141 394/683/141
f 260/96/499 570/95/499 1105/813/499 512/814/499
f 535/815/500 1134/816/500 1107/817/500 513/818/500
f 545/819/501 1145/820/501 1109/821/501 514/822/501
f 526/823/502 1124/824/502 1111/825/502 515/826/502
f 515/826/503 1111/825/503 1113/827/503 516/828/503
f 394/683/504 397/686/504 979/689/504 977/690/504
f 56/84/505 8/792/505 478/782/505 475/85/505
f 517/109/506 23/108/506 518/829/506 519/830/506
f 519/830/507 518/829/507 520/831/507 521/832/507
f 521/832/508 520/831/508 522/833/508 523/834/508
f 523/834/509 522/833/509 524/835/509 525/836/509
f 516/828/510 525/836/510 524/835/510 515/826/510
f 514/822/511 1109/821/511 1124/824/511 526/823/511
f 22/125/512 71/70/512 528/837/512 527/838/512
f 527/838/513 528/837/513 530/839/513 529/840/513
f 529/840/514 530/839/514 532/841/514 531/842/514
f 531/842/515 532/841/515 534/843/515 533/844/515
f 526/823/516 533/844/516 534/843/516 514/822/516
f 22/125/517 527/838/517 518/829/517 23/108/517
f 518/829/518 527/838/518 529/840/518 520/831/518
f 520/831/519 529/840/519 531/842/519 522/833/519
f 522/833/520 531/842/520 533/844/520 524/835/520
f 524/835/521 533/844/521 526/823/521 515/826/521
f 512/814/522 1105/813/522 1134/816/522 535/815/522
f 260/96/523 512/814/523 538/845/523 20/81/523
f 20/81/524 538/845/524 537/846/524 65/82/524
f 65/82/525 537/846/525 536/847/525 21/69/525
f 21/69/526 536/847/526 528/837/526 71/70/526
f 512/814/527 535/815/527 541/848/527 538/845/527
f 538/845/528 541/848/528 540/849/528 537/846/528
f 537/846/529 540/849/529 539/850/529 536/847/529
f 530/839/530 528/837/530 536/847/530 539/850/530
f 535/815/531 513/818/531 544/851/531 541/848/531
f 541/848/532 544/851/532 543/852/532 540/849/532
f 540/849/533 543/852/533 542/853/533 539/850/533
f 532/841/534 530/839/534 539/850/534 542/853/534
f 545/819/535 514/822/535 534/843/535 546/854/535
f 513/818/536 545/819/536 546/854/536 544/851/536
f 513/818/537 1107/817/537 1145/820/537 545/819/537
f 534/843/538 532/841/538 542/853/538 546/854/538
f 543/852/539 544/851/539 546/854/539 542/853/539
f 815/855/540 1020/856/540 1021/857/540 816/858/540
f 579/859/541 1011/860/541 1012/861/541 557/862/541
f 994/863/542 989/864/542 559/865/542 696/866/542
f 826/867/543 830/868/543 601/869/543 561/870/543
f 896/871/544 917/872/544 577/873/544 567/874/544
f 1000/875/545 1022/876/545 1034/877/545 999/878/545
f 1045/879/546 1054/880/546 774/881/546 688/882/546
f 1053/883/547 813/884/547 774/881/547 1054/880/547
f 696/885/548 915/886/548 902/887/548 870/888/548
f 552/889/549 1076/890/549 1070/891/549 617/892/549
f 554/893/550 623/894/550 624/895/550 564/896/550
f 986/897/551 665/898/551 669/899/551 987/900/551
f 924/901/552 627/902/552 606/903/552 921/904/552
f 897/905/553 574/906/553 576/907/553 939/908/553
f 583/909/554 654/910/554 653/911/554 584/912/554
f 763/913/555 773/914/555 649/915/555 648/916/555
f 928/917/556 831/918/556 607/919/556 920/920/556
f 942/921/557 625/922/557 571/923/557 935/924/557
f 647/925/558 642/926/558 769/927/558 771/928/558
f 590/929/559 589/930/559 591/931/559 592/932/559
f 941/933/560 619/934/560 569/935/560 934/936/560
f 764/937/561 1065/938/561 1066/939/561 610/940/561
f 624/895/562 626/941/562 604/942/562 564/896/562
f 594/943/563 593/944/563 595/945/563 596/946/563
f 946/947/564 827/948/564 570/95/564 938/94/564
f 595/945/565 597/949/565 598/950/565 596/946/565
f 829/951/566 599/102/566 600/101/566 828/952/566
f 943/953/567 762/954/567 612/955/567 940/956/567
f 940/956/568 612/955/568 1115/957/568 573/958/568 937/959/568
f 650/960/569 649/915/569 773/914/569 772/961/569
f 831/962/570 832/963/570 613/964/570 607/965/570
f 832/963/571 833/966/571 614/967/571 613/964/571
f 618/968/572 620/969/572 603/970/572 563/971/572
f 561/870/573 601/869/573 620/969/573 618/968/573
f 552/972/574 617/973/574 618/968/574 563/971/574
f 592/932/575 591/931/575 593/944/575 594/943/575
f 936/974/576 572/975/576 625/922/576 942/921/576
f 563/971/577 603/970/577 626/941/577 624/895/577
f 617/973/578 548/976/578 561/870/578 618/968/578
f 935/924/579 571/923/579 619/934/579 941/933/579
f 585/977/580 589/930/580 590/929/580 588/978/580
f 629/979/581 631/980/581 630/981/581 628/982/581
f 631/980/582 633/983/582 632/984/582 630/981/582
f 622/985/583 1009/986/583 1010/987/583 553/988/583
f 627/989/584 605/990/584 628/982/584 639/991/584
f 613/964/585 614/967/585 631/980/585 629/979/585
f 614/967/586 615/992/586 633/983/586 631/980/586
f 767/993/587 633/983/587 615/992/587 766/994/587
f 767/993/588 768/995/588 632/984/588 633/983/588
f 842/996/589 843/997/589 783/998/589 766/994/589
f 581/999/590 583/909/590 584/912/590 582/1000/590
f 639/991/591 641/1001/591 640/1002/591 638/1003/591
f 641/1001/592 643/1004/592 642/926/592 640/1002/592
f 770/1005/593 786/1006/593 779/1007/593 769/927/593
f 983/1008/594 1024/1009/594 1036/1010/594 1002/1011/594
f 621/1012/595 629/979/595 628/982/595 605/990/595
f 628/982/596 630/981/596 641/1001/596 639/991/596
f 630/981/597 632/984/597 643/1004/597 641/1001/597
f 816/858/598 1021/857/598 1011/860/598 579/859/598
f 650/960/599 606/1013/599 638/1003/599 649/915/599
f 611/1014/600 565/1015/600 606/1013/600 650/960/600
f 591/931/601 589/930/601 644/1016/601 645/1017/601
f 765/1018/602 611/1014/602 650/960/602 772/961/602
f 638/1003/603 640/1002/603 648/916/603 649/915/603
f 845/1019/604 804/172/604 802/171/604 844/1020/604
f 566/1021/605 651/1022/605 581/999/605 577/1023/605
f 582/1000/606 567/1024/606 577/1023/606 581/999/606
f 798/1025/607 652/1026/607 651/1027/607 795/1028/607
f 763/913/608 648/916/608 647/925/608 771/928/608
f 583/909/609 652/1029/609 580/1030/609 654/910/609
f 653/911/610 654/910/610 585/977/610 588/978/610
f 585/977/611 654/910/611 580/1030/611 646/1031/611
f 1039/1032/612 1047/1033/612 695/1034/612 664/1035/612
f 656/1036/613 691/1037/613 760/1038/613 753/1039/613
f 586/1040/614 690/1041/614 689/1042/614 587/1043/614
f 793/1044/615 790/1045/615 644/1046/615 646/1047/615
f 640/1002/616 642/926/616 647/925/616 648/916/616
f 821/1048/617 820/1049/617 682/1050/617 681/1051/617
f 551/1052/618 1016/1053/618 1009/986/618 622/985/618
f 548/1054/619 1071/1055/619 1084/1056/619 825/1057/619
f 700/1058/620 680/1059/620 679/1060/620 701/1061/620
f 725/1062/621 955/1063/621 957/1064/621 733/1065/621
f 702/1066/622 678/1067/622 677/1068/622 703/1069/622
f 1048/1070/623 1043/1071/623 680/1059/623 700/1058/623
f 684/1072/624 676/1073/624 675/1074/624 683/1075/624
f 682/1050/625 674/1076/625 673/1077/625 681/1051/625
f 695/1034/626 668/1078/626 667/1079/626 694/1080/626
f 595/945/627 593/944/627 637/1081/627 636/1082/627
f 833/966/628 834/1083/628 615/992/628 614/967/628
f 690/1041/629 662/1084/629 661/1085/629 689/1042/629
f 1002/1086/630 836/1087/630 587/1043/630 983/1088/630
f 836/1087/631 837/1089/631 586/1040/631 587/1043/631
f 694/1080/632 667/1079/632 666/1090/632 693/1091/632
f 1044/1092/633 1042/1093/633 676/1073/633 684/1072/633
f 914/1094/634 575/1095/634 699/1096/634 915/886/634
f 919/1097/635 611/1098/635 765/1099/635 925/1100/635
f 1003/1101/636 994/863/636 696/866/636 870/1102/636
f 702/1103/637 949/1104/637 950/1105/637 678/1106/637
f 914/1094/638 929/1107/638 707/1108/638 575/1095/638
f 989/864/639 995/1109/639 704/1110/639 559/865/639
f 1047/1033/640 1040/1111/640 668/1078/640 695/1034/640
f 872/1112/641 700/1058/641 701/1061/641 873/1113/641
f 874/1114/642 702/1066/642 703/1069/642 875/1115/642
f 678/1067/643 709/1116/643 708/1117/643 677/1068/643
f 929/1107/644 930/1118/644 715/1119/644 707/1108/644
f 1057/1120/645 1048/1070/645 700/1058/645 872/1112/645
f 678/1106/646 950/1105/646 951/1121/646 709/1122/646
f 995/1109/647 996/1123/647 712/1124/647 704/1110/647
f 680/1059/648 711/1125/648 710/1126/648 679/1060/648
f 1043/1071/649 1049/1127/649 711/1125/649 680/1059/649
f 717/1128/650 953/1129/650 955/1063/650 725/1062/650
f 996/1123/651 997/1130/651 720/1131/651 712/1124/651
f 711/1125/652 719/1132/652 718/1133/652 710/1126/652
f 709/1116/653 717/1134/653 716/1135/653 708/1117/653
f 930/1118/654 931/1136/654 723/1137/654 715/1119/654
f 965/1138/655 971/1139/655 958/1140/655 734/1141/655
f 997/1130/656 998/1142/656 728/1143/656 720/1131/656
f 719/1132/657 727/1144/657 726/1145/657 718/1133/657
f 717/1134/658 725/1146/658 724/1147/658 716/1135/658
f 931/1136/659 932/1148/659 731/1149/659 723/1137/659
f 1049/1127/660 1050/1150/660 719/1132/660 711/1125/660
f 961/1151/661 973/1152/661 960/1153/661 736/1154/661
f 727/1144/662 735/1155/662 734/1156/662 726/1145/662
f 725/1146/663 733/1157/663 732/1158/663 724/1147/663
f 970/1159/664 933/1160/664 739/1161/664 968/1162/664
f 1050/1150/665 1051/1163/665 727/1144/665 719/1132/665
f 679/1164/666 948/1165/666 947/1166/666 701/1167/666
f 693/1091/667 666/1090/667 665/898/667 692/1168/667
f 662/1084/668 693/1091/668 692/1168/668 661/1085/668
f 691/1037/669 664/1169/669 757/1170/669 760/1038/669
f 709/1122/670 951/1121/670 953/1129/670 717/1128/670
f 753/1039/671 760/1038/671 759/1171/671 752/1172/671
f 1051/1163/672 1052/1173/672 735/1155/672 727/1144/672
f 670/1174/673 671/1175/673 687/1176/673 686/1177/673
f 670/1174/674 686/1177/674 685/1178/674 669/899/674
f 1046/1179/675 1039/1032/675 664/1035/675 691/1180/675
f 745/1181/676 743/1182/676 749/1183/676 748/1184/676
f 842/996/677 766/994/677 615/992/677 834/1083/677
f 554/1185/678 745/1186/678 748/1184/678 556/1187/678
f 937/959/679 573/958/679 572/975/679 936/974/679
f 1007/1188/680 1008/1189/680 973/1152/680 961/1190/680
f 838/1191/681 839/1192/681 656/1193/681 655/1194/681
f 744/1195/682 742/1196/682 746/1197/682 750/1198/682
f 671/1175/683 667/1079/683 668/1078/683 672/1199/683
f 665/898/684 666/1090/684 670/1174/684 669/899/684
f 752/1172/685 759/1171/685 758/1200/685 754/1201/685
f 743/1182/686 744/1195/686 750/1198/686 749/1183/686
f 939/908/687 576/907/687 817/1202/687 944/1203/687
f 907/1204/688 909/1205/688 705/1206/688 560/1207/688
f 909/1205/689 910/1208/689 713/1209/689 705/1206/689
f 910/1208/690 911/1210/690 721/1211/690 713/1209/690
f 911/1210/691 912/1212/691 729/1213/691 721/1211/691
f 969/1214/153 913/1215/153 737/1216/153 963/1217/153
f 921/904/692 916/1218/692 556/1187/692 748/1184/692
f 697/1219/693 868/1220/693 895/1221/693 908/1222/693
f 835/1223/694 635/1224/694 799/1225/694 844/1226/694
f 797/1227/695 798/1228/695 795/1229/695 794/1230/695
f 918/1231/696 922/1232/696 750/1198/696 746/1197/696
f 922/1232/697 924/901/697 749/1183/697 750/1198/697
f 1041/1233/698 1045/879/698 688/882/698 672/1199/698
f 917/872/699 926/1234/699 566/1235/699 577/873/699
f 655/1236/700 656/1237/700 753/1039/700 752/1172/700
f 664/1035/701 695/1034/701 694/1080/701 663/1238/701
f 595/945/702 636/1082/702 635/1239/702 597/949/702
f 737/1240/703 975/1241/703 974/1242/703 963/1243/703
f 670/1174/704 666/1090/704 667/1079/704 671/1175/704
f 662/1244/705 690/1245/705 758/1200/705 755/1246/705
f 664/1247/706 663/1248/706 756/1249/706 757/1170/706
f 760/1038/707 757/1170/707 756/1249/707 759/1171/707
f 690/1245/708 586/1250/708 754/1201/708 758/1200/708
f 591/931/709 645/1017/709 637/1081/709 593/944/709
f 621/1012/710 607/965/710 613/964/710 629/979/710
f 920/920/711 918/1231/711 746/1197/711 747/1251/711
f 742/1196/712 740/1252/712 747/1251/712 746/1197/712
f 1037/1253/713 1046/1179/713 691/1180/713 656/1193/713
f 840/1254/714 741/409/714 751/408/714 841/1255/714
f 743/1256/715 626/941/715 603/970/715 744/1257/715
f 603/970/716 620/969/716 742/1258/716 744/1257/716
f 604/942/717 626/941/717 743/1256/717 745/1259/717
f 564/896/718 604/942/718 745/1260/718 554/1261/718
f 742/1258/719 620/969/719 601/869/719 740/1262/719
f 623/894/720 552/972/720 563/971/720 624/895/720
f 627/989/721 639/991/721 638/1003/721 606/1013/721
f 916/1263/722 565/1264/722 611/1098/722 919/1097/722
f 773/914/723 781/1265/723 780/1266/723 772/961/723
f 1055/1267/724 1044/1092/724 684/1072/724 818/1268/724
f 686/1177/725 776/1269/725 777/1270/725 685/1178/725
f 688/882/726 774/881/726 775/1271/726 687/1176/726
f 829/951/727 597/949/727 635/1239/727 835/1272/727
f 778/1273/728 763/913/728 771/928/728 787/1274/728
f 632/984/729 768/995/729 770/1005/729 643/1004/729
f 643/1004/730 770/1005/730 769/927/730 642/926/730
f 782/1275/731 765/1018/731 772/961/731 780/1266/731
f 784/1276/732 785/1277/732 768/995/732 767/993/732
f 784/1276/733 767/993/733 766/994/733 783/998/733
f 907/1204/734 908/1222/734 698/1278/734 568/1279/734
f 547/1280/735 1014/1281/735 1015/1282/735 616/1283/735
f 785/1284/736 784/1285/736 806/1286/736 807/1287/736
f 635/1224/737 636/1288/737 800/1289/737 799/1225/737
f 784/1285/738 783/1290/738 805/1291/738 806/1286/738
f 797/1292/739 794/1293/739 780/1294/739 781/1295/739
f 781/1295/740 778/1296/740 788/1297/740 797/1292/740
f 769/927/741 779/1007/741 787/1274/741 771/928/741
f 778/1273/742 781/1265/742 773/914/742 763/913/742
f 792/1298/743 809/1299/743 787/1300/743 779/1301/743
f 583/909/744 581/999/744 651/1022/744 652/1029/744
f 768/995/745 785/1277/745 786/1006/745 770/1005/745
f 927/1302/746 782/1303/746 566/1235/746 926/1234/746
f 808/1304/747 791/1305/747 790/1306/747 792/1307/747
f 807/1308/748 801/1309/748 791/1305/748 808/1304/748
f 825/1310/749 550/466/749 562/465/749 826/867/749
f 782/1311/750 803/1312/750 796/1313/750 566/1314/750
f 651/1027/751 566/1315/751 796/1316/751 795/1028/751
f 585/977/752 646/1031/752 644/1016/752 589/930/752
f 580/1317/753 652/1026/753 798/1025/753 789/1318/753
f 782/1319/754 780/1294/754 794/1293/754 803/1320/754
f 637/1321/755 645/1322/755 791/1323/755 801/1324/755
f 786/1325/756 785/1284/756 807/1287/756 808/1326/756
f 778/1296/757 787/1300/757 809/1299/757 788/1297/757
f 645/1322/758 644/1046/758 790/1045/758 791/1323/758
f 779/1301/759 786/1325/759 808/1326/759 792/1298/759
f 646/1047/760 580/1317/760 789/1318/760 793/1044/760
f 986/1327/761 1027/1328/761 1033/1329/761 993/1330/761
f 944/1203/762 817/1202/762 814/1331/762 945/1332/762
f 777/1270/763 776/1269/763 811/1333/763 810/1334/763
f 687/1176/764 775/1271/764 776/1269/764 686/1177/764
f 818/1268/765 684/1072/765 683/1075/765 819/1335/765
f 793/1336/766 789/1337/766 788/1338/766 809/1339/766
f 795/1229/767 796/1313/767 803/1312/767 794/1230/767
f 800/1340/768 801/1309/768 807/1308/768 806/1341/768
f 799/1342/769 800/1340/769 806/1341/769 805/1343/769
f 789/1337/770 798/1228/770 797/1227/770 788/1338/770
f 1001/1344/771 821/1048/771 681/1051/771 990/1345/771
f 945/1332/772 814/1331/772 762/954/772 943/953/772
f 840/1346/773 830/868/773 602/504/773 741/503/773
f 810/1334/774 811/1333/774 820/1049/774 821/1048/774
f 811/1333/775 776/1269/775 775/1271/775 812/1347/775
f 812/1347/776 813/884/776 818/1268/776 819/1335/776
f 636/1288/777 637/1321/777 801/1324/777 800/1289/777
f 775/1271/778 774/881/778 813/884/778 812/1347/778
f 925/1100/779 927/1302/779 823/1348/779 764/1349/779
f 740/1262/780 601/869/780 830/868/780 840/1346/780
f 548/976/781 825/1310/781 826/867/781 561/870/781
f 599/102/782 829/951/782 835/1272/782 634/508/782
f 740/1252/783 840/1254/783 841/1255/783 747/1251/783
f 805/1291/784 783/1290/784 843/1350/784 845/1351/784
f 634/511/785 835/1223/785 844/1226/785 802/512/785
f 659/513/786 660/514/786 839/1192/786 838/1191/786
f 820/1049/787 811/1333/787 812/1347/787 819/1335/787
f 657/515/788 658/516/788 837/1089/788 836/1087/788
f 984/517/789 657/515/789 836/1087/789 1002/1086/789
f 832/1352/790 852/1353/790 853/1354/790 833/1355/790
f 805/1343/791 845/1019/791 844/1020/791 799/1342/791
f 834/1356/792 854/1357/792 855/1358/792 842/1359/792
f 842/1359/793 855/1358/793 845/1351/793 843/1350/793
f 831/1360/794 851/1361/794 852/1353/794 832/1352/794
f 597/949/795 829/951/795 828/952/795 598/950/795
f 934/936/796 569/935/796 827/948/796 946/947/796
f 1045/1362/797 1081/1363/797 1087/1364/797 1054/1365/797
f 923/532/798 608/533/798 831/918/798 928/917/798
f 562/465/799 602/504/799 830/868/799 826/867/799
f 849/534/800 855/1366/800 854/1367/800 848/535/800
f 846/538/801 848/535/801 854/1367/801 853/1368/801
f 849/534/802 804/541/802 845/1369/802 855/1366/802
f 847/542/803 846/538/803 853/1368/803 852/1370/803
f 850/544/804 847/542/804 852/1370/804 851/1371/804
f 608/546/805 850/544/805 851/1371/805 831/1372/805
f 833/1355/806 853/1354/806 854/1357/806 834/1356/806
f 584/1373/807 858/1374/807 857/1375/807 582/1376/807
f 596/1377/808 863/1378/808 862/1379/808 594/1380/808
f 792/1307/809 790/1306/809 793/1336/809 809/1339/809
f 653/1381/810 866/1382/810 858/1374/810 584/1373/810
f 598/1383/811 864/1384/811 863/1378/811 596/1377/811
f 592/1385/812 861/1386/812 860/1387/812 590/1388/812
f 582/1376/813 857/1375/813 856/1389/813 567/1390/813
f 588/1391/814 859/1392/814 866/1382/814 653/1381/814
f 594/1380/815 862/1379/815 861/1386/815 592/1385/815
f 600/1393/816 865/571/816 867/1394/816 828/1395/816
f 828/1395/816 867/1394/816 864/1384/816 598/1383/816
f 908/1222/817 895/1221/817 856/1396/817 698/1278/817
f 560/1207/818 697/1219/818 908/1222/818 907/1204/818
f 873/1397/819 904/1398/819 903/1399/819 872/1400/819
f 988/1401/820 1004/1402/820 897/1403/820 557/1404/820
f 676/1405/821 900/1406/821 899/1407/821 675/1408/821
f 915/886/822 699/1096/822 871/1409/822 902/887/822
f 865/571/823 869/587/823 876/1410/823 867/1394/823
f 869/587/824 877/589/824 878/1411/824 876/1410/824
f 864/1384/825 867/1394/825 876/1410/825 879/1412/825
f 878/1411/826 880/1413/826 879/1412/826 876/1410/826
f 863/1378/827 882/1414/827 881/1415/827 862/1379/827
f 882/1414/828 884/1416/828 883/1417/828 881/1415/828
f 863/1378/829 864/1384/829 879/1412/829 882/1414/829
f 879/1412/830 880/1413/830 884/1416/830 882/1414/830
f 861/1386/831 886/1418/831 885/1419/831 860/1387/831
f 886/1418/832 888/1420/832 887/1421/832 885/1419/832
f 861/1386/833 862/1379/833 881/1415/833 886/1418/833
f 881/1415/834 883/1417/834 888/1420/834 886/1418/834
f 893/1422/835 856/1389/835 857/1375/835 892/1423/835
f 857/1375/836 858/1374/836 891/1424/836 892/1423/836
f 858/1374/837 866/1382/837 890/1425/837 891/1424/837
f 866/1382/838 859/1392/838 889/1426/838 890/1425/838
f 590/1388/839 860/1387/839 859/1392/839 588/1391/839
f 893/1422/840 894/1427/840 698/1428/840 856/1389/840
f 1058/1429/841 1059/1430/841 903/1399/841 900/1406/841
f 901/1431/842 905/1432/842 906/1433/842 898/1434/842
f 900/1406/843 903/1399/843 904/1398/843 899/1407/843
f 1004/1402/844 1005/1435/844 902/1436/844 897/1403/844
f 961/1437/307 736/1438/307 933/1160/307 970/1159/307
f 1042/1439/845 1058/1429/845 900/1406/845 676/1405/845
f 1057/1440/846 1059/1430/846 895/1441/846 868/1442/846
f 1003/1443/847 1005/1435/847 906/1433/847 875/1444/847
f 674/1445/848 901/1431/848 898/1434/848 673/1446/848
f 875/1444/849 906/1433/849 905/1432/849 874/1447/849
f 964/1448/153 738/1449/153 913/1215/153 969/1214/153
f 722/1450/850 730/1451/850 912/1212/850 911/1210/850
f 714/1452/851 722/1450/851 911/1210/851 910/1208/851
f 706/1453/852 714/1452/852 910/1208/852 909/1205/852
f 568/1279/853 706/1453/853 909/1205/853 907/1204/853
f 751/408/854 923/532/854 928/917/854 841/1255/854
f 765/1099/855 782/1303/855 927/1302/855 925/1100/855
f 823/1348/856 927/1302/856 926/1234/856 822/1454/856
f 607/919/711 621/1455/711 918/1231/711 920/920/711
f 578/1456/857 822/1454/857 926/1234/857 917/872/857
f 859/1392/858 860/1387/858 885/1419/858 889/1426/858
f 605/1457/697 627/902/697 924/901/697 922/1232/697
f 621/1455/696 605/1457/696 922/1232/696 918/1231/696
f 606/903/859 565/1458/859 916/1218/859 921/904/859
f 610/1459/860 919/1097/860 925/1100/860 764/1349/860
f 841/1255/861 928/917/861 920/920/861 747/1251/861
f 749/1183/862 924/901/862 921/904/862 748/1184/862
f 558/1460/863 578/1456/863 917/872/863 896/871/863
f 567/874/864 856/1396/864 895/1221/864 896/871/864
f 720/1461/865 728/1462/865 932/1148/865 931/1136/865
f 712/1463/866 720/1461/866 931/1136/866 930/1118/866
f 704/1464/867 712/1463/867 930/1118/867 929/1107/867
f 559/1465/868 704/1464/868 929/1107/868 914/1094/868
f 559/1465/869 914/1094/869 915/886/869 696/885/869
f 547/1466/870 934/936/870 946/947/870 824/1467/870
f 815/1468/871 945/1332/871 943/953/871 761/1469/871
f 816/1470/872 944/1203/872 945/1332/872 815/1468/872
f 579/1471/873 939/908/873 944/1203/873 816/1470/873
f 555/1472/874 937/959/874 936/974/874 553/1473/874
f 551/1474/875 935/924/875 941/933/875 616/1475/875
f 553/1473/876 936/974/876 942/921/876 622/1476/876
f 761/1469/877 943/953/877 940/956/877 609/1477/877
f 824/1467/878 946/947/878 938/94/878 549/656/878
f 616/1475/879 941/933/879 934/936/879 547/1466/879
f 556/1478/880 916/1263/880 919/1097/880 610/1459/880
f 622/1476/881 942/921/881 935/924/881 551/1474/881
f 557/1479/882 897/905/882 939/908/882 579/1471/882
f 897/905/883 902/887/883 871/1409/883 574/906/883
f 1062/1480/884 1061/1481/884 978/1482/884 981/1483/884
f 701/1167/885 947/1166/885 904/1484/885 873/1485/885
f 726/1486/886 956/1487/886 954/1488/886 718/1489/886
f 710/1490/887 952/1491/887 948/1165/887 679/1164/887
f 718/1489/888 954/1488/888 952/1491/888 710/1490/888
f 874/1492/889 905/1493/889 949/1104/889 702/1103/889
f 734/1141/890 958/1140/890 956/1487/890 726/1486/890
f 733/1065/891 957/1064/891 972/1494/891 967/1495/891
f 730/1451/153 964/1448/153 969/1214/153 912/1212/153
f 728/1462/307 961/1437/307 970/1159/307 932/1148/307
f 735/1155/892 966/1496/892 965/1497/892 734/1156/892
f 912/1212/153 969/1214/153 963/1217/153 729/1213/153
f 733/1157/893 967/1498/893 962/1499/893 732/1158/893
f 932/1148/894 970/1159/894 968/1162/894 731/1149/894
f 998/1142/895 1007/1500/895 961/1501/895 728/1143/895
f 966/1502/680 981/1483/680 976/1503/680 965/1504/680
f 1052/1173/896 1060/1505/896 966/1496/896 735/1155/896
f 1008/1189/897 1006/1506/897 960/1153/897 973/1152/897
f 982/1507/898 979/1508/898 959/1509/898 980/1510/898
f 981/1483/899 978/1482/899 977/1511/899 976/1503/899
f 967/1512/680 982/1507/680 980/1510/680 962/1513/680
f 1060/1514/680 1062/1480/680 981/1483/680 966/1502/680
f 980/1510/900 959/1509/900 1006/1506/900 1008/1189/900
f 732/1158/901 962/1499/901 1007/1500/901 998/1142/901
f 870/1515/902 902/1436/902 1005/1435/902 1003/1443/902
f 898/1434/903 906/1433/903 1005/1435/903 1004/1402/903
f 673/1446/904 898/1434/904 1004/1402/904 988/1401/904
f 616/1283/905 1015/1282/905 1016/1053/905 551/1052/905
f 988/1516/906 1029/1517/906 1030/1518/906 990/1519/906
f 821/1048/907 1001/1344/907 1000/1520/907 810/1334/907
f 685/1178/908 777/1270/908 999/1521/908 991/1522/908
f 962/1513/680 980/1510/680 1008/1189/680 1007/1188/680
f 724/1147/909 732/1158/909 998/1142/909 997/1130/909
f 716/1135/910 724/1147/910 997/1130/910 996/1123/910
f 708/1117/911 716/1135/911 996/1123/911 995/1109/911
f 677/1068/912 708/1117/912 995/1109/912 989/864/912
f 875/1115/913 703/1069/913 994/863/913 1003/1101/913
f 609/1523/914 1017/1524/914 1019/1525/914 761/1526/914
f 810/1334/915 1000/1520/915 999/1521/915 777/1270/915
f 609/1477/916 940/956/916 937/959/916 555/1472/916
f 661/1085/917 692/1168/917 993/1527/917 985/1528/917
f 587/1043/918 689/1042/918 992/1529/918 983/1088/918
f 549/709/919 1023/712/919 1018/1530/919 824/1531/919
f 689/1042/920 661/1085/920 985/1528/920 992/1529/920
f 703/1069/921 677/1068/921 989/864/921 994/863/921
f 681/1051/922 673/1077/922 988/1532/922 990/1345/922
f 692/1168/923 665/898/923 986/897/923 993/1527/923
f 1033/1329/924 1027/1328/924 1010/987/924 1009/986/924
f 1030/1518/925 1029/1517/925 1012/861/925 1011/860/925
f 1032/1533/926 1026/1534/926 1016/1053/926 1015/1282/926
f 1024/1009/927 1032/1533/927 1015/1282/927 1014/1281/927
f 1026/1534/928 1033/1329/928 1009/986/928 1016/1053/928
f 669/899/929 685/1178/929 991/1522/929 987/900/929
f 1022/876/930 1020/856/930 1019/1525/930 1034/877/930
f 1031/1535/931 1034/877/931 1019/1525/931 1017/1524/931
f 1035/1536/932 1021/857/932 1020/856/932 1022/876/932
f 1023/712/933 1025/718/933 1036/1010/933 1018/1530/933
f 1021/857/934 1035/1536/934 1030/1518/934 1011/860/934
f 1018/1530/935 1036/1010/935 1024/1009/935 1014/1281/935
f 1010/987/936 1027/1328/936 1028/1537/936 1013/1538/936
f 1028/1537/937 1031/1535/937 1017/1524/937 1013/1538/937
f 993/1330/938 1033/1329/938 1026/1534/938 985/1539/938
f 1002/1011/939 1036/1010/939 1025/718/939 984/722/939
f 761/1526/940 1019/1525/940 1020/856/940 815/855/940
f 992/1540/941 1032/1533/941 1024/1009/941 983/1008/941
f 557/1541/942 1012/861/942 1029/1517/942 988/1542/942
f 553/988/943 1010/987/943 1013/1538/943 555/1543/943
f 990/1519/944 1030/1518/944 1035/1536/944 1001/1544/944
f 824/1531/945 1018/1530/945 1014/1281/945 547/1280/945
f 987/1545/946 1028/1537/946 1027/1328/946 986/1327/946
f 1001/1544/947 1035/1536/947 1022/876/947 1000/875/947
f 985/1539/948 1026/1534/948 1032/1533/948 992/1540/948
f 999/878/949 1034/877/949 1031/1535/949 991/1546/949
f 991/1546/950 1031/1535/950 1028/1537/950 987/1545/950
f 697/1547/951 1092/1548/951 1103/1549/951 868/1550/951
f 974/1242/952 975/1241/952 1061/1551/952 1062/1552/952
f 872/1400/953 903/1399/953 1059/1430/953 1057/1440/953
f 558/1553/954 896/1554/954 1058/1429/954 1042/1439/954
f 896/1554/955 895/1441/955 1059/1430/955 1058/1429/955
f 660/514/956 1038/739/956 1056/1555/956 839/1192/956
f 554/1556/957 1067/1557/957 1068/1558/957 623/1559/957
f 823/1560/958 1086/1561/958 1065/938/958 764/937/958
f 578/1562/959 1064/1563/959 1088/1564/959 822/1565/959
f 555/1543/960 1013/1538/960 1017/1524/960 609/1523/960
f 963/1243/961 974/1242/961 1096/1566/961 729/1567/961
f 713/1568/962 1094/1569/962 1093/1570/962 705/1571/962
f 1052/1572/963 1102/1573/963 1062/1552/963 1060/1574/963
f 721/1575/964 1095/1576/964 1094/1569/964 713/1568/964
f 1057/1577/965 1104/1578/965 1098/1579/965 1048/1580/965
f 1054/1365/966 1087/1364/966 1085/1581/966 1053/1582/966
f 1046/1583/967 1082/1584/967 1075/1585/967 1039/1586/967
f 672/1199/968 668/1078/968 1040/1111/968 1041/1233/968
f 1053/1582/969 1085/1581/969 1089/1587/969 1055/1588/969
f 839/1192/970 1056/1555/970 1037/1253/970 656/1193/970
f 813/884/971 1053/883/971 1055/1267/971 818/1268/971
f 1042/1589/972 1079/1590/972 1063/1591/972 558/1592/972
f 825/1057/973 1084/1056/973 1074/778/973 550/777/973
f 1085/1581/974 1086/1561/974 1088/1564/974 1089/1587/974
f 1090/1593/975 1084/1056/975 1071/1055/975 1072/1594/975
f 1078/1595/976 1077/1596/976 1067/1557/976 1069/1597/976
f 1073/784/977 1074/778/977 1084/1056/977 1090/1593/977
f 1088/1564/978 1064/1563/978 1080/1598/978 1089/1587/978
f 1071/1055/979 1070/891/979 1082/1584/979 1072/1594/979
f 1070/891/980 1076/890/980 1075/1585/980 1082/1584/980
f 1041/1599/981 1078/1595/981 1081/1363/981 1045/1362/981
f 1068/1558/982 1067/1557/982 1077/1596/982 1083/1600/982
f 1064/1563/983 1063/1591/983 1079/1590/983 1080/1598/983
f 1076/890/984 1068/1558/984 1083/1600/984 1075/1585/984
f 1086/1561/985 1085/1581/985 1087/1364/985 1065/938/985
f 1066/939/986 1065/938/986 1087/1364/986 1081/1363/986
f 1047/1601/987 1083/1600/987 1077/1596/987 1040/1602/987
f 1044/1603/988 1080/1598/988 1079/1590/988 1042/1604/988
f 556/1605/989 1069/1597/989 1067/1557/989 554/1556/989
f 558/1606/990 1063/1591/990 1064/1563/990 578/1562/990
f 1040/1602/991 1077/1596/991 1078/1595/991 1041/1599/991
f 822/1565/992 1088/1564/992 1086/1561/992 823/1560/992
f 1069/1597/993 1066/939/993 1081/1363/993 1078/1595/993
f 617/892/994 1070/891/994 1071/1055/994 548/1054/994
f 1038/794/995 1073/784/995 1090/1593/995 1056/1607/995
f 623/1559/996 1068/1558/996 1076/890/996 552/889/996
f 1039/1586/997 1075/1585/997 1083/1600/997 1047/1601/997
f 1055/1588/998 1089/1587/998 1080/1598/998 1044/1603/998
f 1056/1607/999 1090/1593/999 1072/1594/999 1037/1608/999
f 1037/1608/1000 1072/1594/1000 1082/1584/1000 1046/1583/1000
f 1096/1566/1001 974/1242/1001 1062/1552/1001 1102/1573/1001
f 1095/1576/1002 1096/1566/1002 1102/1573/1002 1101/1609/1002
f 1094/1569/1003 1095/1576/1003 1101/1609/1003 1100/1610/1003
f 1093/1570/1004 1094/1569/1004 1100/1610/1004 1099/1611/1004
f 1091/1612/1005 1093/1570/1005 1099/1611/1005 1097/1613/1005
f 1103/1549/1006 1092/1548/1006 1098/1579/1006 1104/1578/1006
f 1092/1548/1007 1091/1612/1007 1097/1613/1007 1098/1579/1007
f 1048/1580/1008 1098/1579/1008 1097/1613/1008 1043/1614/1008
f 1051/1615/1009 1101/1609/1009 1102/1573/1009 1052/1572/1009
f 868/1616/1010 1103/1549/1010 1104/1578/1010 1057/1617/1010
f 705/1571/1011 1093/1570/1011 1091/1612/1011 560/1618/1011
f 1050/1619/1012 1100/1610/1012 1101/1609/1012 1051/1615/1012
f 1049/1620/1013 1099/1611/1013 1100/1610/1013 1050/1619/1013
f 560/1618/1014 1091/1612/1014 1092/1548/1014 697/1547/1014
f 729/1567/1015 1096/1566/1015 1095/1576/1015 721/1575/1015
f 1043/1614/1016 1097/1613/1016 1099/1611/1016 1049/1620/1016
f 958/1140/1017 971/1139/1017 972/1494/1017 957/1064/1017
f 971/1139/1018 965/1621/1018 967/1622/1018 972/1494/1018
f 956/1487/1019 958/1140/1019 957/1064/1019 955/1063/1019
f 954/1488/1020 956/1487/1020 955/1063/1020 953/1129/1020
f 952/1491/1021 954/1488/1021 953/1129/1021 951/1121/1021
f 948/1165/1022 952/1491/1022 951/1121/1022 950/1105/1022
f 904/1484/1023 947/1166/1023 949/1104/1023 905/1493/1023
f 947/1166/1024 948/1165/1024 950/1105/1024 949/1104/1024
f 675/1408/1025 899/1407/1025 901/1431/1025 674/1445/1025
f 899/1407/1026 904/1398/1026 905/1432/1026 901/1431/1026
f 837/1089/1027 658/516/1027 659/513/1027 838/1191/1027
f 754/1201/1028 586/1623/1028 655/1236/1028 752/1172/1028
f 759/1171/1029 756/1249/1029 755/1246/1029 758/1200/1029
f 756/1249/1030 663/1248/1030 662/1624/1030 755/1246/1030
f 586/1040/1031 837/1089/1031 838/1191/1031 655/1194/1031
f 819/1335/1032 683/1075/1032 682/1050/1032 820/1049/1032
f 683/1075/1033 675/1074/1033 674/1076/1033 682/1050/1033
f 672/1199/1034 688/882/1034 687/1176/1034 671/1175/1034
f 663/1238/1035 694/1080/1035 693/1091/1035 662/1084/1035
f 965/1504/680 976/1503/680 982/1507/680 967/1512/680
f 827/948/1036 1106/1625/1036 1105/813/1036 570/95/1036
f 1135/1626/1037 1108/1627/1037 1107/817/1037 1134/816/1037
f 1146/1628/1038 1110/1629/1038 1109/821/1038 1145/820/1038
f 1125/1630/1039 1112/1631/1039 1111/825/1039 1124/824/1039
f 1112/1631/1040 1114/1632/1040 1113/827/1040 1111/825/1040
f 976/1503/1041 977/1511/1041 979/1508/1041 982/1507/1041
f 610/940/1042 1066/939/1042 1069/1597/1042 556/1605/1042
f 1115/957/1043 1117/1633/1043 1116/1634/1043 573/958/1043
f 1117/1633/1044 1119/1635/1044 1118/1636/1044 1116/1634/1044
f 1119/1635/1045 1121/1637/1045 1120/1638/1045 1118/1636/1045
f 1121/1637/1046 1123/1639/1046 1122/1640/1046 1120/1638/1046
f 1114/1632/1047 1112/1631/1047 1122/1640/1047 1123/1639/1047
f 1110/1629/1048 1125/1630/1048 1124/824/1048 1109/821/1048
f 572/975/1049 1126/1641/1049 1127/1642/1049 625/922/1049
f 1126/1641/1050 1128/1643/1050 1129/1644/1050 1127/1642/1050
f 1128/1643/1051 1130/1645/1051 1131/1646/1051 1129/1644/1051
f 1130/1645/1052 1132/1647/1052 1133/1648/1052 1131/1646/1052
f 1125/1630/1053 1110/1629/1053 1133/1648/1053 1132/1647/1053
f 572/975/1054 573/958/1054 1116/1634/1054 1126/1641/1054
f 1116/1634/1055 1118/1636/1055 1128/1643/1055 1126/1641/1055
f 1118/1636/1056 1120/1638/1056 1130/1645/1056 1128/1643/1056
f 1120/1638/1057 1122/1640/1057 1132/1647/1057 1130/1645/1057
f 1122/1640/1058 1112/1631/1058 1125/1630/1058 1132/1647/1058
f 1106/1625/1059 1135/1626/1059 1134/816/1059 1105/813/1059
f 827/948/1060 569/935/1060 1138/1649/1060 1106/1625/1060
f 569/935/1061 619/934/1061 1137/1650/1061 1138/1649/1061
f 619/934/1062 571/923/1062 1136/1651/1062 1137/1650/1062
f 571/923/1063 625/922/1063 1127/1642/1063 1136/1651/1063
f 1106/1625/1064 1138/1649/1064 1141/1652/1064 1135/1626/1064
f 1138/1649/1065 1137/1650/1065 1140/1653/1065 1141/1652/1065
f 1137/1650/1066 1136/1651/1066 1139/1654/1066 1140/1653/1066
f 1129/1644/1067 1139/1654/1067 1136/1651/1067 1127/1642/1067
f 1135/1626/1068 1141/1652/1068 1144/1655/1068 1108/1627/1068
f 1141/1652/1069 1140/1653/1069 1143/1656/1069 1144/1655/1069
f 1140/1653/1070 1139/1654/1070 1142/1657/1070 1143/1656/1070
f 1131/1646/1071 1142/1657/1071 1139/1654/1071 1129/1644/1071
f 1146/1628/1072 1147/1658/1072 1133/1648/1072 1110/1629/1072
f 1108/1627/1073 1144/1655/1073 1147/1658/1073 1146/1628/1073
f 1108/1627/1074 1146/1628/1074 1145/820/1074 1107/817/1074
f 1133/1648/1075 1147/1658/1075 1142/1657/1075 1131/1646/1075
f 1143/1656/1076 1142/1657/1076 1147/1658/1076 1144/1655/1076
o Helmet_Head_Plane.004
v 0.061433 0.879427 0.334552
v 0.068075 0.963262 0.220957
v 0.070762 0.991390 0.156772
v 0.066455 1.007837 0.078809
v 0.062264 1.009094 -0.016535
v 0.058193 0.993884 -0.099778
v 0.057131 0.966292 -0.158959
v 0.056556 0.920713 -0.230417
v 0.057771 0.866483 -0.288394
v 0.058248 0.793862 -0.339209
v 0.056370 0.697801 -0.378506
v 0.057482 0.573563 -0.398735
v 0.063927 0.926517 0.278860
v 0.057299 0.632982 -0.392732
v 0.107212 0.573782 -0.389403
v 0.108199 0.633434 -0.382221
v 0.175799 0.575723 -0.367812
v 0.178755 0.637382 -0.361495
v 0.241492 0.577248 -0.326337
v 0.240879 0.629109 -0.318320
v 0.288274 0.581931 -0.285486
v 0.284035 0.629551 -0.280304
v 0.335241 0.586773 -0.223846
v 0.332375 0.632894 -0.213865
v 0.380211 0.586422 -0.140915
v 0.375350 0.630562 -0.132504
v 0.407508 0.576990 -0.056165
v 0.403035 0.618960 -0.044347
v 0.409648 0.572284 0.058152
v 0.403497 0.611350 0.061472
v 0.394863 0.569593 0.126125
v 0.388834 0.608286 0.128884
v 0.366004 0.601470 0.190868
v 0.371067 0.564141 0.189871
v 0.335414 0.562084 0.252532
v 0.329968 0.598270 0.254766
v 0.113434 0.865313 0.326023
v 0.114139 0.906983 0.282512
v 0.123452 0.946096 0.223159
v 0.121132 0.974874 0.158494
v 0.121440 0.993152 0.081335
v 0.115251 0.995071 -0.017341
v 0.113324 0.977183 -0.099320
v 0.112038 0.952573 -0.157468
v 0.112877 0.911864 -0.217403
v 0.106396 0.859257 -0.276208
v 0.110924 0.790906 -0.324400
v 0.108541 0.699638 -0.364733
v 0.176211 0.702437 -0.342518
v 0.232171 0.692067 -0.301585
v 0.173628 0.787878 -0.308861
v 0.225683 0.766274 -0.272206
v 0.169668 0.852783 -0.261445
v 0.221419 0.820157 -0.232883
v 0.166791 0.900699 -0.204546
v 0.225344 0.855740 -0.189631
v 0.170722 0.942987 -0.143311
v 0.211545 0.899796 -0.134458
v 0.170731 0.964673 -0.090055
v 0.221233 0.926122 -0.078470
v 0.172311 0.986299 -0.012517
v 0.216308 0.946059 -0.004309
v 0.175026 0.980486 0.074686
v 0.227454 0.937586 0.073505
v 0.175535 0.960801 0.154251
v 0.228132 0.919318 0.145115
v 0.171824 0.925824 0.220147
v 0.222599 0.892104 0.210900
v 0.166953 0.891566 0.281368
v 0.209069 0.857417 0.263975
v 0.155072 0.849636 0.322605
v 0.193714 0.824645 0.304739
v 0.279889 0.694181 -0.261265
v 0.278167 0.746914 -0.241407
v 0.269463 0.793695 -0.213969
v 0.274002 0.822761 -0.180623
v 0.269041 0.857779 -0.130058
v 0.273491 0.882722 -0.069094
v 0.280015 0.900502 -0.002255
v 0.283463 0.891289 0.064332
v 0.280249 0.873496 0.129930
v 0.269038 0.853493 0.190082
v 0.253368 0.823396 0.245355
v 0.234584 0.789783 0.295143
v 0.312516 0.752465 0.214807
v 0.289081 0.723629 0.269574
v 0.346453 0.678203 0.196484
v 0.312351 0.663143 0.260266
v 0.339909 0.792983 0.102106
v 0.329499 0.776868 0.157711
v 0.377578 0.701968 0.086513
v 0.365711 0.689092 0.143088
v 0.362250 0.720854 -0.094854
v 0.379469 0.712698 -0.023111
v 0.336904 0.807944 -0.071910
v 0.347267 0.811179 -0.005826
v 0.406553 0.614288 0.008227
v 0.412662 0.575154 0.003424
v 0.382874 0.706294 0.031569
v 0.346246 0.803952 0.049852
v 0.355956 0.641257 0.194992
v 0.322684 0.631049 0.256356
v 0.391678 0.656740 0.072719
v 0.379592 0.647608 0.132691
v 0.368575 0.675882 -0.112598
v 0.391416 0.667379 -0.036235
v 0.395126 0.662397 0.019249
v 0.322010 0.731430 -0.189215
v 0.328787 0.683589 -0.198713
v 0.302449 0.692871 0.263542
v 0.332603 0.716636 0.204907
v 0.353902 0.729888 0.148338
v 0.365201 0.742208 0.092723
v 0.356855 0.762978 -0.076794
v 0.366197 0.758290 -0.013115
v 0.369880 0.749145 0.042652
v 0.267182 0.750887 0.279450
v 0.288867 0.783346 0.230153
v 0.305114 0.815054 0.175126
v 0.314822 0.838240 0.116607
v 0.316434 0.842743 -0.075418
v 0.321058 0.856956 -0.008543
v 0.319550 0.853704 0.057615
v 0.319750 0.769694 -0.165871
v 0.316768 0.795671 -0.143624
v 0.313968 0.826609 -0.112997
v 0.050767 0.832231 0.371858
v 0.288867 0.553536 0.315063
v 0.284768 0.577459 0.316612
v 0.102517 0.817097 0.367962
v 0.144930 0.809854 0.363857
v 0.168864 0.776442 0.355376
v 0.202627 0.746932 0.344377
v 0.242539 0.696512 0.331017
v 0.268321 0.643649 0.320559
v 0.276694 0.611429 0.319939
v 0.257599 0.672164 0.323555
v 0.231277 0.718495 0.333630
v 0.019677 0.884818 0.336505
v 0.025066 0.968514 0.222359
v 0.027137 0.995607 0.161879
v 0.021866 1.013405 0.076957
v 0.020649 1.016063 -0.012507
v 0.020251 0.995911 -0.106298
v 0.018835 0.968940 -0.162613
v 0.018325 0.921765 -0.234582
v 0.018446 0.868770 -0.292040
v 0.019682 0.794989 -0.343475
v 0.019460 0.698724 -0.382390
v 0.019817 0.572706 -0.402254
v 0.021311 0.932211 0.280854
v 0.019715 0.633029 -0.396835
v 0.015872 0.836067 0.372805
v 0.012908 1.021449 0.238865
v 0.013975 1.050113 0.173541
v 0.011260 1.069652 0.083142
v 0.010634 1.071735 -0.013368
v 0.010429 1.051071 -0.116587
v 0.009699 1.012859 -0.194064
v 0.009437 0.961174 -0.264436
v 0.009499 0.900586 -0.318530
v 0.010136 0.816786 -0.377232
v 0.010908 0.713981 -0.406227
v 0.010937 0.565638 -0.398104
v 0.010975 0.983644 0.301231
v 0.010930 0.634631 -0.405483
v 0.010133 0.932125 0.361662
v 0.008174 0.880856 0.400617
v 0.158535 0.632637 -0.363218
v 0.157427 0.573102 -0.372885
v 0.153783 0.926796 0.219259
v 0.157656 0.957348 0.153608
v 0.157364 0.976461 0.073610
v 0.156768 0.697308 -0.344828
v 0.157775 0.783368 -0.309409
v 0.153657 0.848524 -0.262646
v 0.150957 0.899008 -0.205382
v 0.153673 0.938619 -0.145599
v 0.154014 0.960773 -0.091646
v 0.156804 0.981200 -0.013767
v 0.153694 0.894239 0.277084
v 0.142249 0.850982 0.321284
v 0.132650 0.807617 0.363562
v 0.193271 0.631660 -0.345386
v 0.192352 0.574101 -0.355856
v 0.189129 0.695197 -0.327593
v 0.186494 0.776297 -0.295849
v 0.182244 0.839104 -0.251275
v 0.178409 0.882212 -0.198529
v 0.178269 0.925815 -0.139224
v 0.180563 0.949137 -0.085852
v 0.182053 0.968760 -0.010447
v 0.184283 0.962344 0.071641
v 0.184993 0.943222 0.150197
v 0.179093 0.913037 0.216142
v 0.175135 0.880224 0.272875
v 0.160611 0.839743 0.316996
v 0.151494 0.800365 0.357870
v 0.293669 0.630351 -0.267608
v 0.309179 0.636134 -0.255209
v 0.317626 0.632033 -0.234656
v 0.321985 0.585418 -0.241982
v 0.313815 0.588336 -0.261777
v 0.298638 0.583015 -0.272565
v 0.279992 0.793359 0.233953
v 0.274791 0.810422 0.241140
v 0.262243 0.813384 0.241554
v 0.306351 0.847054 0.119940
v 0.301861 0.863630 0.125107
v 0.289197 0.864682 0.126603
v 0.290190 0.692674 -0.248779
v 0.307196 0.696274 -0.236257
v 0.315061 0.687495 -0.217754
v 0.289157 0.742643 -0.230619
v 0.304221 0.744517 -0.220363
v 0.310845 0.734991 -0.204796
v 0.242734 0.780059 0.291220
v 0.254282 0.776938 0.291354
v 0.259033 0.760611 0.283374
v 0.278057 0.843883 0.186343
v 0.290966 0.841743 0.185242
v 0.296095 0.824664 0.178865
v 0.285920 0.871760 -0.071368
v 0.300419 0.869500 -0.073725
v 0.307561 0.851478 -0.074705
v 0.291173 0.889434 -0.004052
v 0.306054 0.886328 -0.005646
v 0.311960 0.867425 -0.007260
v 0.293263 0.881893 0.062617
v 0.306763 0.880484 0.061927
v 0.311352 0.863101 0.059264
v 0.307868 0.772395 -0.180624
v 0.299919 0.783856 -0.195195
v 0.282817 0.784375 -0.204476
v 0.307487 0.800129 -0.154231
v 0.302023 0.812685 -0.165535
v 0.285622 0.815255 -0.173171
v 0.306349 0.831538 -0.119096
v 0.299691 0.847122 -0.124826
v 0.284417 0.847529 -0.127558
v 0.209790 0.739823 0.341690
v 0.220553 0.736738 0.342595
v 0.224114 0.725605 0.336317
v 0.050767 0.792585 0.394878
v 0.099029 0.778239 0.390995
v 0.140301 0.773021 0.383623
v 0.168864 0.736796 0.378396
v 0.202627 0.707286 0.367397
v 0.015872 0.796421 0.395825
v 0.008174 0.841210 0.423638
v 0.125425 0.772802 0.383239
v 0.145629 0.764040 0.380830
v 0.026078 0.883992 0.336206
v 0.021221 0.835479 0.372660
v 0.031659 0.967709 0.222145
v 0.033825 0.994960 0.161096
v 0.028702 1.012551 0.077241
v 0.027029 1.014995 -0.013124
v 0.026068 0.995600 -0.105298
v 0.024706 0.968534 -0.162052
v 0.024186 0.921604 -0.233944
v 0.024475 0.868419 -0.291481
v 0.025594 0.794816 -0.342821
v 0.025119 0.698583 -0.381794
v 0.025592 0.572838 -0.401715
v 0.027845 0.931338 0.280548
v 0.025477 0.633022 -0.396206
v 0.021221 0.795833 0.395680
v 0.030638 0.961469 0.223418
v 0.027653 0.961833 0.223516
v 0.032804 0.988721 0.162370
v 0.029776 0.989013 0.162724
v 0.027680 1.006312 0.078515
v 0.024586 1.006698 0.078386
v 0.026008 1.008755 -0.011851
v 0.023120 1.009239 -0.011571
v 0.025046 0.989361 -0.104025
v 0.022413 0.989501 -0.104477
v 0.023684 0.962294 -0.160779
v 0.021027 0.962478 -0.161032
v 0.023165 0.915364 -0.232670
v 0.020512 0.915437 -0.232959
v 0.023453 0.862179 -0.290207
v 0.020724 0.862338 -0.290460
v 0.024573 0.788577 -0.341547
v 0.021897 0.788655 -0.341843
v 0.024097 0.692343 -0.380520
v 0.021536 0.692407 -0.380790
v 0.024570 0.566598 -0.400441
v 0.021956 0.566539 -0.400685
v 0.026823 0.925098 0.281822
v 0.023866 0.925493 0.281960
v 0.024455 0.626782 -0.394932
v 0.021847 0.626785 -0.395217
v 0.022159 0.878126 0.337615
v 0.017778 0.829506 0.373999
v 0.017778 0.789860 0.397019
v 0.025057 0.877752 0.337480
v 0.020200 0.829239 0.373933
v 0.020200 0.789593 0.396954
v 0.198705 0.631369 -0.342296
v 0.194042 0.694840 -0.324625
v 0.190967 0.775153 -0.293150
v 0.186716 0.836941 -0.249175
v 0.183767 0.879190 -0.197514
v 0.182068 0.922845 -0.138680
v 0.185205 0.946510 -0.085010
v 0.185963 0.966168 -0.009747
v 0.189211 0.959518 0.071854
v 0.189918 0.940494 0.149617
v 0.184059 0.910648 0.215543
v 0.179009 0.877621 0.271859
v 0.164389 0.838019 0.315597
v 0.154944 0.794654 0.356989
v 0.197961 0.574460 -0.352486
v 0.149228 0.757820 0.380719
v 0.148546 0.573222 -0.375807
v 0.149632 0.632778 -0.366579
v 0.148418 0.930209 0.219949
v 0.151196 0.960448 0.154472
v 0.151011 0.979413 0.074976
v 0.148238 0.697720 -0.348348
v 0.149488 0.784701 -0.312060
v 0.145299 0.850422 -0.265045
v 0.144222 0.901282 -0.207508
v 0.146309 0.941087 -0.147698
v 0.146817 0.963675 -0.093003
v 0.149454 0.983653 -0.014400
v 0.146275 0.897294 0.276535
v 0.134730 0.854809 0.321883
v 0.127104 0.809239 0.364585
v 0.118524 0.773644 0.385235
v 0.149472 0.626677 -0.363893
v 0.154148 0.626603 -0.362127
v 0.146578 0.922554 0.220712
v 0.149396 0.920761 0.220350
v 0.149875 0.952942 0.155153
v 0.153268 0.951314 0.154699
v 0.149640 0.971977 0.075418
v 0.152977 0.970427 0.074701
v 0.147900 0.691490 -0.345586
v 0.152381 0.691274 -0.343737
v 0.149035 0.778034 -0.309711
v 0.153387 0.777333 -0.308318
v 0.144880 0.843487 -0.262815
v 0.149270 0.842490 -0.261555
v 0.143032 0.894168 -0.205409
v 0.146569 0.892974 -0.204292
v 0.145418 0.933881 -0.145611
v 0.149286 0.932584 -0.144509
v 0.145847 0.956263 -0.091268
v 0.149627 0.954739 -0.090556
v 0.148556 0.976454 -0.013009
v 0.152416 0.975166 -0.012677
v 0.145068 0.890137 0.277224
v 0.148251 0.888820 0.277046
v 0.133384 0.847239 0.322637
v 0.136521 0.845663 0.322242
v 0.125044 0.802520 0.365339
v 0.127564 0.801689 0.364897
v 0.153040 0.567068 -0.371795
v 0.193574 0.568426 -0.351396
v 0.187965 0.568066 -0.354765
v 0.156223 0.833709 0.318087
v 0.147899 0.793434 0.357161
v 0.179896 0.956309 0.072731
v 0.177666 0.962725 -0.009357
v 0.170748 0.874190 0.273966
v 0.174706 0.907003 0.217232
v 0.180606 0.937188 0.151288
v 0.176175 0.943103 -0.084762
v 0.173882 0.919781 -0.138134
v 0.174022 0.876178 -0.197439
v 0.177857 0.833070 -0.250184
v 0.182107 0.770263 -0.294758
v 0.184741 0.689163 -0.326503
v 0.188883 0.625626 -0.344295
v 0.116383 0.767957 0.384875
v 0.119174 0.767189 0.384337
v 0.142323 0.755502 0.381110
v 0.194318 0.625335 -0.341205
v 0.189655 0.688806 -0.323534
v 0.186580 0.769119 -0.292059
v 0.182329 0.830907 -0.248085
v 0.179379 0.873156 -0.196423
v 0.177680 0.916811 -0.137590
v 0.180818 0.940476 -0.083919
v 0.181576 0.960134 -0.008656
v 0.184824 0.953483 0.072944
v 0.185530 0.934460 0.150708
v 0.179672 0.904613 0.216634
v 0.174621 0.871587 0.272950
v 0.160002 0.831985 0.316688
v 0.150447 0.790776 0.356848
v 0.144981 0.752880 0.380696
v 0.148375 0.567131 -0.373329
v 0.323202 0.632359 -0.226796
v 0.320250 0.686019 -0.210556
v 0.315066 0.733645 -0.198906
v 0.262114 0.756935 0.281890
v 0.299505 0.821031 0.177451
v 0.310915 0.848176 -0.074974
v 0.315399 0.863467 -0.007745
v 0.314451 0.859548 0.058640
v 0.226822 0.722917 0.335301
v 0.326996 0.585930 -0.235125
v 0.283347 0.789574 0.232516
v 0.309553 0.843722 0.118680
v 0.312360 0.771374 -0.175046
v 0.310996 0.798444 -0.150221
v 0.309230 0.829675 -0.116790
v 0.293213 0.582448 -0.279329
v 0.257597 0.818626 0.243544
v 0.284513 0.869296 0.128345
v 0.275826 0.789254 -0.209446
v 0.279539 0.819185 -0.177072
v 0.276367 0.852895 -0.128867
v 0.288626 0.629932 -0.274255
v 0.284797 0.693463 -0.255316
v 0.283403 0.744879 -0.236267
v 0.238467 0.785149 0.293274
v 0.273336 0.848914 0.188300
v 0.279413 0.877498 -0.070177
v 0.285332 0.895228 -0.003111
v 0.288132 0.886812 0.063515
v 0.206040 0.743545 0.343097
v 0.285612 0.626838 -0.271001
v 0.288729 0.627097 -0.266894
v 0.322056 0.582676 -0.234411
v 0.317045 0.582164 -0.241267
v 0.278407 0.786319 0.233231
v 0.275052 0.790104 0.234667
v 0.304613 0.840467 0.119394
v 0.301411 0.843799 0.120654
v 0.281917 0.689907 -0.252105
v 0.285250 0.689419 -0.248065
v 0.280661 0.740770 -0.233395
v 0.284217 0.739389 -0.229904
v 0.235157 0.779950 0.293203
v 0.237793 0.776804 0.291934
v 0.270199 0.843738 0.188266
v 0.273117 0.840629 0.187057
v 0.276959 0.872052 -0.069918
v 0.280980 0.868505 -0.070654
v 0.282623 0.889760 -0.002756
v 0.286233 0.886179 -0.003337
v 0.285152 0.881679 0.063886
v 0.288323 0.878639 0.063331
v 0.307420 0.768119 -0.174332
v 0.302928 0.769141 -0.179910
v 0.306056 0.795189 -0.149507
v 0.302547 0.796875 -0.153516
v 0.304289 0.826420 -0.116076
v 0.301409 0.828284 -0.118382
v 0.202532 0.738868 0.343274
v 0.204850 0.736568 0.342404
v 0.254093 0.757356 0.284088
v 0.219174 0.722350 0.337031
v 0.279476 0.844274 -0.126844
v 0.302621 0.848224 -0.073990
v 0.280681 0.812000 -0.172457
v 0.277877 0.781121 -0.203762
v 0.305905 0.731737 -0.204082
v 0.257303 0.810129 0.242269
v 0.284257 0.861428 0.127317
v 0.291155 0.821409 0.179579
v 0.307020 0.864170 -0.006546
v 0.306412 0.859846 0.059978
v 0.312685 0.628779 -0.233942
v 0.310121 0.684241 -0.217040
v 0.293698 0.579760 -0.271851
v 0.318261 0.629104 -0.226082
v 0.315310 0.682764 -0.209842
v 0.310126 0.730390 -0.198191
v 0.257174 0.753680 0.282605
v 0.294565 0.817776 0.178165
v 0.305975 0.844922 -0.074260
v 0.310459 0.860212 -0.007031
v 0.309511 0.856294 0.059354
v 0.221882 0.719662 0.336015
v 0.290345 0.579410 -0.276031
v 0.254431 0.813369 0.243498
v 0.281362 0.864279 0.128394
v 0.273556 0.784136 -0.206833
v 0.276922 0.814429 -0.174868
v 0.274502 0.847591 -0.127653
v -0.061433 0.879427 0.334552
v -0.068075 0.963262 0.220957
v 0.000000 0.941684 0.365080
v 0.000000 1.031441 0.240774
v -0.070762 0.991390 0.156772
v 0.000000 1.060010 0.174405
v -0.066455 1.007837 0.078809
v 0.000000 1.080153 0.083786
v -0.062264 1.009094 -0.016535
v 0.000000 1.081540 -0.014157
v -0.058193 0.993884 -0.099778
v 0.000000 1.060651 -0.118056
v -0.057131 0.966292 -0.158959
v 0.000000 1.021660 -0.197544
v -0.056556 0.920713 -0.230417
v 0.000000 0.969386 -0.268633
v -0.057771 0.866483 -0.288394
v 0.000000 0.909304 -0.322626
v -0.058248 0.793862 -0.339209
v 0.000000 0.824020 -0.382437
v -0.056370 0.697801 -0.378506
v 0.000000 0.720652 -0.411724
v -0.057482 0.573563 -0.398735
v 0.000000 0.570359 -0.402077
v -0.063927 0.926517 0.278860
v 0.000000 0.994334 0.303384
v -0.057299 0.632982 -0.392732
v 0.000000 0.640501 -0.411398
v -0.107212 0.573782 -0.389403
v -0.108199 0.633434 -0.382221
v -0.175799 0.575723 -0.367812
v -0.178755 0.637382 -0.361495
v -0.241492 0.577248 -0.326337
v -0.240879 0.629109 -0.318320
v -0.288274 0.581931 -0.285486
v -0.284035 0.629551 -0.280304
v -0.335241 0.586773 -0.223846
v -0.332375 0.632894 -0.213865
v -0.380211 0.586422 -0.140915
v -0.375350 0.630562 -0.132504
v -0.407508 0.576990 -0.056165
v -0.403035 0.618960 -0.044347
v -0.409648 0.572284 0.058152
v -0.403497 0.611350 0.061472
v -0.394863 0.569593 0.126125
v -0.388834 0.608286 0.128884
v -0.366004 0.601470 0.190868
v -0.371067 0.564141 0.189871
v -0.335414 0.562084 0.252532
v -0.329968 0.598270 0.254766
v -0.113434 0.865313 0.326023
v -0.114139 0.906983 0.282512
v -0.123452 0.946096 0.223159
v -0.121132 0.974874 0.158494
v -0.121440 0.993152 0.081335
v -0.115251 0.995071 -0.017341
v -0.113324 0.977183 -0.099320
v -0.112038 0.952573 -0.157468
v -0.112877 0.911864 -0.217403
v -0.106396 0.859257 -0.276208
v -0.110924 0.790906 -0.324400
v -0.108541 0.699638 -0.364733
v -0.176211 0.702437 -0.342518
v -0.232171 0.692067 -0.301585
v -0.173628 0.787878 -0.308861
v -0.225683 0.766274 -0.272206
v -0.169668 0.852783 -0.261445
v -0.221419 0.820157 -0.232883
v -0.166791 0.900699 -0.204546
v -0.225344 0.855740 -0.189631
v -0.170722 0.942987 -0.143311
v -0.211545 0.899796 -0.134458
v -0.170731 0.964673 -0.090055
v -0.221233 0.926122 -0.078470
v -0.172311 0.986299 -0.012517
v -0.216308 0.946059 -0.004309
v -0.175026 0.980486 0.074686
v -0.227454 0.937586 0.073505
v -0.175535 0.960801 0.154251
v -0.228132 0.919318 0.145115
v -0.171824 0.925824 0.220147
v -0.222599 0.892104 0.210900
v -0.166953 0.891566 0.281368
v -0.209069 0.857417 0.263975
v -0.155072 0.849636 0.322605
v -0.193714 0.824645 0.304739
v -0.279889 0.694181 -0.261265
v -0.278167 0.746914 -0.241407
v -0.269463 0.793695 -0.213969
v -0.274002 0.822761 -0.180623
v -0.269041 0.857779 -0.130058
v -0.273491 0.882722 -0.069094
v -0.280015 0.900502 -0.002255
v -0.283463 0.891289 0.064332
v -0.280249 0.873496 0.129930
v -0.269038 0.853493 0.190082
v -0.253368 0.823396 0.245355
v -0.234584 0.789783 0.295143
v -0.312516 0.752465 0.214807
v -0.289081 0.723629 0.269574
v -0.346453 0.678203 0.196484
v -0.312351 0.663143 0.260266
v -0.339909 0.792983 0.102106
v -0.329499 0.776868 0.157711
v -0.377578 0.701968 0.086513
v -0.365711 0.689092 0.143088
v -0.362250 0.720854 -0.094854
v -0.379469 0.712698 -0.023111
v -0.336904 0.807944 -0.071910
v -0.347267 0.811179 -0.005826
v -0.406553 0.614288 0.008227
v -0.412662 0.575154 0.003424
v -0.382874 0.706294 0.031569
v -0.346246 0.803952 0.049852
v -0.355956 0.641257 0.194992
v -0.322684 0.631049 0.256356
v -0.391678 0.656740 0.072719
v -0.379592 0.647608 0.132691
v -0.368575 0.675882 -0.112598
v -0.391416 0.667379 -0.036235
v -0.395126 0.662397 0.019249
v -0.322010 0.731430 -0.189215
v -0.328787 0.683589 -0.198713
v -0.302449 0.692871 0.263542
v -0.332603 0.716636 0.204907
v -0.353902 0.729888 0.148338
v -0.365201 0.742208 0.092723
v -0.356855 0.762978 -0.076794
v -0.366197 0.758290 -0.013115
v -0.369880 0.749145 0.042652
v -0.267182 0.750887 0.279450
v -0.288867 0.783346 0.230153
v -0.305114 0.815054 0.175126
v -0.314822 0.838240 0.116607
v -0.316434 0.842743 -0.075418
v -0.321058 0.856956 -0.008543
v -0.319550 0.853704 0.057615
v -0.319750 0.769694 -0.165871
v -0.316768 0.795671 -0.143624
v -0.313968 0.826609 -0.112997
v -0.050767 0.832231 0.371858
v 0.000000 0.890878 0.404427
v -0.288867 0.553536 0.315063
v -0.284768 0.577459 0.316612
v -0.102517 0.817097 0.367962
v -0.144930 0.809854 0.363857
v -0.168864 0.776442 0.355376
v -0.202627 0.746932 0.344377
v -0.242539 0.696512 0.331017
v -0.268321 0.643649 0.320559
v -0.276694 0.611429 0.319939
v -0.257599 0.672164 0.323555
v -0.231277 0.718495 0.333630
v -0.019677 0.884818 0.336505
v -0.025066 0.968514 0.222359
v -0.027137 0.995607 0.161879
v -0.021866 1.013405 0.076957
v -0.020649 1.016063 -0.012507
v -0.020251 0.995911 -0.106298
v -0.018835 0.968940 -0.162613
v -0.018325 0.921765 -0.234582
v -0.018446 0.868770 -0.292040
v -0.019682 0.794989 -0.343475
v -0.019460 0.698724 -0.382390
v -0.019817 0.572706 -0.402254
v -0.021311 0.932211 0.280854
v -0.019715 0.633029 -0.396835
v -0.015872 0.836067 0.372805
v -0.012908 1.021449 0.238865
v -0.013975 1.050113 0.173541
v -0.011260 1.069652 0.083142
v -0.010634 1.071735 -0.013368
v -0.010429 1.051071 -0.116587
v -0.009699 1.012859 -0.194064
v -0.009437 0.961174 -0.264436
v -0.009499 0.900586 -0.318530
v -0.010136 0.816786 -0.377232
v -0.010908 0.713981 -0.406227
v -0.010937 0.565638 -0.398104
v -0.010975 0.983644 0.301231
v -0.010930 0.634631 -0.405483
v -0.010133 0.932125 0.361662
v -0.008174 0.880856 0.400617
v -0.158535 0.632637 -0.363218
v -0.157427 0.573102 -0.372885
v -0.153783 0.926796 0.219259
v -0.157656 0.957348 0.153608
v -0.157364 0.976461 0.073610
v -0.156768 0.697308 -0.344828
v -0.157775 0.783368 -0.309409
v -0.153657 0.848524 -0.262646
v -0.150957 0.899008 -0.205382
v -0.153673 0.938619 -0.145599
v -0.154014 0.960773 -0.091646
v -0.156804 0.981200 -0.013767
v -0.153694 0.894239 0.277084
v -0.142249 0.850982 0.321284
v -0.132650 0.807617 0.363562
v -0.193271 0.631660 -0.345386
v -0.192352 0.574101 -0.355856
v -0.189129 0.695197 -0.327593
v -0.186494 0.776297 -0.295849
v -0.182244 0.839104 -0.251275
v -0.178409 0.882212 -0.198529
v -0.178269 0.925815 -0.139224
v -0.180563 0.949137 -0.085852
v -0.182053 0.968760 -0.010447
v -0.184283 0.962344 0.071641
v -0.184993 0.943222 0.150197
v -0.179093 0.913037 0.216142
v -0.175135 0.880224 0.272875
v -0.160611 0.839743 0.316996
v -0.151494 0.800365 0.357870
v -0.293669 0.630351 -0.267608
v -0.309179 0.636134 -0.255209
v -0.317626 0.632033 -0.234656
v -0.321985 0.585418 -0.241982
v -0.313815 0.588336 -0.261777
v -0.298638 0.583015 -0.272565
v -0.279992 0.793359 0.233953
v -0.274791 0.810422 0.241140
v -0.262243 0.813384 0.241554
v -0.306351 0.847054 0.119940
v -0.301861 0.863630 0.125107
v -0.289197 0.864682 0.126603
v -0.290190 0.692674 -0.248779
v -0.307196 0.696274 -0.236257
v -0.315061 0.687495 -0.217754
v -0.289157 0.742643 -0.230619
v -0.304221 0.744517 -0.220363
v -0.310845 0.734991 -0.204796
v -0.242734 0.780059 0.291220
v -0.254282 0.776938 0.291354
v -0.259033 0.760611 0.283374
v -0.278057 0.843883 0.186343
v -0.290966 0.841743 0.185242
v -0.296095 0.824664 0.178865
v -0.285920 0.871760 -0.071368
v -0.300419 0.869500 -0.073725
v -0.307561 0.851478 -0.074705
v -0.291173 0.889434 -0.004052
v -0.306054 0.886328 -0.005646
v -0.311960 0.867425 -0.007260
v -0.293263 0.881893 0.062617
v -0.306763 0.880484 0.061927
v -0.311352 0.863101 0.059264
v -0.307868 0.772395 -0.180624
v -0.299919 0.783856 -0.195195
v -0.282817 0.784375 -0.204476
v -0.307487 0.800129 -0.154231
v -0.302023 0.812685 -0.165535
v -0.285622 0.815255 -0.173171
v -0.306349 0.831538 -0.119096
v -0.299691 0.847122 -0.124826
v -0.284417 0.847529 -0.127558
v -0.209790 0.739823 0.341690
v -0.220553 0.736738 0.342595
v -0.224114 0.725605 0.336317
v -0.050767 0.792585 0.394878
v 0.000000 0.851231 0.427448
v -0.099029 0.778239 0.390995
v -0.140301 0.773021 0.383623
v -0.168864 0.736796 0.378396
v -0.202627 0.707286 0.367397
v -0.015872 0.796421 0.395825
v -0.008174 0.841210 0.423638
v -0.125425 0.772802 0.383239
v -0.145629 0.764040 0.380830
v -0.026078 0.883992 0.336206
v -0.021221 0.835479 0.372660
v -0.031659 0.967709 0.222145
v -0.033825 0.994960 0.161096
v -0.028702 1.012551 0.077241
v -0.027029 1.014995 -0.013124
v -0.026068 0.995600 -0.105298
v -0.024706 0.968534 -0.162052
v -0.024186 0.921604 -0.233944
v -0.024475 0.868419 -0.291481
v -0.025594 0.794816 -0.342821
v -0.025119 0.698583 -0.381794
v -0.025592 0.572838 -0.401715
v -0.027845 0.931338 0.280548
v -0.025477 0.633022 -0.396206
v -0.021221 0.795833 0.395680
v -0.030638 0.961469 0.223418
v -0.027653 0.961833 0.223516
v -0.032804 0.988721 0.162370
v -0.029776 0.989013 0.162724
v -0.027680 1.006312 0.078515
v -0.024586 1.006698 0.078386
v -0.026008 1.008755 -0.011851
v -0.023120 1.009239 -0.011571
v -0.025046 0.989361 -0.104025
v -0.022413 0.989501 -0.104477
v -0.023684 0.962294 -0.160779
v -0.021027 0.962478 -0.161032
v -0.023165 0.915364 -0.232670
v -0.020512 0.915437 -0.232959
v -0.023453 0.862179 -0.290207
v -0.020724 0.862338 -0.290460
v -0.024573 0.788577 -0.341547
v -0.021897 0.788655 -0.341843
v -0.024097 0.692343 -0.380520
v -0.021536 0.692407 -0.380790
v -0.024570 0.566598 -0.400441
v -0.021956 0.566539 -0.400685
v -0.026823 0.925098 0.281822
v -0.023866 0.925493 0.281960
v -0.024455 0.626782 -0.394932
v -0.021847 0.626785 -0.395217
v -0.022159 0.878126 0.337615
v -0.017778 0.829506 0.373999
v -0.017778 0.789860 0.397019
v -0.025057 0.877752 0.337480
v -0.020200 0.829239 0.373933
v -0.020200 0.789593 0.396954
v -0.198705 0.631369 -0.342296
v -0.194042 0.694840 -0.324625
v -0.190967 0.775153 -0.293150
v -0.186716 0.836941 -0.249175
v -0.183767 0.879190 -0.197514
v -0.182068 0.922845 -0.138680
v -0.185205 0.946510 -0.085010
v -0.185963 0.966168 -0.009747
v -0.189211 0.959518 0.071854
v -0.189918 0.940494 0.149617
v -0.184059 0.910648 0.215543
v -0.179009 0.877621 0.271859
v -0.164389 0.838019 0.315597
v -0.154944 0.794654 0.356989
v -0.197961 0.574460 -0.352486
v -0.149228 0.757820 0.380719
v -0.148546 0.573222 -0.375807
v -0.149632 0.632778 -0.366579
v -0.148418 0.930209 0.219949
v -0.151196 0.960448 0.154472
v -0.151011 0.979413 0.074976
v -0.148238 0.697720 -0.348348
v -0.149488 0.784701 -0.312060
v -0.145299 0.850422 -0.265045
v -0.144222 0.901282 -0.207508
v -0.146309 0.941087 -0.147698
v -0.146817 0.963675 -0.093003
v -0.149454 0.983653 -0.014400
v -0.146275 0.897294 0.276535
v -0.134730 0.854809 0.321883
v -0.127104 0.809239 0.364585
v -0.118524 0.773644 0.385235
v -0.149472 0.626677 -0.363893
v -0.154148 0.626603 -0.362127
v -0.146578 0.922554 0.220712
v -0.149396 0.920761 0.220350
v -0.149875 0.952942 0.155153
v -0.153268 0.951314 0.154699
v -0.149640 0.971977 0.075418
v -0.152977 0.970427 0.074701
v -0.147900 0.691490 -0.345586
v -0.152381 0.691274 -0.343737
v -0.149035 0.778034 -0.309711
v -0.153387 0.777333 -0.308318
v -0.144880 0.843487 -0.262815
v -0.149270 0.842490 -0.261555
v -0.143032 0.894168 -0.205409
v -0.146569 0.892974 -0.204292
v -0.145418 0.933881 -0.145611
v -0.149286 0.932584 -0.144509
v -0.145847 0.956263 -0.091268
v -0.149627 0.954739 -0.090556
v -0.148556 0.976454 -0.013009
v -0.152416 0.975166 -0.012677
v -0.145068 0.890137 0.277224
v -0.148251 0.888820 0.277046
v -0.133384 0.847239 0.322637
v -0.136521 0.845663 0.322242
v -0.125044 0.802520 0.365339
v -0.127564 0.801689 0.364897
v -0.153040 0.567068 -0.371795
v -0.193574 0.568426 -0.351396
v -0.187965 0.568066 -0.354765
v -0.156223 0.833709 0.318087
v -0.147899 0.793434 0.357161
v -0.179896 0.956309 0.072731
v -0.177666 0.962725 -0.009357
v -0.170748 0.874190 0.273966
v -0.174706 0.907003 0.217232
v -0.180606 0.937188 0.151288
v -0.176175 0.943103 -0.084762
v -0.173882 0.919781 -0.138134
v -0.174022 0.876178 -0.197439
v -0.177857 0.833070 -0.250184
v -0.182107 0.770263 -0.294758
v -0.184741 0.689163 -0.326503
v -0.188883 0.625626 -0.344295
v -0.116383 0.767957 0.384875
v -0.119174 0.767189 0.384337
v -0.142323 0.755502 0.381110
v -0.194318 0.625335 -0.341205
v -0.189655 0.688806 -0.323534
v -0.186580 0.769119 -0.292059
v -0.182329 0.830907 -0.248085
v -0.179379 0.873156 -0.196423
v -0.177680 0.916811 -0.137590
v -0.180818 0.940476 -0.083919
v -0.181576 0.960134 -0.008656
v -0.184824 0.953483 0.072944
v -0.185530 0.934460 0.150708
v -0.179672 0.904613 0.216634
v -0.174621 0.871587 0.272950
v -0.160002 0.831985 0.316688
v -0.150447 0.790776 0.356848
v -0.144981 0.752880 0.380696
v -0.148375 0.567131 -0.373329
v -0.323202 0.632359 -0.226796
v -0.320250 0.686019 -0.210556
v -0.315066 0.733645 -0.198906
v -0.262114 0.756935 0.281890
v -0.299505 0.821031 0.177451
v -0.310915 0.848176 -0.074974
v -0.315399 0.863467 -0.007745
v -0.314451 0.859548 0.058640
v -0.226822 0.722917 0.335301
v -0.326996 0.585930 -0.235125
v -0.283347 0.789574 0.232516
v -0.309553 0.843722 0.118680
v -0.312360 0.771374 -0.175046
v -0.310996 0.798444 -0.150221
v -0.309230 0.829675 -0.116790
v -0.293213 0.582448 -0.279329
v -0.257597 0.818626 0.243544
v -0.284513 0.869296 0.128345
v -0.275826 0.789254 -0.209446
v -0.279539 0.819185 -0.177072
v -0.276367 0.852895 -0.128867
v -0.288626 0.629932 -0.274255
v -0.284797 0.693463 -0.255316
v -0.283403 0.744879 -0.236267
v -0.238467 0.785149 0.293274
v -0.273336 0.848914 0.188300
v -0.279413 0.877498 -0.070177
v -0.285332 0.895228 -0.003111
v -0.288132 0.886812 0.063515
v -0.206040 0.743545 0.343097
v -0.285612 0.626838 -0.271001
v -0.288729 0.627097 -0.266894
v -0.322056 0.582676 -0.234411
v -0.317045 0.582164 -0.241267
v -0.278407 0.786319 0.233231
v -0.275052 0.790104 0.234667
v -0.304613 0.840467 0.119394
v -0.301411 0.843799 0.120654
v -0.281917 0.689907 -0.252105
v -0.285250 0.689419 -0.248065
v -0.280661 0.740770 -0.233395
v -0.284217 0.739389 -0.229904
v -0.235157 0.779950 0.293203
v -0.237793 0.776804 0.291934
v -0.270199 0.843738 0.188266
v -0.273117 0.840629 0.187057
v -0.276959 0.872052 -0.069918
v -0.280980 0.868505 -0.070654
v -0.282623 0.889760 -0.002756
v -0.286233 0.886179 -0.003337
v -0.285152 0.881679 0.063886
v -0.288323 0.878639 0.063331
v -0.307420 0.768119 -0.174332
v -0.302928 0.769141 -0.179910
v -0.306056 0.795189 -0.149507
v -0.302547 0.796875 -0.153516
v -0.304289 0.826420 -0.116076
v -0.301409 0.828284 -0.118382
v -0.202532 0.738868 0.343274
v -0.204850 0.736568 0.342404
v -0.254093 0.757356 0.284088
v -0.219174 0.722350 0.337031
v -0.279476 0.844274 -0.126844
v -0.302621 0.848224 -0.073990
v -0.280681 0.812000 -0.172457
v -0.277877 0.781121 -0.203762
v -0.305905 0.731737 -0.204082
v -0.257303 0.810129 0.242269
v -0.284257 0.861428 0.127317
v -0.291155 0.821409 0.179579
v -0.307020 0.864170 -0.006546
v -0.306412 0.859846 0.059978
v -0.312685 0.628779 -0.233942
v -0.310121 0.684241 -0.217040
v -0.293698 0.579760 -0.271851
v -0.318261 0.629104 -0.226082
v -0.315310 0.682764 -0.209842
v -0.310126 0.730390 -0.198191
v -0.257174 0.753680 0.282605
v -0.294565 0.817776 0.178165
v -0.305975 0.844922 -0.074260
v -0.310459 0.860212 -0.007031
v -0.309511 0.856294 0.059354
v -0.221882 0.719662 0.336015
v -0.290345 0.579410 -0.276031
v -0.254431 0.813369 0.243498
v -0.281362 0.864279 0.128394
v -0.273556 0.784136 -0.206833
v -0.276922 0.814429 -0.174868
v -0.274502 0.847591 -0.127653
vt 0.355557 0.565138
vt 0.363733 0.566061
vt 0.362249 0.581258
vt 0.354013 0.580311
vt 0.360878 0.596695
vt 0.352687 0.595178
vt 0.358529 0.614033
vt 0.350070 0.613977
vt 0.356560 0.634889
vt 0.348676 0.633836
vt 0.355294 0.653375
vt 0.348102 0.654433
vt 0.355221 0.667753
vt 0.347863 0.668311
vt 0.355763 0.686513
vt 0.348500 0.687379
vt 0.356937 0.703903
vt 0.349523 0.704486
vt 0.358250 0.723444
vt 0.350855 0.724069
vt 0.359162 0.747562
vt 0.351629 0.747805
vt 0.351360 0.764338
vt 0.359691 0.764314
vt 0.359558 0.781019
vt 0.350062 0.780823
vt 0.357753 0.548877
vt 0.365878 0.549529
vt 0.373346 0.763039
vt 0.374683 0.780145
vt 0.216302 0.618001
vt 0.212388 0.632087
vt 0.207330 0.632096
vt 0.211617 0.617651
vt 0.914312 0.231676
vt 0.910142 0.218003
vt 0.921028 0.213559
vt 0.925861 0.225731
vt 0.933401 0.206594
vt 0.939232 0.217160
vt 0.830337 0.418560
vt 0.819730 0.414529
vt 0.820511 0.410880
vt 0.831030 0.415185
vt 0.825311 0.389597
vt 0.835793 0.392642
vt 0.830257 0.367919
vt 0.840478 0.371104
vt 0.841215 0.356169
vt 0.831422 0.355209
vt 0.831369 0.342210
vt 0.841215 0.342355
vt 0.829896 0.325362
vt 0.839678 0.324849
vt 0.828307 0.309042
vt 0.837671 0.307658
vt 0.824334 0.291177
vt 0.833483 0.289789
vt 0.372101 0.745351
vt 0.370432 0.721474
vt 0.368191 0.702677
vt 0.368820 0.684853
vt 0.367880 0.668585
vt 0.368026 0.654491
vt 0.368655 0.635789
vt 0.371163 0.613935
vt 0.372685 0.596442
vt 0.375311 0.580798
vt 0.375768 0.564776
vt 0.378673 0.550806
vt 0.562927 0.903487
vt 0.558931 0.906714
vt 0.548561 0.895165
vt 0.552597 0.892435
vt 0.534895 0.878784
vt 0.539510 0.876800
vt 0.525603 0.862646
vt 0.530312 0.861364
vt 0.519736 0.846546
vt 0.524946 0.846485
vt 0.515505 0.829877
vt 0.519959 0.830108
vt 0.513997 0.816652
vt 0.518378 0.816578
vt 0.513554 0.797900
vt 0.518264 0.798292
vt 0.196913 0.775324
vt 0.192695 0.775752
vt 0.192091 0.755372
vt 0.195904 0.754903
vt 0.198549 0.794280
vt 0.194347 0.794606
vt 0.523004 0.779489
vt 0.518407 0.778047
vt 0.525211 0.760117
vt 0.529718 0.761734
vt 0.534397 0.745081
vt 0.537750 0.746479
vt 0.542780 0.730700
vt 0.545756 0.733248
vt 0.552974 0.720051
vt 0.555559 0.721749
vt 0.384986 0.760950
vt 0.382789 0.743361
vt 0.204000 0.669496
vt 0.200039 0.669745
vt 0.204135 0.648145
vt 0.209013 0.647881
vt 0.201664 0.688384
vt 0.197725 0.688747
vt 0.200076 0.706215
vt 0.196324 0.706215
vt 0.197897 0.722738
vt 0.193802 0.723375
vt 0.197046 0.736208
vt 0.193036 0.736685
vt 0.889793 0.107999
vt 0.893243 0.090092
vt 0.903283 0.091074
vt 0.898019 0.108002
vt 0.201525 0.810752
vt 0.197413 0.811587
vt 0.203650 0.825607
vt 0.200840 0.827206
vt 0.208585 0.839086
vt 0.205794 0.839988
vt 0.914348 0.199251
vt 0.926969 0.191183
vt 0.907778 0.181963
vt 0.921902 0.178657
vt 0.903829 0.167576
vt 0.917287 0.166608
vt 0.902738 0.154888
vt 0.916361 0.156110
vt 0.897700 0.139299
vt 0.914115 0.141901
vt 0.898613 0.125249
vt 0.914474 0.126222
vt 0.915526 0.110081
vt 0.919466 0.095138
vt 0.907701 0.075126
vt 0.923202 0.079931
vt 0.912025 0.059665
vt 0.925642 0.065214
vt 0.915769 0.045441
vt 0.928682 0.050276
vt 0.931391 0.035560
vt 0.918763 0.032867
vt 0.780117 0.304995
vt 0.783234 0.290208
vt 0.791767 0.292503
vt 0.789402 0.308107
vt 0.799172 0.309663
vt 0.800012 0.292894
vt 0.807692 0.292530
vt 0.809032 0.310379
vt 0.816044 0.292258
vt 0.818185 0.309439
vt 0.774358 0.333635
vt 0.776851 0.319692
vt 0.787330 0.322812
vt 0.786099 0.335962
vt 0.798917 0.337236
vt 0.799541 0.324034
vt 0.809454 0.324075
vt 0.808647 0.337831
vt 0.820038 0.325500
vt 0.819935 0.340250
vt 0.818469 0.365984
vt 0.814847 0.384273
vt 0.804693 0.379614
vt 0.807646 0.363082
vt 0.796959 0.361057
vt 0.795470 0.375152
vt 0.784817 0.374254
vt 0.784692 0.359900
vt 0.773605 0.361055
vt 0.776194 0.375339
vt 0.819535 0.352961
vt 0.798594 0.348612
vt 0.808846 0.350567
vt 0.773020 0.346938
vt 0.785361 0.347799
vt 0.809152 0.405730
vt 0.798557 0.401694
vt 0.797373 0.404129
vt 0.807722 0.408946
vt 0.934955 0.205506
vt 0.928614 0.190243
vt 0.771279 0.346802
vt 0.772627 0.333196
vt 0.771733 0.361011
vt 0.774547 0.375431
vt 0.774979 0.319172
vt 0.778125 0.304461
vt 0.781279 0.289639
vt 0.789679 0.398175
vt 0.790718 0.395757
vt 0.784043 0.392271
vt 0.785232 0.390540
vt 0.778097 0.384299
vt 0.779179 0.383330
vt 0.365552 0.534690
vt 0.379143 0.534691
vt 0.791225 0.272287
vt 0.798578 0.273663
vt 0.806310 0.273346
vt 0.814646 0.272080
vt 0.780315 0.021165
vt 0.777303 0.019754
vt 0.788328 0.009743
vt 0.791229 0.010984
vt 0.823495 0.271242
vt 0.829586 0.270298
vt 0.784968 0.272247
vt 0.561909 0.709636
vt 0.564404 0.711390
vt 0.384704 0.550853
vt 0.385610 0.535416
vt 0.932905 0.035894
vt 0.934787 0.017248
vt 0.936037 0.017579
vt 0.922696 0.014849
vt 0.783608 0.224416
vt 0.789611 0.221604
vt 0.800471 0.232803
vt 0.798435 0.234867
vt 0.791997 0.026516
vt 0.781155 0.040222
vt 0.768831 0.035470
vt 0.811125 0.241895
vt 0.811163 0.244641
vt 0.766853 0.207204
vt 0.775092 0.202577
vt 0.755374 0.186919
vt 0.764915 0.184258
vt 0.747513 0.170067
vt 0.758777 0.166969
vt 0.742139 0.150811
vt 0.754337 0.147286
vt 0.739332 0.131186
vt 0.752640 0.132510
vt 0.740381 0.106830
vt 0.753551 0.109457
vt 0.744917 0.084730
vt 0.758175 0.088368
vt 0.752557 0.064604
vt 0.765522 0.068749
vt 0.760018 0.049889
vt 0.772675 0.054282
vt 0.765429 0.034301
vt 0.756406 0.048587
vt 0.748716 0.063502
vt 0.741395 0.083908
vt 0.737034 0.106411
vt 0.736038 0.130967
vt 0.739023 0.151102
vt 0.744524 0.170585
vt 0.752298 0.187386
vt 0.763936 0.208167
vt 0.780727 0.225744
vt 0.795565 0.236307
vt 0.808676 0.246002
vt 0.802497 0.016352
vt 0.212931 0.852059
vt 0.210132 0.852263
vt 0.205561 0.668641
vt 0.203308 0.687706
vt 0.531485 0.761703
vt 0.524777 0.779564
vt 0.379813 0.720360
vt 0.377722 0.701949
vt 0.379267 0.702702
vt 0.381190 0.721346
vt 0.902584 0.056858
vt 0.898051 0.072812
vt 0.896744 0.071677
vt 0.901472 0.055489
vt 0.201769 0.705738
vt 0.539532 0.746388
vt 0.384140 0.744499
vt 0.891716 0.089269
vt 0.199622 0.722443
vt 0.547553 0.733016
vt 0.378581 0.615502
vt 0.380272 0.597138
vt 0.381938 0.596577
vt 0.380310 0.615314
vt 0.198771 0.736090
vt 0.889062 0.125254
vt 0.887345 0.125494
vt 0.888066 0.107693
vt 0.557312 0.721480
vt 0.376761 0.635616
vt 0.378460 0.635560
vt 0.197691 0.755006
vt 0.889355 0.138139
vt 0.887764 0.138750
vt 0.520037 0.798399
vt 0.387716 0.778170
vt 0.386260 0.762279
vt 0.388945 0.779639
vt 0.200203 0.794796
vt 0.203118 0.811386
vt 0.891490 0.154640
vt 0.889991 0.155548
vt 0.566283 0.711476
vt 0.387772 0.524159
vt 0.388945 0.522956
vt 0.386699 0.533946
vt 0.569702 0.916389
vt 0.572876 0.912760
vt 0.773319 0.375939
vt 0.770390 0.361090
vt 0.617947 0.719740
vt 0.614365 0.717206
vt 0.625788 0.704077
vt 0.628219 0.706182
vt 0.991042 0.022000
vt 0.988047 0.021856
vt 0.983734 0.004188
vt 0.986566 0.004160
vt 0.985183 0.117521
vt 0.984094 0.131381
vt 0.982755 0.131527
vt 0.983822 0.117525
vt 0.988549 0.118420
vt 0.987583 0.131086
vt 0.583971 0.814652
vt 0.582163 0.801821
vt 0.586535 0.803019
vt 0.588119 0.814440
vt 0.924569 0.080396
vt 0.927113 0.065659
vt 0.928493 0.065270
vt 0.925951 0.080230
vt 0.983635 0.143845
vt 0.987662 0.143051
vt 0.588279 0.826218
vt 0.592092 0.824787
vt 0.586553 0.786652
vt 0.589995 0.771351
vt 0.591389 0.771418
vt 0.587941 0.786737
vt 0.982876 0.153488
vt 0.987029 0.152295
vt 0.591677 0.835301
vt 0.595924 0.833104
vt 0.773956 0.318270
vt 0.777223 0.303380
vt 0.984293 0.164293
vt 0.988081 0.162716
vt 0.597684 0.844468
vt 0.601607 0.842151
vt 0.986836 0.020997
vt 0.982552 0.003325
vt 0.989724 0.037413
vt 0.992925 0.037735
vt 0.605802 0.729251
vt 0.609654 0.731477
vt 0.930234 0.050641
vt 0.931595 0.050045
vt 0.990873 0.069009
vt 0.990682 0.053399
vt 0.993844 0.053975
vt 0.993908 0.069741
vt 0.591472 0.755910
vt 0.597767 0.742227
vt 0.601659 0.744258
vt 0.595265 0.757648
vt 0.771455 0.332518
vt 0.916276 0.126829
vt 0.917207 0.110532
vt 0.918616 0.110791
vt 0.917625 0.127268
vt 0.987426 0.101081
vt 0.991030 0.101838
vt 0.582069 0.785447
vt 0.989627 0.085047
vt 0.985990 0.100831
vt 0.988308 0.084573
vt 0.992934 0.085568
vt 0.585934 0.770111
vt 0.780427 0.288451
vt 0.629538 0.705909
vt 0.619303 0.719520
vt 0.619412 0.860381
vt 0.615734 0.864260
vt 0.605600 0.853314
vt 0.609784 0.850447
vt 0.991426 0.187874
vt 0.987482 0.190207
vt 0.985409 0.175980
vt 0.989760 0.173927
vt 0.920957 0.095495
vt 0.922352 0.095498
vt 0.587916 0.803061
vt 0.990038 0.200545
vt 0.993908 0.198434
vt 0.624378 0.871361
vt 0.627698 0.867721
vt 0.570123 0.704077
vt 0.572482 0.705043
vt 0.381944 0.522595
vt 0.796898 0.003325
vt 0.799797 0.004562
vt 0.811032 0.009851
vt 0.367089 0.522181
vt 0.205324 0.826068
vt 0.216649 0.860503
vt 0.213310 0.861284
vt 0.929721 0.004755
vt 0.942217 0.007053
vt 0.352986 0.579267
vt 0.354714 0.563940
vt 0.358128 0.534575
vt 0.358297 0.522113
vt 0.755307 0.109601
vt 0.754296 0.132521
vt 0.357523 0.533059
vt 0.357694 0.520444
vt 0.351511 0.594320
vt 0.755961 0.147432
vt 0.348745 0.613390
vt 0.760373 0.167148
vt 0.347216 0.633604
vt 0.766520 0.184523
vt 0.346670 0.654585
vt 0.776645 0.202893
vt 0.346476 0.668769
vt 0.791137 0.221988
vt 0.794247 0.026729
vt 0.793717 0.026269
vt 0.804088 0.016015
vt 0.804478 0.016428
vt 0.812602 0.009515
vt 0.812983 0.009937
vt 0.791580 0.221602
vt 0.802399 0.232739
vt 0.801993 0.233183
vt 0.783436 0.040428
vt 0.782861 0.040032
vt 0.812983 0.241797
vt 0.812608 0.242263
vt 0.777156 0.202545
vt 0.767100 0.184256
vt 0.760958 0.166934
vt 0.756568 0.147291
vt 0.754920 0.132400
vt 0.756002 0.109761
vt 0.759925 0.088306
vt 0.760644 0.088446
vt 0.767245 0.068729
vt 0.767908 0.069069
vt 0.774391 0.054117
vt 0.775012 0.054466
vt 0.357082 0.547522
vt 0.350656 0.765861
vt 0.350875 0.749164
vt 0.349352 0.782451
vt 0.349974 0.725250
vt 0.348440 0.705438
vt 0.347227 0.688089
vt 0.916901 0.015410
vt 0.921802 0.004950
vt 0.904563 0.203334
vt 0.899105 0.184683
vt 0.894719 0.168941
vt 0.907647 0.042932
vt 0.911331 0.029189
vt 0.893468 0.170054
vt 0.210204 0.839797
vt 0.898113 0.186030
vt 0.376821 0.684182
vt 0.376300 0.667568
vt 0.376398 0.654089
vt 0.382204 0.580598
vt 0.383336 0.565907
vt 0.214454 0.853009
vt 0.903719 0.204882
vt 0.210924 0.839482
vt 0.206064 0.825809
vt 0.203846 0.811176
vt 0.201078 0.794678
vt 0.198620 0.754947
vt 0.199722 0.736086
vt 0.200598 0.722431
vt 0.202665 0.705797
vt 0.204409 0.687839
vt 0.206618 0.668830
vt 0.210524 0.646926
vt 0.211666 0.647089
vt 0.198607 0.775658
vt 0.199467 0.775712
vt 0.218926 0.617206
vt 0.215065 0.631270
vt 0.213877 0.631053
vt 0.217766 0.616954
vt 0.558001 0.722243
vt 0.567093 0.711808
vt 0.548514 0.733667
vt 0.540671 0.746974
vt 0.532725 0.762215
vt 0.526078 0.779789
vt 0.521374 0.816628
vt 0.520119 0.816721
vt 0.521149 0.798403
vt 0.522830 0.830238
vt 0.521695 0.830252
vt 0.528115 0.846379
vt 0.526690 0.846563
vt 0.533238 0.860963
vt 0.532073 0.861413
vt 0.542265 0.876130
vt 0.541256 0.876869
vt 0.555275 0.891549
vt 0.554345 0.892487
vt 0.565658 0.902492
vt 0.564676 0.903560
vt 0.574619 0.704816
vt 0.575419 0.705194
vt 0.574586 0.912867
vt 0.575420 0.911636
vt 0.215020 0.852800
vt 0.218926 0.861080
vt 0.218308 0.861322
vt 0.906799 0.041397
vt 0.378492 0.684751
vt 0.910649 0.027483
vt 0.378008 0.667913
vt 0.916157 0.014104
vt 0.378169 0.654279
vt 0.913589 0.233404
vt 0.909396 0.219672
vt 0.383862 0.579728
vt 0.384648 0.564845
vt 0.386017 0.549427
vt 0.921236 0.003325
vt 0.783429 0.271728
vt 0.797162 0.405459
vt 0.789139 0.399431
vt 0.783285 0.393400
vt 0.923554 0.178030
vt 0.924905 0.178083
vt 0.929984 0.190269
vt 0.777109 0.385154
vt 0.940879 0.216032
vt 0.936309 0.205447
vt 0.942217 0.215967
vt 0.611031 0.731371
vt 0.603039 0.744218
vt 0.782583 0.270507
vt 0.989397 0.052710
vt 0.988493 0.036630
vt 0.919428 0.166306
vt 0.918047 0.155747
vt 0.916212 0.142086
vt 0.819817 0.415943
vt 0.807735 0.410368
vt 0.596650 0.757669
vt 0.620158 0.720293
vt 0.630137 0.706571
vt 0.981436 0.131251
vt 0.982702 0.117033
vt 0.981249 0.144166
vt 0.982344 0.144143
vt 0.980290 0.153861
vt 0.981636 0.153948
vt 0.982041 0.165064
vt 0.983154 0.164924
vt 0.987389 0.036676
vt 0.985766 0.021121
vt 0.988559 0.068268
vt 0.988321 0.052635
vt 0.989554 0.068428
vt 0.984816 0.100517
vt 0.987248 0.084451
vt 0.621963 0.858030
vt 0.620725 0.859908
vt 0.611122 0.850001
vt 0.612611 0.848470
vt 0.984320 0.176706
vt 0.983208 0.176993
vt 0.987921 0.201765
vt 0.985358 0.191413
vt 0.986432 0.191012
vt 0.989052 0.201381
vt 0.589530 0.814359
vt 0.589015 0.803259
vt 0.590386 0.813916
vt 0.593487 0.824623
vt 0.594505 0.823765
vt 0.597305 0.832868
vt 0.598436 0.831583
vt 0.602986 0.841745
vt 0.604214 0.840508
vt 0.612001 0.732078
vt 0.604034 0.744875
vt 0.597614 0.758224
vt 0.589152 0.787040
vt 0.592440 0.771779
vt 0.629010 0.867180
vt 0.630137 0.865492
vt 0.981713 0.003430
vt 0.934195 0.035091
vt 0.770007 0.346433
vt 0.920932 0.166511
vt 0.919406 0.155878
vt 0.917573 0.142361
vt 0.830484 0.419989
vt 0.937213 0.016635
vt 0.469646 0.807523
vt 0.468102 0.792350
vt 0.476337 0.791404
vt 0.477822 0.806600
vt 0.466776 0.777483
vt 0.474967 0.775967
vt 0.464159 0.758685
vt 0.472617 0.758628
vt 0.462765 0.738826
vt 0.470649 0.737773
vt 0.462191 0.718230
vt 0.469383 0.719287
vt 0.461952 0.704352
vt 0.469310 0.704909
vt 0.462589 0.685283
vt 0.469852 0.686150
vt 0.463611 0.668176
vt 0.471025 0.668759
vt 0.464943 0.648593
vt 0.472339 0.649218
vt 0.465716 0.624857
vt 0.473250 0.625099
vt 0.465447 0.608323
vt 0.464150 0.591838
vt 0.473646 0.591642
vt 0.473779 0.608347
vt 0.471842 0.823784
vt 0.479966 0.823131
vt 0.488771 0.592515
vt 0.487434 0.609622
vt 0.216302 0.609257
vt 0.211617 0.609607
vt 0.207330 0.595162
vt 0.212388 0.595171
vt 0.931414 0.661252
vt 0.942963 0.667197
vt 0.938130 0.679369
vt 0.927244 0.674925
vt 0.956334 0.675768
vt 0.950503 0.686333
vt 0.292760 0.767396
vt 0.293453 0.770771
vt 0.282934 0.775076
vt 0.282153 0.771427
vt 0.298215 0.793314
vt 0.287734 0.796359
vt 0.302901 0.814852
vt 0.292679 0.818037
vt 0.303638 0.829787
vt 0.303638 0.843601
vt 0.293792 0.843746
vt 0.293845 0.830747
vt 0.302101 0.861106
vt 0.292318 0.860594
vt 0.300094 0.878298
vt 0.290730 0.876914
vt 0.295906 0.896167
vt 0.286757 0.894779
vt 0.486189 0.627310
vt 0.484521 0.651188
vt 0.482279 0.669985
vt 0.482909 0.687809
vt 0.481969 0.704078
vt 0.482114 0.718171
vt 0.482744 0.736873
vt 0.485252 0.758727
vt 0.486774 0.776220
vt 0.489400 0.791863
vt 0.489856 0.807885
vt 0.492762 0.821855
vt 0.885304 0.672427
vt 0.874974 0.683478
vt 0.870939 0.680749
vt 0.881308 0.669199
vt 0.861888 0.699113
vt 0.857273 0.697128
vt 0.852689 0.714549
vt 0.847980 0.713267
vt 0.847323 0.729428
vt 0.842113 0.729366
vt 0.842336 0.745805
vt 0.837882 0.746036
vt 0.840756 0.759335
vt 0.836375 0.759261
vt 0.840641 0.777621
vt 0.835931 0.778013
vt 0.196913 0.451934
vt 0.195904 0.472355
vt 0.192091 0.471886
vt 0.192695 0.451506
vt 0.198549 0.432978
vt 0.194347 0.432652
vt 0.845381 0.796425
vt 0.852096 0.814179
vt 0.847588 0.815796
vt 0.840784 0.797866
vt 0.860127 0.829434
vt 0.856774 0.830833
vt 0.868133 0.842665
vt 0.865157 0.845213
vt 0.877936 0.854165
vt 0.875351 0.855862
vt 0.499074 0.611710
vt 0.496877 0.629300
vt 0.204000 0.557762
vt 0.209013 0.579376
vt 0.204135 0.579113
vt 0.200039 0.557513
vt 0.201664 0.538873
vt 0.197725 0.538510
vt 0.200076 0.521043
vt 0.196324 0.521043
vt 0.197897 0.504520
vt 0.193802 0.503883
vt 0.197046 0.491050
vt 0.193036 0.490573
vt 0.906895 0.784929
vt 0.915121 0.784926
vt 0.920385 0.801854
vt 0.910345 0.802836
vt 0.201525 0.416505
vt 0.197414 0.415670
vt 0.203650 0.401650
vt 0.200840 0.400052
vt 0.208585 0.388171
vt 0.205794 0.387270
vt 0.944071 0.701745
vt 0.931450 0.693677
vt 0.924880 0.710965
vt 0.939004 0.714271
vt 0.920931 0.725352
vt 0.934389 0.726320
vt 0.919840 0.738040
vt 0.933463 0.736818
vt 0.914802 0.753629
vt 0.931217 0.751027
vt 0.915715 0.767679
vt 0.931576 0.766706
vt 0.932628 0.782847
vt 0.936567 0.797790
vt 0.924803 0.817802
vt 0.940304 0.812997
vt 0.929127 0.833263
vt 0.942744 0.827714
vt 0.932871 0.847486
vt 0.945784 0.842652
vt 0.948493 0.857368
vt 0.935865 0.860061
vt 0.242540 0.880960
vt 0.251825 0.877849
vt 0.254189 0.893453
vt 0.245656 0.895748
vt 0.261595 0.876293
vt 0.271455 0.875576
vt 0.270115 0.893425
vt 0.262435 0.893061
vt 0.278466 0.893698
vt 0.280607 0.876516
vt 0.236780 0.852321
vt 0.248522 0.849993
vt 0.249753 0.863144
vt 0.239274 0.866263
vt 0.261340 0.848720
vt 0.271070 0.848124
vt 0.271876 0.861881
vt 0.261964 0.861922
vt 0.282460 0.860456
vt 0.282358 0.845706
vt 0.280892 0.819972
vt 0.270069 0.822873
vt 0.267116 0.806342
vt 0.277269 0.801683
vt 0.259382 0.824899
vt 0.247114 0.826055
vt 0.247240 0.811702
vt 0.257893 0.810804
vt 0.236027 0.824901
vt 0.238617 0.810616
vt 0.281957 0.832995
vt 0.271269 0.835389
vt 0.261016 0.837343
vt 0.235443 0.839018
vt 0.247784 0.838157
vt 0.260980 0.784262
vt 0.271575 0.780226
vt 0.259795 0.781827
vt 0.270144 0.777010
vt 0.952057 0.687422
vt 0.945716 0.702685
vt 0.233701 0.839154
vt 0.235049 0.852760
vt 0.234155 0.824945
vt 0.236969 0.810524
vt 0.237401 0.866783
vt 0.240548 0.881495
vt 0.243702 0.896316
vt 0.253141 0.790198
vt 0.252102 0.787781
vt 0.247655 0.795416
vt 0.246466 0.793685
vt 0.241602 0.802626
vt 0.240519 0.801657
vt 0.493231 0.837970
vt 0.479641 0.837970
vt 0.261001 0.912292
vt 0.253647 0.913669
vt 0.277068 0.913876
vt 0.268733 0.912609
vt 0.796614 0.654381
vt 0.807527 0.664562
vt 0.804627 0.665803
vt 0.793601 0.655792
vt 0.292009 0.915657
vt 0.285918 0.914714
vt 0.247390 0.913709
vt 0.886782 0.864524
vt 0.884286 0.866278
vt 0.498792 0.821808
vt 0.499698 0.837244
vt 0.950007 0.857033
vt 0.953139 0.875348
vt 0.951889 0.875680
vt 0.939798 0.878079
vt 0.799907 0.451130
vt 0.814733 0.440679
vt 0.816769 0.442744
vt 0.805909 0.453943
vt 0.785130 0.640076
vt 0.797453 0.635324
vt 0.808295 0.649030
vt 0.827461 0.430905
vt 0.827423 0.433652
vt 0.783152 0.468343
vt 0.791390 0.472970
vt 0.771672 0.488628
vt 0.781212 0.491288
vt 0.763811 0.505479
vt 0.775075 0.508577
vt 0.758437 0.524735
vt 0.770635 0.528259
vt 0.755630 0.544360
vt 0.768938 0.543036
vt 0.756679 0.568716
vt 0.769850 0.566089
vt 0.761215 0.590816
vt 0.774473 0.587177
vt 0.768855 0.610942
vt 0.781820 0.606797
vt 0.776317 0.625656
vt 0.788973 0.621264
vt 0.781728 0.641246
vt 0.772705 0.626959
vt 0.765014 0.612044
vt 0.757693 0.591637
vt 0.753332 0.569135
vt 0.752336 0.544579
vt 0.755321 0.524444
vt 0.760823 0.504961
vt 0.768596 0.488161
vt 0.780234 0.467380
vt 0.797025 0.449802
vt 0.811864 0.439239
vt 0.824975 0.429544
vt 0.818796 0.659194
vt 0.210132 0.374995
vt 0.212931 0.375198
vt 0.203308 0.539551
vt 0.205561 0.558617
vt 0.847154 0.796350
vt 0.853863 0.814211
vt 0.493902 0.652301
vt 0.495279 0.651316
vt 0.493355 0.669960
vt 0.491811 0.670713
vt 0.919686 0.836070
vt 0.918574 0.837439
vt 0.913846 0.821251
vt 0.915153 0.820116
vt 0.201769 0.521520
vt 0.861909 0.829525
vt 0.498229 0.628162
vt 0.908818 0.803659
vt 0.199622 0.504815
vt 0.869930 0.842897
vt 0.492670 0.757160
vt 0.494399 0.757348
vt 0.496026 0.776084
vt 0.494361 0.775524
vt 0.198771 0.491168
vt 0.905168 0.785235
vt 0.904447 0.767434
vt 0.906164 0.767674
vt 0.879689 0.854433
vt 0.490850 0.737046
vt 0.492549 0.737103
vt 0.197691 0.472251
vt 0.904866 0.754178
vt 0.906457 0.754789
vt 0.842414 0.777514
vt 0.501804 0.594491
vt 0.503034 0.593021
vt 0.500349 0.610382
vt 0.203118 0.415872
vt 0.200203 0.432462
vt 0.907093 0.737380
vt 0.908592 0.738288
vt 0.888660 0.864437
vt 0.500787 0.838715
vt 0.503034 0.849704
vt 0.501860 0.848501
vt 0.892079 0.659524
vt 0.895253 0.663153
vt 0.232813 0.824866
vt 0.235741 0.810017
vt 0.106914 0.792285
vt 0.117187 0.805843
vt 0.114755 0.807949
vt 0.103332 0.794818
vt 0.976721 0.839289
vt 0.972245 0.857129
vt 0.969414 0.857101
vt 0.973726 0.839434
vt 0.970861 0.743769
vt 0.969500 0.743766
vt 0.968433 0.729762
vt 0.969773 0.729909
vt 0.973262 0.730204
vt 0.974228 0.742871
vt 0.072938 0.697372
vt 0.077086 0.697583
vt 0.075503 0.709005
vt 0.071131 0.710203
vt 0.941671 0.812532
vt 0.943053 0.812698
vt 0.945595 0.827658
vt 0.944215 0.827269
vt 0.969314 0.717445
vt 0.973341 0.718239
vt 0.077247 0.685806
vt 0.081059 0.687237
vt 0.075521 0.725372
vt 0.076909 0.725287
vt 0.080356 0.740606
vt 0.078962 0.740672
vt 0.968555 0.707802
vt 0.972708 0.708995
vt 0.080645 0.676724
vt 0.084892 0.678920
vt 0.239646 0.882576
vt 0.236378 0.867686
vt 0.969971 0.696997
vt 0.973760 0.698574
vt 0.086652 0.667557
vt 0.090574 0.669874
vt 0.968231 0.857964
vt 0.972515 0.840292
vt 0.975403 0.823876
vt 0.978604 0.823555
vt 0.094769 0.782774
vt 0.098621 0.780548
vt 0.948697 0.842882
vt 0.947336 0.842287
vt 0.976552 0.792281
vt 0.979587 0.791549
vt 0.979523 0.807314
vt 0.976361 0.807890
vt 0.080439 0.756114
vt 0.084232 0.754376
vt 0.090626 0.767766
vt 0.086734 0.769797
vt 0.233878 0.853438
vt 0.933378 0.766099
vt 0.934727 0.765660
vt 0.935718 0.782137
vt 0.934309 0.782396
vt 0.973104 0.760210
vt 0.976709 0.759452
vt 0.071037 0.726577
vt 0.975306 0.776243
vt 0.973987 0.776717
vt 0.971668 0.760459
vt 0.978613 0.775722
vt 0.074901 0.741913
vt 0.242850 0.897505
vt 0.108270 0.792505
vt 0.118506 0.806116
vt 0.108380 0.651644
vt 0.098752 0.661578
vt 0.094567 0.658711
vt 0.104702 0.647765
vt 0.977105 0.673416
vt 0.975439 0.687362
vt 0.971088 0.685310
vt 0.973161 0.671082
vt 0.939454 0.797430
vt 0.938059 0.797433
vt 0.076883 0.708963
vt 0.975717 0.660745
vt 0.979587 0.662855
vt 0.113346 0.640664
vt 0.116665 0.644304
vt 0.894859 0.870871
vt 0.892500 0.871837
vt 0.496032 0.850065
vt 0.816096 0.670984
vt 0.813197 0.672221
vt 0.827330 0.665695
vt 0.481178 0.850479
vt 0.205324 0.401190
vt 0.213310 0.365974
vt 0.216649 0.366755
vt 0.959319 0.885875
vt 0.946823 0.888173
vt 0.468803 0.808721
vt 0.467075 0.793394
vt 0.472386 0.850547
vt 0.472216 0.838086
vt 0.770594 0.543024
vt 0.771606 0.565945
vt 0.471782 0.852216
vt 0.471612 0.839602
vt 0.465600 0.778341
vt 0.772259 0.528114
vt 0.462834 0.759272
vt 0.776670 0.508398
vt 0.461305 0.739058
vt 0.782818 0.491024
vt 0.460758 0.718077
vt 0.792943 0.472653
vt 0.460565 0.703894
vt 0.807435 0.453558
vt 0.810546 0.648817
vt 0.820777 0.659118
vt 0.820387 0.659532
vt 0.810016 0.649277
vt 0.829281 0.665609
vt 0.828901 0.666031
vt 0.818291 0.442363
vt 0.818698 0.442807
vt 0.807878 0.453945
vt 0.799160 0.635514
vt 0.799734 0.635118
vt 0.828906 0.433284
vt 0.829281 0.433749
vt 0.793454 0.473001
vt 0.783398 0.491290
vt 0.777256 0.508612
vt 0.772866 0.528255
vt 0.771218 0.543146
vt 0.772300 0.565785
vt 0.776223 0.587239
vt 0.776942 0.587100
vt 0.783543 0.606816
vt 0.784206 0.606476
vt 0.790690 0.621429
vt 0.791311 0.621080
vt 0.471170 0.825139
vt 0.464963 0.623497
vt 0.464744 0.606800
vt 0.463440 0.590210
vt 0.464062 0.647412
vt 0.462528 0.667224
vt 0.461315 0.684574
vt 0.938903 0.887978
vt 0.934003 0.877518
vt 0.921665 0.689594
vt 0.916207 0.708245
vt 0.911821 0.723987
vt 0.924748 0.849996
vt 0.928433 0.863738
vt 0.910570 0.722874
vt 0.210205 0.387461
vt 0.915215 0.706898
vt 0.490909 0.688480
vt 0.490388 0.705094
vt 0.490487 0.718573
vt 0.496292 0.792064
vt 0.497425 0.806754
vt 0.214454 0.374248
vt 0.920821 0.688046
vt 0.210924 0.387775
vt 0.206064 0.401448
vt 0.203846 0.416081
vt 0.201078 0.432580
vt 0.198620 0.472311
vt 0.199722 0.491172
vt 0.200598 0.504827
vt 0.202665 0.521461
vt 0.204409 0.539419
vt 0.206618 0.558428
vt 0.211666 0.580168
vt 0.210524 0.580331
vt 0.199467 0.451546
vt 0.198607 0.451600
vt 0.218927 0.610051
vt 0.217766 0.610304
vt 0.213877 0.596205
vt 0.215065 0.595988
vt 0.880378 0.853671
vt 0.889470 0.864105
vt 0.870891 0.842246
vt 0.863048 0.828939
vt 0.855102 0.813698
vt 0.848455 0.796124
vt 0.843752 0.759285
vt 0.843526 0.777510
vt 0.842496 0.759192
vt 0.845207 0.745674
vt 0.844072 0.745660
vt 0.850492 0.729534
vt 0.849067 0.729350
vt 0.855616 0.714950
vt 0.854451 0.714500
vt 0.864643 0.699783
vt 0.863633 0.699043
vt 0.877653 0.684364
vt 0.876723 0.683426
vt 0.888035 0.673422
vt 0.887053 0.672354
vt 0.897797 0.870720
vt 0.896996 0.871098
vt 0.896964 0.663046
vt 0.897797 0.664278
vt 0.218309 0.365936
vt 0.218927 0.366177
vt 0.215020 0.374457
vt 0.923901 0.851531
vt 0.492581 0.687911
vt 0.927751 0.865445
vt 0.492097 0.704750
vt 0.933259 0.878824
vt 0.492258 0.718383
vt 0.926498 0.673256
vt 0.930692 0.659524
vt 0.497950 0.792933
vt 0.498737 0.807816
vt 0.500105 0.823234
vt 0.938338 0.889603
vt 0.245851 0.914228
vt 0.251562 0.786525
vt 0.259585 0.780497
vt 0.245708 0.792555
vt 0.947086 0.702659
vt 0.942007 0.714845
vt 0.940656 0.714898
vt 0.239532 0.800802
vt 0.957981 0.676896
vt 0.959319 0.676961
vt 0.953411 0.687481
vt 0.092006 0.767806
vt 0.099999 0.780653
vt 0.245005 0.915449
vt 0.974172 0.824659
vt 0.975076 0.808580
vt 0.936531 0.726622
vt 0.935149 0.737181
vt 0.933314 0.750842
vt 0.270158 0.775588
vt 0.282239 0.770013
vt 0.085617 0.754355
vt 0.109126 0.791732
vt 0.119105 0.805454
vt 0.967115 0.730039
vt 0.968381 0.744257
vt 0.966928 0.717124
vt 0.968023 0.717147
vt 0.965969 0.707429
vt 0.967315 0.707342
vt 0.967719 0.696226
vt 0.968833 0.696366
vt 0.973068 0.824614
vt 0.971446 0.840168
vt 0.974238 0.793022
vt 0.975233 0.792862
vt 0.974000 0.808655
vt 0.970495 0.760773
vt 0.972926 0.776839
vt 0.110931 0.653995
vt 0.101579 0.663555
vt 0.100090 0.662024
vt 0.109693 0.652117
vt 0.968887 0.684297
vt 0.969999 0.684584
vt 0.973599 0.659524
vt 0.974731 0.659909
vt 0.972111 0.670278
vt 0.971037 0.669876
vt 0.078497 0.697665
vt 0.079354 0.698108
vt 0.077982 0.708765
vt 0.082455 0.687401
vt 0.083473 0.688259
vt 0.086273 0.679156
vt 0.087403 0.680441
vt 0.091954 0.670279
vt 0.093181 0.671517
vt 0.100968 0.779946
vt 0.086581 0.753800
vt 0.093001 0.767149
vt 0.078120 0.724983
vt 0.081407 0.740245
vt 0.117978 0.644845
vt 0.119105 0.646533
vt 0.967392 0.857859
vt 0.951297 0.857837
vt 0.232430 0.839523
vt 0.938034 0.726417
vt 0.936508 0.737050
vt 0.934675 0.750567
vt 0.292907 0.765967
vt 0.954315 0.876293
vn 0.1280 0.8357 0.5341
vn 0.1294 0.9050 0.4052
vn 0.1153 0.9734 0.1980
vn 0.1443 0.9894 0.0152
vn 0.1162 0.9738 -0.1954
vn 0.1119 0.8979 -0.4257
vn 0.0956 0.8360 -0.5403
vn 0.0996 0.7293 -0.6769
vn 0.1077 0.5702 -0.8144
vn 0.1096 0.3736 -0.9211
vn 0.0993 0.0956 -0.9905
vn 0.1292 0.7538 0.6443
vn 0.1069 0.2143 -0.9709
vn 0.1917 0.1067 -0.9756
vn 0.1490 0.1244 -0.9810
vn 0.4990 0.1425 -0.8548
vn 0.6494 0.1311 -0.7491
vn 0.7949 0.1723 -0.5817
vn 0.8701 0.1688 -0.4630
vn 0.9451 0.1683 -0.2801
vn 0.9869 0.1481 0.0634
vn 0.9671 0.1346 0.2161
vn 0.9273 0.1177 0.3554
vn 0.8638 0.1018 0.4935
vn 0.2183 0.2305 -0.9483
vn 0.2476 0.3742 -0.8937
vn 0.2654 0.5604 -0.7845
vn 0.2658 0.7053 -0.6572
vn 0.2345 0.8128 -0.5333
vn 0.2510 0.8825 -0.3977
vn 0.2673 0.9429 -0.1986
vn 0.2569 0.9664 0.0021
vn 0.2704 0.9409 0.2037
vn 0.2663 0.8814 0.3901
vn 0.2479 0.8002 0.5461
vn 0.2660 0.7141 0.6475
vn 0.7744 0.2108 -0.5965
vn 0.7892 0.2458 -0.5628
vn 0.8005 0.3834 -0.4608
vn 0.8268 0.4566 -0.3285
vn 0.8729 0.3839 -0.3010
vn 0.8856 0.4207 -0.1967
vn 0.8632 0.4828 -0.1475
vn -0.2688 0.9611 0.0631
vn -0.2110 0.9496 0.2319
vn 0.8894 0.4456 0.1025
vn 0.8724 0.4099 0.2662
vn 0.8668 0.4028 0.2939
vn 0.8465 0.2273 0.4814
vn 0.3625 0.2476 -0.8985
vn -0.0268 0.3733 -0.9273
vn -0.1147 0.5779 -0.8080
vn -0.0986 0.7514 -0.6525
vn -0.0997 0.8266 -0.5539
vn -0.1803 0.9106 -0.3718
vn -0.2403 0.9387 -0.2472
vn 0.5197 0.8537 0.0341
vn -0.0805 0.8940 0.4407
vn 0.0205 0.8715 0.4900
vn -0.0405 0.7131 0.6999
vn 0.6246 0.2685 -0.7333
vn 0.5838 0.3261 -0.7435
vn 0.5566 0.5078 -0.6575
vn 0.5423 0.6116 -0.5761
vn 0.5561 0.7099 -0.4322
vn 0.5971 0.7057 -0.3815
vn 0.6079 0.7653 -0.2116
vn 0.6097 0.7919 0.0354
vn 0.6611 0.7225 0.2021
vn 0.6806 0.6517 0.3348
vn 0.6620 0.5512 0.5080
vn 0.6124 0.5096 0.6044
vn 0.7596 0.3602 0.5415
vn 0.8382 0.2054 0.5051
vn 0.8443 0.2038 0.4957
vn 0.8676 0.4028 0.2917
vn 0.9373 0.2446 0.2485
vn 0.9417 0.2374 0.2384
vn 0.9136 0.1866 0.3613
vn 0.8422 0.3588 0.4025
vn 0.8241 0.3696 0.4292
vn 0.9376 0.2662 -0.2237
vn 0.9150 0.3803 -0.1347
vn 0.8594 0.4855 -0.1606
vn 0.9874 0.1428 -0.0681
vn 0.9698 0.2401 -0.0434
vn 0.9571 0.2892 -0.0207
vn 0.8746 0.4812 0.0595
vn 0.9617 0.2548 0.1010
vn 0.9562 0.2671 0.1195
vn 0.8800 0.4349 0.1909
vn 0.9717 0.2232 0.0772
vn 0.9621 0.2707 -0.0342
vn 0.9318 0.2589 -0.2545
vn 0.9051 0.2141 0.3675
vn 0.9552 0.1985 0.2196
vn 0.8553 0.1656 0.4910
vn 0.8969 0.2363 -0.3738
vn 0.8138 0.2210 -0.5374
vn 0.8746 0.2468 -0.4174
vn 0.7669 0.2257 -0.6007
vn 0.9044 0.3930 0.1661
vn 0.9310 0.3637 0.0312
vn 0.9532 0.2549 -0.1628
vn 0.8971 0.2249 0.3802
vn 0.8779 0.3941 0.2721
vn 0.8095 0.2837 0.5141
vn 0.7486 0.6238 0.2245
vn 0.7569 0.6517 0.0493
vn 0.7054 0.6807 -0.1977
vn 0.7299 0.4777 0.4889
vn 0.7429 0.5714 0.3486
vn 0.7180 0.3951 0.5730
vn 0.7752 0.3691 -0.5127
vn 0.8967 0.2672 -0.3529
vn 0.7345 0.4831 -0.4766
vn 0.8590 0.3999 -0.3196
vn 0.7299 0.5158 -0.4486
vn 0.8593 0.4228 -0.2876
vn 0.6639 0.6721 -0.3279
vn 0.2566 0.5825 0.7713
vn 0.7350 0.2223 0.6406
vn 0.7678 0.1800 0.6148
vn 0.7549 0.2001 0.6246
vn 0.6908 0.4317 0.5800
vn 0.7916 0.0877 0.6047
vn 0.6953 0.3029 0.6517
vn 0.8526 0.2618 0.4523
vn 0.7803 0.1346 0.6107
vn 0.3542 0.5870 0.7280
vn 0.6481 0.3177 0.6921
vn 0.5628 0.4259 0.7084
vn 0.8907 0.0444 -0.4523
vn 0.9815 0.1349 0.1359
vn 0.2510 -0.0145 -0.9679
vn 0.9650 0.0870 -0.2473
vn 0.9746 0.1360 -0.1781
vn 0.9810 0.1368 -0.1376
vn 0.9852 0.1384 -0.1015
vn 0.9845 0.1508 -0.0892
vn 0.9843 0.1723 -0.0387
vn 0.9834 0.1814 -0.0051
vn 0.9777 0.2098 0.0001
vn 0.9733 0.1998 0.1128
vn 0.9766 0.1597 0.1439
vn 0.6373 0.6566 0.4034
vn 0.5835 0.7430 0.3276
vn 0.6264 0.7633 0.1579
vn 0.6799 0.7332 0.0109
vn 0.6784 0.7202 -0.1452
vn 0.6799 0.6568 -0.3262
vn 0.6901 0.5825 -0.4294
vn 0.6782 0.4905 -0.5472
vn 0.6499 0.4378 -0.6212
vn 0.5568 0.2279 -0.7988
vn 0.3644 -0.1110 -0.9246
vn 0.6686 0.5635 0.4852
vn 0.4605 -0.0059 -0.8876
vn 0.9803 0.0795 0.1808
vn -0.0701 0.7152 0.6954
vn -0.6907 0.3924 -0.6075
vn 0.7859 -0.5991 -0.1529
vn 0.9924 -0.0231 0.1205
vn -0.7743 0.5996 0.2026
vn -0.7589 0.4703 -0.4504
vn 0.7736 -0.5995 -0.2052
vn 0.9976 -0.0380 0.0585
vn -0.7858 0.5991 0.1537
vn 0.0285 0.2776 -0.9603
vn -0.7948 0.5219 -0.3097
vn 0.7474 -0.5964 -0.2928
vn 0.9825 -0.1804 -0.0457
vn -0.8075 0.5474 -0.2197
vn 0.8827 0.4698 0.0081
vn -0.8127 0.5657 -0.1396
vn 0.7444 -0.5957 -0.3015
vn 0.9875 -0.1559 -0.0223
vn -0.8132 0.5695 -0.1202
vn -0.8096 0.5531 -0.1966
vn 0.8010 -0.5947 -0.0682
vn 0.9997 -0.0207 0.0153
vn -0.7659 0.5991 0.2336
vn -0.7770 0.4946 -0.3894
vn 0.8007 -0.5026 -0.3260
vn 0.9334 -0.3211 -0.1601
vn 0.6786 0.0807 -0.7301
vn -0.5589 0.8159 -0.1483
vn 0.8427 -0.0242 0.5378
vn 0.1678 0.7167 0.6768
vn -0.5533 0.7702 -0.3173
vn 0.0868 0.9131 -0.3985
vn 0.9192 0.3527 -0.1750
vn 0.8509 -0.5249 -0.0206
vn 0.2631 0.7686 -0.5832
vn 0.9380 0.2819 -0.2018
vn 0.5445 -0.8373 -0.0494
vn 0.3921 0.6412 -0.6596
vn 0.9348 0.2353 -0.2662
vn -0.4884 0.8117 0.3204
vn 0.4262 0.5231 -0.7381
vn 0.9278 0.2600 -0.2675
vn -0.4861 0.8099 0.3284
vn 0.2025 0.7745 0.5992
vn 0.9018 0.0755 0.4255
vn 0.8554 -0.5164 -0.0396
vn 0.1513 0.9221 0.3562
vn 0.9521 0.1899 0.2398
vn -0.5115 0.8274 0.2320
vn 0.1975 0.8314 0.5194
vn 0.9263 0.1415 0.3492
vn 0.9042 -0.4258 0.0344
vn 0.1404 0.9567 -0.2551
vn 0.9287 0.3387 -0.1507
vn -0.5354 0.8372 0.1115
vn 0.1638 0.9820 0.0945
vn 0.9611 0.2756 0.0202
vn -0.4867 0.8103 0.3264
vn 0.1122 0.9578 0.2645
vn 0.9644 0.2262 0.1372
vn 0.5169 -0.8303 -0.2081
vn 0.9292 0.1423 -0.3411
vn 0.5352 0.2707 -0.8002
vn 0.8746 -0.4757 -0.0939
vn 0.5181 0.2990 -0.8013
vn 0.9364 0.1638 -0.3102
vn 0.5590 -0.8143 0.1561
vn 0.5592 0.1551 -0.8144
vn 0.9239 0.1404 -0.3560
vn 0.7817 0.2271 0.5809
vn 0.3007 0.4459 0.8431
vn 0.7137 0.3517 0.6058
vn 0.9866 0.0819 0.1411
vn 0.2097 0.4878 0.8474
vn -0.6958 0.6290 0.3468
vn -0.0660 0.4896 0.8695
vn 0.5846 0.4074 0.7016
vn -0.9846 0.1696 0.0413
vn 0.0784 0.5006 0.8621
vn 0.1020 0.5968 0.7959
vn 0.9460 0.3159 -0.0731
vn -0.8934 0.2256 0.3885
vn -0.9847 0.1695 0.0407
vn 0.9474 0.2790 -0.1570
vn -0.9788 0.1802 0.0976
vn 0.9428 0.2758 -0.1873
vn -0.9859 0.1660 0.0227
vn 0.9331 0.2656 -0.2425
vn -0.9873 0.1570 -0.0227
vn 0.9151 0.2406 -0.3237
vn -0.9872 0.1517 -0.0486
vn 0.8732 0.1805 -0.4528
vn 0.1014 0.5907 0.8005
vn 0.1069 0.2140 -0.9710
vn 0.1291 0.7532 0.6449
vn 0.0994 0.0905 -0.9909
vn 0.1096 0.3726 -0.9215
vn 0.1077 0.5698 -0.8147
vn 0.0995 0.7311 -0.6750
vn 0.0960 0.8330 -0.5449
vn 0.1123 0.8957 -0.4303
vn 0.1163 0.9715 -0.2065
vn 0.1445 0.9892 0.0248
vn 0.1153 0.9736 0.1971
vn 0.1294 0.9036 0.4083
vn 0.1282 0.8383 0.5300
vn -0.9765 0.1830 0.1135
vn 0.9339 0.3576 -0.0036
vn -0.9261 0.0762 -0.3695
vn 0.9260 0.3769 0.0218
vn -0.9744 0.1854 0.1268
vn 0.9001 0.3851 0.2035
vn -0.8717 0.0430 -0.4882
vn 0.8740 0.3854 0.2958
vn 0.7592 0.3471 0.5505
vn -0.9622 0.1063 -0.2508
vn 0.8145 0.1279 -0.5659
vn -0.9738 0.1200 -0.1932
vn 0.7646 0.3236 0.5574
vn 0.8569 0.3795 0.3488
vn -0.9825 0.1345 -0.1292
vn 0.7104 0.0645 -0.7008
vn -0.9858 0.1437 -0.0867
vn 0.5562 0.4028 0.7269
vn 0.4984 0.2763 -0.8217
vn 0.5254 0.3397 -0.7801
vn 0.5452 0.5160 -0.6607
vn 0.5198 0.6580 -0.5449
vn 0.5386 0.7016 -0.4666
vn 0.5514 0.7328 -0.3986
vn 0.5364 0.8194 -0.2022
vn 0.4863 0.8488 0.2074
vn 0.4598 0.7996 0.3862
vn 0.4905 0.7012 0.5174
vn 0.5179 0.5503 0.6550
vn 0.5487 0.4814 0.6835
vn -0.7642 0.4772 -0.4339
vn -0.5878 0.6525 0.4783
vn -0.6875 0.3891 -0.6131
vn 0.3322 0.1230 -0.9352
vn 0.3676 0.9298 0.0153
vn 0.4471 0.8702 0.2072
vn 0.3540 0.3632 -0.8618
vn 0.3382 0.5594 -0.7568
vn 0.3764 0.6835 -0.6254
vn 0.4077 0.7558 -0.5124
vn 0.3968 0.8445 -0.3596
vn 0.3636 0.9043 -0.2236
vn 0.4858 0.7954 0.3624
vn 0.4188 0.7522 0.5087
vn 0.3709 0.6482 0.6650
vn -0.5509 0.6391 0.5368
vn -0.5752 0.2793 -0.7688
vn 0.3519 0.6316 0.6908
vn 0.4424 0.7751 0.4510
vn 0.4830 0.7838 0.3904
vn 0.3644 0.8981 -0.2465
vn 0.3963 0.8481 -0.3516
vn 0.4080 0.7527 -0.5167
vn 0.3754 0.7024 -0.6048
vn 0.3381 0.5625 -0.7545
vn 0.3544 0.3532 -0.8658
vn 0.4470 0.8704 0.2064
vn 0.3687 0.9285 0.0452
vn 0.3315 0.1435 -0.9325
vn 0.5405 0.5226 0.6594
vn 0.5156 0.5411 0.6643
vn 0.4982 0.7314 0.4657
vn 0.4582 0.7929 0.4018
vn 0.4866 0.8497 0.2029
vn 0.5367 0.8145 -0.2204
vn 0.5562 0.7502 -0.3575
vn 0.5328 0.6846 -0.4974
vn 0.5216 0.6768 -0.5194
vn 0.5454 0.5100 -0.6652
vn 0.5263 0.3262 -0.7852
vn 0.4995 0.2649 -0.8248
vn 0.5142 0.4025 0.7573
vn 0.5181 0.8538 0.0508
vn 0.4987 0.1469 -0.8542
vn 0.2848 0.4168 0.8632
vn 0.3634 0.6083 0.7057
vn 0.3615 0.2628 -0.8946
vn 0.8500 -0.3687 -0.3763
vn -0.7508 0.5970 0.2828
vn 0.9916 -0.0832 0.0987
vn 0.8129 -0.5673 0.1316
vn -0.6066 0.3086 -0.7327
vn -0.7484 0.5965 0.2900
vn 0.9904 -0.1296 0.0491
vn 0.8088 -0.5508 0.2059
vn -0.5117 0.2220 -0.8300
vn -0.3619 0.5187 0.7746
vn -0.6275 0.6089 0.4853
vn 0.9925 -0.1161 0.0394
vn 0.7818 -0.5015 0.3705
vn -0.7874 0.5989 0.1459
vn -0.7992 0.5956 0.0804
vn 0.9919 -0.1271 -0.0012
vn 0.7615 -0.4737 0.4425
vn -0.8050 0.5921 0.0373
vn -0.4440 0.1636 -0.8810
vn 0.9767 -0.2085 -0.0512
vn 0.6873 -0.3889 0.6135
vn -0.4308 0.1525 -0.8895
vn 0.9738 -0.2091 -0.0893
vn 0.5774 -0.2813 0.7665
vn 0.9819 -0.1603 0.1005
vn 0.4921 -0.2049 0.8461
vn 0.9686 -0.2383 -0.0708
vn 0.4479 -0.1669 0.8784
vn 0.9962 -0.0018 0.0872
vn -0.5279 0.5109 0.6785
vn -0.4874 0.2008 -0.8498
vn 0.8018 0.2177 -0.5565
vn 0.6677 0.3492 0.6574
vn -0.4184 0.4638 -0.7809
vn 0.8508 -0.5176 -0.0910
vn -0.4778 0.5806 -0.6593
vn 0.8240 -0.1773 0.5382
vn -0.5591 0.8116 -0.1694
vn -0.4967 0.6210 -0.6063
vn 0.7433 0.0018 0.6689
vn 0.4889 -0.8121 -0.3186
vn -0.5532 0.7698 -0.3183
vn -0.5217 0.8327 0.1856
vn -0.4917 0.8141 0.3089
vn 0.7757 0.1384 -0.6157
vn 0.7443 0.2531 -0.6180
vn 0.7095 0.6700 0.2185
vn 0.7025 0.7091 0.0609
vn 0.6369 0.7285 -0.2524
vn 0.7336 0.4867 0.4744
vn 0.7355 0.5888 0.3351
vn 0.7257 0.4097 0.5527
vn 0.7063 0.4509 -0.5457
vn 0.6909 0.4927 -0.5290
vn 0.6016 0.6780 -0.4223
vn 0.5712 0.7451 -0.3443
vn -0.3041 0.2606 -0.9163
vn 0.5130 -0.8282 -0.2254
vn 0.6649 0.3446 0.6626
vn 0.5724 0.7466 -0.3390
vn 0.6009 0.6642 -0.4448
vn 0.6907 0.4851 -0.5363
vn 0.7064 0.4500 -0.5464
vn 0.7244 0.4072 0.5562
vn 0.7351 0.5866 0.3398
vn 0.7329 0.4851 0.4769
vn 0.6392 0.7294 -0.2438
vn 0.7024 0.7093 0.0588
vn 0.7094 0.6685 0.2234
vn 0.8029 0.2100 -0.5579
vn 0.7450 0.2440 -0.6209
vn 0.7748 0.1442 -0.6155
vn 0.6641 0.6743 -0.3230
vn 0.7288 0.5206 -0.4447
vn 0.7374 0.4736 -0.4816
vn 0.7720 0.3828 -0.5075
vn 0.7192 0.3973 0.5701
vn 0.7431 0.5721 0.3473
vn 0.7304 0.4790 0.4868
vn 0.7041 0.6801 -0.2042
vn 0.7486 0.6234 0.2260
vn 0.8140 0.2196 -0.5378
vn 0.7957 0.1677 -0.5820
vn 0.6516 0.3232 0.6863
vn 0.7671 0.2247 -0.6009
vn -0.5207 0.8322 0.1908
vn 0.8500 -0.5261 -0.0257
vn -0.5455 0.8371 0.0416
vn 0.8495 -0.1631 0.5018
vn 0.5522 -0.7660 0.3290
vn -0.5235 0.8335 0.1770
vn 0.5234 -0.8334 -0.1773
vn 0.9127 -0.3437 0.2213
vn -0.5255 0.6879 -0.5006
vn -0.2687 0.2012 -0.9420
vn 0.3064 -0.2645 0.9144
vn 0.9099 -0.3128 0.2725
vn -0.2391 0.1525 -0.9589
vn 0.9276 -0.3580 0.1070
vn 0.5035 -0.6360 0.5848
vn -0.3038 0.2600 -0.9166
vn 0.8215 -0.5664 0.0661
vn -0.5040 0.6370 -0.5832
vn -0.3362 0.3156 -0.8874
vn 0.7955 -0.1296 0.5919
vn 0.4865 -0.5988 0.6362
vn 0.2852 -0.2286 0.9308
vn -0.4058 0.4401 -0.8010
vn -0.1952 0.0819 -0.9773
vn 0.4209 -0.4685 0.7768
vn 0.2256 -0.1306 0.9654
vn -0.4791 0.8043 0.3515
vn 0.4854 -0.8094 -0.3305
vn -0.5203 0.8320 0.1926
vn -0.1280 0.8357 0.5341
vn -0.1294 0.9050 0.4052
vn -0.1153 0.9734 0.1980
vn -0.1443 0.9894 0.0152
vn -0.1162 0.9738 -0.1954
vn -0.1119 0.8979 -0.4257
vn -0.0956 0.8360 -0.5403
vn -0.0996 0.7293 -0.6769
vn -0.1077 0.5702 -0.8144
vn -0.1096 0.3736 -0.9211
vn -0.0993 0.0956 -0.9905
vn -0.1292 0.7538 0.6443
vn -0.1069 0.2143 -0.9709
vn -0.1917 0.1067 -0.9756
vn -0.1490 0.1244 -0.9810
vn -0.4990 0.1425 -0.8548
vn -0.6494 0.1311 -0.7491
vn -0.7949 0.1723 -0.5817
vn -0.8701 0.1688 -0.4630
vn -0.9451 0.1683 -0.2801
vn -0.9869 0.1481 0.0634
vn -0.9671 0.1346 0.2161
vn -0.9273 0.1177 0.3554
vn -0.8638 0.1018 0.4935
vn -0.2183 0.2305 -0.9483
vn -0.2476 0.3742 -0.8937
vn -0.2654 0.5604 -0.7845
vn -0.2658 0.7053 -0.6572
vn -0.2345 0.8128 -0.5333
vn -0.2510 0.8825 -0.3977
vn -0.2673 0.9429 -0.1986
vn -0.2569 0.9664 0.0021
vn -0.2704 0.9409 0.2037
vn -0.2663 0.8814 0.3901
vn -0.2478 0.8002 0.5461
vn -0.2660 0.7141 0.6475
vn -0.7744 0.2108 -0.5965
vn -0.7892 0.2458 -0.5628
vn -0.8005 0.3834 -0.4608
vn -0.8268 0.4566 -0.3285
vn -0.8729 0.3839 -0.3010
vn -0.8856 0.4207 -0.1967
vn -0.8632 0.4828 -0.1475
vn 0.2688 0.9611 0.0631
vn 0.2110 0.9496 0.2319
vn -0.8894 0.4456 0.1025
vn -0.8724 0.4099 0.2662
vn -0.8668 0.4028 0.2939
vn -0.8465 0.2273 0.4814
vn -0.3625 0.2476 -0.8985
vn 0.0268 0.3733 -0.9273
vn 0.1147 0.5779 -0.8080
vn 0.0986 0.7514 -0.6525
vn 0.0997 0.8266 -0.5539
vn 0.1803 0.9106 -0.3718
vn 0.2403 0.9387 -0.2472
vn -0.5197 0.8537 0.0341
vn 0.0805 0.8940 0.4407
vn -0.0205 0.8715 0.4900
vn 0.0405 0.7131 0.6999
vn -0.6246 0.2685 -0.7333
vn -0.5838 0.3261 -0.7435
vn -0.5566 0.5078 -0.6575
vn -0.5423 0.6116 -0.5761
vn -0.5561 0.7099 -0.4322
vn -0.5971 0.7057 -0.3815
vn -0.6079 0.7653 -0.2116
vn -0.6097 0.7919 0.0354
vn -0.6611 0.7225 0.2021
vn -0.6806 0.6517 0.3348
vn -0.6620 0.5512 0.5080
vn -0.6124 0.5096 0.6044
vn -0.7596 0.3602 0.5415
vn -0.8382 0.2054 0.5051
vn -0.8443 0.2038 0.4957
vn -0.8676 0.4028 0.2917
vn -0.9373 0.2446 0.2485
vn -0.9417 0.2374 0.2384
vn -0.9136 0.1866 0.3613
vn -0.8422 0.3588 0.4025
vn -0.8241 0.3696 0.4292
vn -0.9376 0.2662 -0.2237
vn -0.9150 0.3803 -0.1347
vn -0.8594 0.4855 -0.1606
vn -0.9874 0.1428 -0.0681
vn -0.9698 0.2401 -0.0434
vn -0.9571 0.2892 -0.0207
vn -0.8746 0.4812 0.0595
vn -0.9617 0.2548 0.1010
vn -0.9562 0.2671 0.1195
vn -0.8800 0.4349 0.1909
vn -0.9717 0.2232 0.0772
vn -0.9621 0.2707 -0.0342
vn -0.9318 0.2589 -0.2545
vn -0.9051 0.2141 0.3675
vn -0.9552 0.1985 0.2196
vn -0.8553 0.1656 0.4910
vn -0.8969 0.2363 -0.3738
vn -0.8138 0.2210 -0.5374
vn -0.8746 0.2468 -0.4174
vn -0.7669 0.2257 -0.6007
vn -0.9044 0.3930 0.1661
vn -0.9310 0.3637 0.0312
vn -0.9532 0.2549 -0.1628
vn -0.8971 0.2249 0.3802
vn -0.8779 0.3941 0.2721
vn -0.8095 0.2837 0.5141
vn -0.7486 0.6238 0.2245
vn -0.7569 0.6517 0.0493
vn -0.7054 0.6807 -0.1977
vn -0.7299 0.4777 0.4889
vn -0.7429 0.5714 0.3486
vn -0.7180 0.3951 0.5730
vn -0.7752 0.3691 -0.5127
vn -0.8967 0.2672 -0.3529
vn -0.7345 0.4831 -0.4766
vn -0.8590 0.3999 -0.3196
vn -0.7299 0.5158 -0.4486
vn -0.8593 0.4228 -0.2876
vn -0.6639 0.6721 -0.3279
vn -0.2566 0.5825 0.7713
vn -0.7350 0.2223 0.6406
vn -0.7678 0.1800 0.6148
vn -0.7549 0.2001 0.6246
vn -0.6908 0.4317 0.5800
vn -0.7916 0.0877 0.6047
vn -0.6953 0.3029 0.6517
vn -0.8526 0.2618 0.4523
vn -0.7803 0.1346 0.6107
vn -0.3542 0.5870 0.7280
vn -0.6481 0.3177 0.6921
vn -0.5628 0.4259 0.7084
vn -0.8907 0.0444 -0.4523
vn -0.9815 0.1349 0.1359
vn -0.2510 -0.0145 -0.9679
vn -0.9650 0.0870 -0.2473
vn -0.9746 0.1360 -0.1781
vn -0.9810 0.1368 -0.1376
vn -0.9852 0.1384 -0.1015
vn -0.9845 0.1508 -0.0892
vn -0.9843 0.1723 -0.0387
vn -0.9834 0.1814 -0.0051
vn -0.9777 0.2098 0.0001
vn -0.9733 0.1998 0.1128
vn -0.9766 0.1597 0.1439
vn -0.6373 0.6566 0.4034
vn -0.5835 0.7430 0.3276
vn -0.6264 0.7633 0.1579
vn -0.6799 0.7332 0.0109
vn -0.6784 0.7202 -0.1452
vn -0.6799 0.6568 -0.3262
vn -0.6901 0.5825 -0.4294
vn -0.6782 0.4905 -0.5472
vn -0.6499 0.4378 -0.6212
vn -0.5568 0.2279 -0.7988
vn -0.3644 -0.1110 -0.9246
vn -0.6686 0.5635 0.4852
vn -0.4605 -0.0059 -0.8876
vn -0.9803 0.0795 0.1808
vn 0.0701 0.7152 0.6954
vn 0.6907 0.3924 -0.6075
vn -0.7859 -0.5991 -0.1529
vn -0.9924 -0.0231 0.1205
vn 0.7743 0.5996 0.2026
vn 0.7589 0.4703 -0.4504
vn -0.7736 -0.5995 -0.2052
vn -0.9976 -0.0380 0.0585
vn 0.7858 0.5991 0.1537
vn -0.0285 0.2776 -0.9603
vn 0.7948 0.5219 -0.3097
vn -0.7474 -0.5964 -0.2928
vn -0.9825 -0.1804 -0.0457
vn 0.8075 0.5474 -0.2197
vn -0.8827 0.4698 0.0081
vn 0.8127 0.5657 -0.1396
vn -0.7444 -0.5957 -0.3015
vn -0.9875 -0.1559 -0.0223
vn 0.8132 0.5695 -0.1202
vn 0.8096 0.5531 -0.1966
vn -0.8010 -0.5947 -0.0682
vn -0.9997 -0.0207 0.0153
vn 0.7659 0.5991 0.2336
vn 0.7770 0.4946 -0.3894
vn -0.8007 -0.5026 -0.3260
vn -0.9334 -0.3211 -0.1601
vn -0.6786 0.0807 -0.7301
vn 0.5589 0.8159 -0.1483
vn -0.8427 -0.0242 0.5378
vn -0.1678 0.7167 0.6768
vn 0.5533 0.7702 -0.3173
vn -0.0868 0.9131 -0.3985
vn -0.9192 0.3527 -0.1750
vn -0.8509 -0.5249 -0.0206
vn -0.2631 0.7686 -0.5832
vn -0.9380 0.2819 -0.2018
vn -0.5445 -0.8373 -0.0494
vn -0.3921 0.6412 -0.6596
vn -0.9348 0.2353 -0.2662
vn 0.4884 0.8117 0.3204
vn -0.4262 0.5231 -0.7381
vn -0.9278 0.2600 -0.2675
vn 0.4861 0.8099 0.3284
vn -0.2025 0.7745 0.5992
vn -0.9018 0.0755 0.4255
vn -0.8554 -0.5164 -0.0396
vn -0.1513 0.9221 0.3562
vn -0.9521 0.1899 0.2398
vn 0.5115 0.8274 0.2320
vn -0.1975 0.8314 0.5194
vn -0.9263 0.1415 0.3492
vn -0.9042 -0.4258 0.0344
vn -0.1404 0.9567 -0.2551
vn -0.9287 0.3387 -0.1507
vn 0.5354 0.8372 0.1115
vn -0.1638 0.9820 0.0945
vn -0.9611 0.2756 0.0202
vn 0.4867 0.8103 0.3264
vn -0.1122 0.9578 0.2645
vn -0.9644 0.2262 0.1372
vn -0.5169 -0.8303 -0.2081
vn -0.9292 0.1423 -0.3411
vn -0.5352 0.2707 -0.8002
vn -0.8746 -0.4757 -0.0939
vn -0.5181 0.2990 -0.8013
vn -0.9364 0.1638 -0.3102
vn -0.5590 -0.8143 0.1561
vn -0.5592 0.1551 -0.8144
vn -0.9239 0.1404 -0.3560
vn -0.7817 0.2271 0.5809
vn -0.3007 0.4459 0.8431
vn -0.7137 0.3517 0.6058
vn -0.9866 0.0819 0.1411
vn -0.2097 0.4878 0.8474
vn 0.6958 0.6290 0.3468
vn 0.0660 0.4896 0.8695
vn -0.5846 0.4074 0.7016
vn 0.9846 0.1696 0.0413
vn -0.0784 0.5006 0.8621
vn -0.1020 0.5968 0.7959
vn -0.9460 0.3159 -0.0731
vn 0.8934 0.2256 0.3885
vn 0.9847 0.1695 0.0407
vn -0.9474 0.2790 -0.1570
vn 0.9788 0.1802 0.0976
vn -0.9428 0.2758 -0.1873
vn 0.9859 0.1660 0.0227
vn -0.9331 0.2656 -0.2425
vn 0.9873 0.1570 -0.0227
vn -0.9151 0.2406 -0.3237
vn 0.9872 0.1517 -0.0486
vn -0.8732 0.1805 -0.4528
vn -0.1014 0.5907 0.8005
vn -0.1069 0.2140 -0.9710
vn -0.1291 0.7532 0.6449
vn -0.0994 0.0905 -0.9909
vn -0.1096 0.3726 -0.9215
vn -0.1077 0.5698 -0.8147
vn -0.0995 0.7311 -0.6750
vn -0.0960 0.8330 -0.5449
vn -0.1123 0.8957 -0.4303
vn -0.1163 0.9715 -0.2065
vn -0.1445 0.9892 0.0248
vn -0.1153 0.9736 0.1971
vn -0.1294 0.9036 0.4083
vn -0.1282 0.8383 0.5300
vn 0.9765 0.1830 0.1135
vn -0.9339 0.3576 -0.0036
vn 0.9261 0.0762 -0.3695
vn -0.9260 0.3768 0.0218
vn 0.9744 0.1854 0.1268
vn -0.9001 0.3851 0.2035
vn 0.8717 0.0430 -0.4882
vn -0.8741 0.3854 0.2958
vn -0.7592 0.3471 0.5505
vn 0.9622 0.1063 -0.2508
vn -0.8145 0.1279 -0.5659
vn 0.9738 0.1200 -0.1932
vn -0.7646 0.3236 0.5574
vn -0.8569 0.3795 0.3488
vn 0.9825 0.1345 -0.1292
vn -0.7104 0.0645 -0.7008
vn 0.9858 0.1437 -0.0867
vn -0.5562 0.4028 0.7269
vn -0.4984 0.2763 -0.8217
vn -0.5254 0.3397 -0.7801
vn -0.5452 0.5160 -0.6607
vn -0.5198 0.6580 -0.5449
vn -0.5386 0.7016 -0.4666
vn -0.5514 0.7328 -0.3986
vn -0.5364 0.8194 -0.2022
vn -0.4863 0.8488 0.2074
vn -0.4598 0.7996 0.3862
vn -0.4905 0.7012 0.5174
vn -0.5179 0.5503 0.6550
vn -0.5487 0.4814 0.6835
vn 0.7642 0.4772 -0.4339
vn 0.5878 0.6525 0.4783
vn 0.6875 0.3891 -0.6131
vn -0.3322 0.1230 -0.9352
vn -0.3676 0.9298 0.0153
vn -0.4471 0.8702 0.2072
vn -0.3540 0.3632 -0.8618
vn -0.3382 0.5594 -0.7568
vn -0.3764 0.6835 -0.6254
vn -0.4077 0.7558 -0.5124
vn -0.3968 0.8445 -0.3596
vn -0.3636 0.9043 -0.2236
vn -0.4858 0.7954 0.3624
vn -0.4188 0.7522 0.5087
vn -0.3709 0.6482 0.6650
vn 0.5509 0.6391 0.5368
vn 0.5752 0.2793 -0.7688
vn -0.3519 0.6316 0.6908
vn -0.4424 0.7751 0.4510
vn -0.4830 0.7838 0.3904
vn -0.3644 0.8981 -0.2465
vn -0.3963 0.8481 -0.3516
vn -0.4080 0.7527 -0.5167
vn -0.3754 0.7024 -0.6048
vn -0.3381 0.5625 -0.7545
vn -0.3544 0.3532 -0.8658
vn -0.4470 0.8704 0.2064
vn -0.3687 0.9285 0.0452
vn -0.3315 0.1435 -0.9325
vn -0.5405 0.5226 0.6594
vn -0.5156 0.5411 0.6643
vn -0.4982 0.7314 0.4657
vn -0.4582 0.7929 0.4018
vn -0.4866 0.8497 0.2029
vn -0.5367 0.8145 -0.2204
vn -0.5562 0.7502 -0.3575
vn -0.5328 0.6846 -0.4974
vn -0.5216 0.6768 -0.5194
vn -0.5454 0.5100 -0.6652
vn -0.5263 0.3262 -0.7852
vn -0.4995 0.2649 -0.8248
vn -0.5142 0.4025 0.7573
vn -0.5181 0.8538 0.0508
vn -0.4987 0.1469 -0.8542
vn -0.2848 0.4168 0.8632
vn -0.3634 0.6083 0.7057
vn -0.3615 0.2628 -0.8946
vn -0.8500 -0.3687 -0.3763
vn 0.7508 0.5970 0.2828
vn -0.9916 -0.0832 0.0987
vn -0.8129 -0.5673 0.1316
vn 0.6066 0.3086 -0.7327
vn 0.7484 0.5965 0.2900
vn -0.9904 -0.1296 0.0491
vn -0.8088 -0.5508 0.2059
vn 0.5117 0.2220 -0.8300
vn 0.3619 0.5187 0.7746
vn 0.6275 0.6089 0.4853
vn -0.9925 -0.1161 0.0394
vn -0.7818 -0.5015 0.3705
vn 0.7874 0.5989 0.1460
vn 0.7992 0.5956 0.0804
vn -0.9919 -0.1272 -0.0012
vn -0.7615 -0.4737 0.4425
vn 0.8050 0.5921 0.0373
vn 0.4440 0.1636 -0.8810
vn -0.9767 -0.2085 -0.0512
vn -0.6873 -0.3889 0.6135
vn 0.4308 0.1525 -0.8895
vn -0.9738 -0.2091 -0.0893
vn -0.5774 -0.2813 0.7665
vn -0.9819 -0.1603 0.1005
vn -0.4921 -0.2049 0.8461
vn -0.9686 -0.2383 -0.0708
vn -0.4479 -0.1669 0.8784
vn -0.9962 -0.0018 0.0872
vn 0.5279 0.5109 0.6785
vn 0.4874 0.2008 -0.8498
vn -0.8018 0.2177 -0.5565
vn -0.6677 0.3492 0.6574
vn 0.4184 0.4638 -0.7809
vn -0.8508 -0.5176 -0.0910
vn 0.4778 0.5806 -0.6593
vn -0.8240 -0.1773 0.5382
vn 0.5591 0.8116 -0.1694
vn 0.4967 0.6210 -0.6063
vn -0.7433 0.0018 0.6689
vn -0.4889 -0.8121 -0.3186
vn 0.5532 0.7698 -0.3183
vn 0.5217 0.8327 0.1856
vn 0.4917 0.8141 0.3089
vn -0.7757 0.1384 -0.6157
vn -0.7443 0.2531 -0.6180
vn -0.7095 0.6700 0.2185
vn -0.7025 0.7091 0.0609
vn -0.6369 0.7285 -0.2524
vn -0.7336 0.4867 0.4744
vn -0.7355 0.5888 0.3351
vn -0.7257 0.4097 0.5527
vn -0.7063 0.4509 -0.5457
vn -0.6909 0.4927 -0.5290
vn -0.6016 0.6780 -0.4223
vn -0.5712 0.7451 -0.3443
vn 0.3041 0.2606 -0.9163
vn -0.5130 -0.8282 -0.2254
vn -0.6649 0.3446 0.6626
vn -0.5724 0.7466 -0.3390
vn -0.6009 0.6642 -0.4447
vn -0.6907 0.4851 -0.5363
vn -0.7064 0.4500 -0.5464
vn -0.7244 0.4072 0.5562
vn -0.7351 0.5866 0.3398
vn -0.7329 0.4851 0.4769
vn -0.6392 0.7294 -0.2438
vn -0.7024 0.7093 0.0588
vn -0.7094 0.6685 0.2234
vn -0.8029 0.2100 -0.5579
vn -0.7450 0.2440 -0.6209
vn -0.7748 0.1442 -0.6155
vn -0.6641 0.6743 -0.3230
vn -0.7288 0.5206 -0.4447
vn -0.7374 0.4736 -0.4816
vn -0.7720 0.3828 -0.5075
vn -0.7192 0.3973 0.5701
vn -0.7431 0.5721 0.3473
vn -0.7304 0.4790 0.4868
vn -0.7041 0.6801 -0.2042
vn -0.7486 0.6234 0.2260
vn -0.8140 0.2196 -0.5378
vn -0.7957 0.1677 -0.5820
vn -0.6516 0.3232 0.6863
vn -0.7671 0.2247 -0.6009
vn 0.5207 0.8322 0.1908
vn -0.8500 -0.5261 -0.0257
vn 0.5455 0.8371 0.0416
vn -0.8495 -0.1631 0.5018
vn -0.5522 -0.7660 0.3290
vn 0.5235 0.8335 0.1770
vn -0.5234 -0.8334 -0.1773
vn -0.9127 -0.3437 0.2213
vn 0.5255 0.6879 -0.5006
vn 0.2687 0.2012 -0.9420
vn -0.3064 -0.2645 0.9144
vn -0.9099 -0.3127 0.2725
vn 0.2391 0.1525 -0.9589
vn -0.9276 -0.3580 0.1070
vn -0.5035 -0.6360 0.5848
vn 0.3038 0.2600 -0.9166
vn -0.8215 -0.5664 0.0661
vn 0.5040 0.6370 -0.5832
vn 0.3362 0.3156 -0.8874
vn -0.7955 -0.1296 0.5919
vn -0.4865 -0.5988 0.6362
vn -0.2852 -0.2286 0.9308
vn 0.4058 0.4401 -0.8010
vn 0.1952 0.0819 -0.9773
vn -0.4209 -0.4685 0.7768
vn -0.2256 -0.1306 0.9654
vn 0.4791 0.8043 0.3515
vn -0.4854 -0.8094 -0.3305
vn 0.5203 0.8320 0.1926
usemtl Helmet
s off
f 1413/1659/1077 1160/1660/1077 1149/1661/1077 1402/1662/1077
f 1402/1662/1078 1149/1661/1078 1150/1663/1078 1403/1664/1078
f 1403/1664/1079 1150/1663/1079 1151/1665/1079 1404/1666/1079
f 1404/1666/1080 1151/1665/1080 1152/1667/1080 1405/1668/1080
f 1405/1668/1081 1152/1667/1081 1153/1669/1081 1406/1670/1081
f 1406/1670/1082 1153/1669/1082 1154/1671/1082 1407/1672/1082
f 1407/1672/1083 1154/1671/1083 1155/1673/1083 1408/1674/1083
f 1408/1674/1084 1155/1673/1084 1156/1675/1084 1409/1676/1084
f 1409/1676/1085 1156/1675/1085 1157/1677/1085 1410/1678/1085
f 1410/1678/1086 1157/1677/1086 1158/1679/1086 1411/1680/1086
f 1414/1681/1087 1161/1682/1087 1159/1683/1087 1412/1684/1087
f 1400/1685/1088 1148/1686/1088 1160/1660/1088 1413/1659/1088
f 1411/1680/1089 1158/1679/1089 1161/1682/1089 1414/1681/1089
f 1159/1683/1090 1161/1682/1090 1163/1687/1090 1162/1688/1090
f 1317/1689/1091 1316/1690/1091 1165/1691/1091 1164/1692/1091
f 1462/1693/1092 1448/1694/1092 1167/1695/1092 1166/1696/1092
f 1166/1696/1093 1167/1695/1093 1169/1697/1093 1168/1698/1093
f 1553/1699/1094 1544/1700/1094 1171/1701/1094 1170/1702/1094
f 1170/1702/1095 1171/1701/1095 1173/1703/1095 1172/1704/1095
f 1172/1704/1096 1173/1703/1096 1175/1705/1096 1174/1706/1096
f 1245/1707/1097 1244/1708/1097 1177/1709/1097 1176/1710/1097
f 1176/1710/1098 1177/1709/1098 1179/1711/1098 1178/1712/1098
f 1178/1712/1099 1179/1711/1099 1180/1713/1099 1181/1714/1099
f 1181/1714/1100 1180/1713/1100 1183/1715/1100 1182/1716/1100
f 1158/1679/1101 1195/1717/1101 1163/1687/1101 1161/1682/1101
f 1158/1679/1102 1157/1677/1102 1194/1718/1102 1195/1717/1102
f 1157/1677/1103 1156/1675/1103 1193/1719/1103 1194/1718/1103
f 1156/1675/1104 1155/1673/1104 1192/1720/1104 1193/1719/1104
f 1155/1673/1105 1154/1671/1105 1191/1721/1105 1192/1720/1105
f 1154/1671/1106 1153/1669/1106 1190/1722/1106 1191/1721/1106
f 1153/1669/1107 1152/1667/1107 1189/1723/1107 1190/1722/1107
f 1152/1667/1108 1151/1665/1108 1188/1724/1108 1189/1723/1108
f 1151/1665/1109 1150/1663/1109 1187/1725/1109 1188/1724/1109
f 1150/1663/1110 1149/1661/1110 1186/1726/1110 1187/1725/1110
f 1149/1661/1111 1160/1660/1111 1185/1727/1111 1186/1726/1111
f 1185/1727/1112 1160/1660/1112 1148/1686/1112 1184/1728/1112
f 1331/1729/1113 1165/1730/1113 1196/1731/1113 1333/1732/1113
f 1333/1732/1114 1196/1731/1114 1198/1733/1114 1334/1734/1114
f 1334/1734/1115 1198/1733/1115 1200/1735/1115 1335/1736/1115
f 1335/1736/1116 1200/1735/1116 1202/1737/1116 1336/1738/1116
f 1336/1738/1117 1202/1737/1117 1204/1739/1117 1337/1740/1117
f 1337/1740/1118 1204/1739/1118 1206/1741/1118 1338/1742/1118
f 1338/1742/1119 1206/1741/1119 1208/1743/1119 1339/1744/1119
f 1320/1745/1120 1210/1746/1120 1208/1747/1120 1327/1748/1120
f 1319/1749/1121 1212/1750/1121 1210/1746/1121 1320/1745/1121
f 1340/1751/1122 1210/1752/1122 1212/1753/1122 1341/1754/1122
f 1341/1754/1123 1212/1753/1123 1214/1755/1123 1342/1756/1123
f 1342/1756/1124 1214/1755/1124 1216/1757/1124 1343/1758/1124
f 1343/1758/1125 1216/1757/1125 1218/1759/1125 1344/1760/1125
f 1465/1761/1126 1163/1687/1126 1195/1717/1126 1469/1762/1126
f 1322/1763/1127 1198/1764/1127 1196/1765/1127 1321/1766/1127
f 1323/1767/1128 1200/1768/1128 1198/1764/1128 1322/1763/1128
f 1324/1769/1129 1202/1770/1129 1200/1768/1129 1323/1767/1129
f 1325/1771/1130 1204/1772/1130 1202/1770/1130 1324/1769/1130
f 1326/1773/1131 1206/1774/1131 1204/1772/1131 1325/1771/1131
f 1327/1748/1132 1208/1747/1132 1206/1774/1132 1326/1773/1132
f 1455/1775/1133 1456/1776/1133 1211/1777/1133 1209/1778/1133
f 1318/1779/1134 1214/1780/1134 1212/1750/1134 1319/1749/1134
f 1328/1781/1135 1216/1782/1135 1214/1780/1135 1318/1779/1135
f 1329/1783/1136 1218/1784/1136 1216/1782/1136 1328/1781/1136
f 1169/1697/1137 1167/1695/1137 1197/1785/1137 1220/1786/1137
f 1199/1787/1138 1221/1788/1138 1220/1786/1138 1197/1785/1138
f 1201/1789/1139 1222/1790/1139 1221/1788/1139 1199/1787/1139
f 1203/1791/1140 1223/1792/1140 1222/1790/1140 1201/1789/1140
f 1205/1793/1141 1224/1794/1141 1223/1792/1141 1203/1791/1141
f 1207/1795/1142 1225/1796/1142 1224/1794/1142 1205/1793/1142
f 1209/1778/1143 1226/1797/1143 1225/1796/1143 1207/1795/1143
f 1211/1777/1144 1227/1798/1144 1226/1797/1144 1209/1778/1144
f 1213/1799/1145 1228/1800/1145 1227/1798/1145 1211/1777/1145
f 1215/1801/1146 1229/1802/1146 1228/1800/1146 1213/1799/1146
f 1217/1803/1147 1230/1804/1147 1229/1802/1147 1215/1801/1147
f 1231/1805/1148 1230/1804/1148 1217/1803/1148 1219/1806/1148
f 1265/1807/1149 1264/1808/1149 1233/1809/1149 1232/1810/1149
f 1258/1811/1150 1257/1812/1150 1235/1813/1150 1234/1814/1150
f 1249/1815/1151 1248/1816/1151 1234/1814/1151 1235/1813/1151
f 1267/1817/1152 1266/1818/1152 1237/1819/1152 1236/1820/1152
f 1260/1821/1153 1259/1822/1153 1239/1823/1153 1238/1824/1153
f 1251/1825/1154 1250/1826/1154 1238/1824/1154 1239/1823/1154
f 1248/1816/1155 1180/1713/1155 1179/1711/1155 1251/1825/1155
f 1258/1811/1156 1259/1822/1156 1237/1819/1156 1232/1810/1156
f 1266/1818/1157 1265/1807/1157 1232/1810/1157 1237/1819/1157
f 1253/1827/1158 1252/1828/1158 1240/1829/1158 1241/1830/1158
f 1262/1831/1159 1261/1832/1159 1242/1833/1159 1243/1834/1159
f 1269/1835/1160 1243/1834/1160 1242/1833/1160 1268/1836/1160
f 1174/1706/1161 1175/1705/1161 1244/1708/1161 1245/1707/1161
f 1253/1827/1162 1254/1837/1162 1244/1708/1162 1175/1705/1162
f 1262/1831/1163 1263/1838/1163 1246/1839/1163 1241/1830/1163
f 1270/1840/1164 1247/1841/1164 1243/1834/1164 1269/1835/1164
f 1254/1837/1165 1246/1839/1165 1238/1824/1165 1250/1826/1165
f 1260/1821/1166 1238/1824/1166 1246/1839/1166 1263/1838/1166
f 1270/1840/1167 1267/1817/1167 1236/1820/1167 1247/1841/1167
f 1244/1708/1168 1254/1837/1168 1250/1826/1168 1177/1709/1168
f 1241/1830/1169 1246/1839/1169 1254/1837/1169 1253/1827/1169
f 1175/1705/1170 1173/1703/1170 1252/1828/1170 1253/1827/1170
f 1234/1814/1171 1248/1816/1171 1251/1825/1171 1239/1823/1171
f 1179/1711/1172 1177/1709/1172 1250/1826/1172 1251/1825/1172
f 1183/1715/1173 1180/1713/1173 1248/1816/1173 1249/1815/1173
f 1240/1829/1174 1252/1828/1174 1256/1842/1174 1255/1843/1174
f 1546/1844/1175 1255/1843/1175 1256/1842/1175 1545/1845/1175
f 1171/1701/1176 1256/1842/1176 1252/1828/1176 1173/1703/1176
f 1565/1846/1177 1169/1697/1177 1220/1786/1177 1566/1847/1177
f 1236/1820/1178 1260/1821/1178 1263/1838/1178 1247/1841/1178
f 1243/1834/1179 1247/1841/1179 1263/1838/1179 1262/1831/1179
f 1241/1830/1180 1240/1829/1180 1261/1832/1180 1262/1831/1180
f 1234/1814/1181 1239/1823/1181 1259/1822/1181 1258/1811/1181
f 1236/1820/1182 1237/1819/1182 1259/1822/1182 1260/1821/1182
f 1232/1810/1183 1233/1809/1183 1257/1812/1183 1258/1811/1183
f 1551/1848/1184 1555/1849/1184 1267/1817/1184 1270/1840/1184
f 1551/1848/1185 1270/1840/1185 1269/1835/1185 1550/1850/1185
f 1550/1850/1186 1269/1835/1186 1268/1836/1186 1549/1851/1186
f 1548/1852/1187 1554/1853/1187 1265/1807/1187 1266/1818/1187
f 1555/1849/1188 1548/1852/1188 1266/1818/1188 1267/1817/1188
f 1554/1853/1189 1547/1854/1189 1264/1808/1189 1265/1807/1189
f 1546/1844/1190 1556/1855/1190 1271/1856/1190 1255/1843/1190
f 1255/1843/1191 1271/1856/1191 1261/1832/1191 1240/1829/1191
f 1556/1855/1192 1557/1857/1192 1272/1858/1192 1271/1856/1192
f 1261/1832/1193 1271/1856/1193 1272/1858/1193 1242/1833/1193
f 1557/1857/1194 1558/1859/1194 1273/1860/1194 1272/1858/1194
f 1242/1833/1195 1272/1858/1195 1273/1860/1195 1268/1836/1195
f 1558/1859/1196 1549/1851/1196 1268/1836/1196 1273/1860/1196
f 1184/1728/1197 1148/1686/1197 1274/1861/1197 1277/1862/1197
f 1257/1812/1198 1233/1809/1198 1281/1863/1198 1284/1864/1198
f 1249/1815/1199 1235/1813/1199 1282/1865/1199 1283/1866/1199
f 1235/1813/1200 1257/1812/1200 1284/1864/1200 1282/1865/1200
f 1314/1867/1201 1636/1868/1201 1775/1869/1201 1315/1870/1201
f 1182/1716/1202 1183/1715/1202 1276/1871/1202 1275/1872/1202
f 1233/1809/1203 1264/1808/1203 1285/1873/1203 1281/1863/1203
f 1344/1760/1204 1218/1759/1204 1278/1874/1204 1345/1875/1204
f 1183/1715/1205 1249/1815/1205 1283/1866/1205 1276/1871/1205
f 1477/1876/1206 1184/1728/1206 1277/1862/1206 1478/1877/1206
f 1568/1878/1207 1231/1805/1207 1280/1879/1207 1573/1880/1207
f 1231/1805/1208 1219/1806/1208 1279/1881/1208 1280/1879/1208
f 1310/1882/1209 1296/1883/1209 1299/1884/1209 1313/1885/1209
f 1314/1867/1210 1286/1886/1210 1298/1887/1210 1312/1888/1210
f 1313/1885/1211 1299/1884/1211 1297/1889/1211 1311/1890/1211
f 1309/1891/1212 1295/1892/1212 1296/1883/1212 1310/1882/1212
f 1308/1893/1213 1294/1894/1213 1295/1892/1213 1309/1891/1213
f 1307/1895/1214 1293/1896/1214 1294/1894/1214 1308/1893/1214
f 1306/1897/1215 1292/1898/1215 1293/1896/1215 1307/1895/1215
f 1305/1899/1216 1291/1900/1216 1292/1898/1216 1306/1897/1216
f 1304/1901/1217 1290/1902/1217 1291/1900/1217 1305/1899/1217
f 1303/1903/1218 1289/1904/1218 1290/1902/1218 1304/1901/1218
f 1302/1905/1219 1288/1906/1219 1289/1904/1219 1303/1903/1219
f 1301/1907/1220 1287/1908/1220 1288/1906/1220 1302/1905/1220
f 1312/1888/1221 1298/1887/1221 1287/1908/1221 1301/1907/1221
f 1659/1909/1222 1312/1888/1222 1301/1907/1222 1637/1910/1222
f 1637/1910/1223 1301/1907/1223 1302/1905/1223 1639/1911/1223
f 1639/1911/1224 1302/1905/1224 1303/1903/1224 1641/1912/1224
f 1641/1912/1225 1303/1903/1225 1304/1901/1225 1643/1913/1225
f 1643/1913/1226 1304/1901/1226 1305/1899/1226 1645/1914/1226
f 1645/1914/1227 1305/1899/1227 1306/1897/1227 1647/1915/1227
f 1647/1915/1228 1306/1897/1228 1307/1895/1228 1649/1916/1228
f 1649/1916/1229 1307/1895/1229 1308/1893/1229 1651/1917/1229
f 1651/1917/1230 1308/1893/1230 1309/1891/1230 1653/1918/1230
f 1653/1918/1231 1309/1891/1231 1310/1882/1231 1655/1919/1231
f 1661/1920/1232 1313/1885/1232 1311/1890/1232 1657/1921/1232
f 1636/1868/1233 1314/1867/1233 1312/1888/1233 1659/1909/1233
f 1655/1919/1234 1310/1882/1234 1313/1885/1234 1661/1920/1234
f 1286/1886/1235 1314/1867/1235 1315/1870/1235 1300/1922/1235
f 1218/1784/1236 1329/1783/1236 1330/1923/1236 1278/1924/1236
f 1323/1767/1237 1322/1763/1237 1491/1925/1237 1493/1926/1237
f 1340/1751/1238 1341/1754/1238 1517/1927/1238 1513/1928/1238
f 1470/1929/1239 1471/1930/1239 1492/1931/1239 1490/1932/1239
f 1458/1933/1240 1457/1934/1240 1537/1935/1240 1538/1936/1240
f 1324/1769/1241 1323/1767/1241 1493/1926/1241 1495/1937/1241
f 1341/1754/1242 1342/1756/1242 1516/1938/1242 1517/1927/1242
f 1469/1762/1243 1470/1929/1243 1490/1932/1243 1488/1939/1243
f 1457/1934/1244 1456/1776/1244 1536/1940/1244 1537/1935/1244
f 1165/1691/1245 1316/1690/1245 1321/1766/1245 1196/1765/1245
f 1325/1771/1246 1324/1769/1246 1495/1937/1246 1497/1941/1246
f 1342/1756/1247 1343/1758/1247 1515/1942/1247 1516/1938/1247
f 1468/1943/1248 1467/1944/1248 1484/1945/1248 1486/1946/1248
f 1326/1773/1249 1325/1771/1249 1497/1941/1249 1499/1947/1249
f 1208/1743/1250 1210/1752/1250 1340/1751/1250 1339/1744/1250
f 1455/1775/1251 1454/1948/1251 1534/1949/1251 1535/1950/1251
f 1343/1758/1252 1344/1760/1252 1511/1951/1252 1515/1942/1252
f 1475/1952/1253 1468/1943/1253 1486/1946/1253 1500/1953/1253
f 1327/1748/1254 1326/1773/1254 1499/1947/1254 1501/1954/1254
f 1454/1948/1255 1453/1955/1255 1533/1956/1255 1534/1949/1255
f 1339/1744/1256 1340/1751/1256 1513/1928/1256 1514/1957/1256
f 1464/1958/1257 1465/1761/1257 1480/1959/1257 1543/1960/1257
f 1318/1779/1258 1319/1749/1258 1485/1961/1258 1483/1962/1258
f 1453/1955/1259 1452/1963/1259 1532/1964/1259 1533/1956/1259
f 1344/1760/1260 1345/1875/1260 1512/1965/1260 1511/1951/1260
f 1478/1877/1261 1479/1966/1261 1525/1967/1261 1506/1968/1261
f 1164/1969/1262 1165/1730/1262 1331/1729/1262 1332/1970/1262
f 1550/1850/1263 1549/1851/1263 1624/1971/1263 1625/1972/1263
f 1366/1973/1264 1365/1974/1264 1389/1975/1264 1390/1976/1264
f 1365/1977/1265 1364/1978/1265 1388/1979/1265 1389/1980/1265
f 1370/1981/1266 1387/1982/1266 1606/1983/1266 1591/1984/1266
f 1387/1982/1267 1370/1981/1267 1371/1985/1267 1386/1986/1267
f 1386/1987/1268 1371/1988/1268 1372/1989/1268 1385/1990/1268
f 1561/1991/1269 1569/1992/1269 1588/1993/1269 1630/1994/1269
f 1384/1995/1270 1387/1982/1270 1386/1986/1270 1383/1996/1270
f 1383/1997/1271 1386/1987/1271 1385/1990/1271 1382/1998/1271
f 1375/1999/1272 1378/2000/1272 1615/2001/1272 1614/2002/1272
f 1381/2003/1273 1384/1995/1273 1383/1996/1273 1380/2004/1273
f 1380/2005/1274 1383/1997/1274 1382/1998/1274 1379/2006/1274
f 1554/1853/1275 1548/1852/1275 1623/2007/1275 1578/2008/1275
f 1361/2009/1276 1381/2003/1276 1380/2004/1276 1362/2010/1276
f 1362/2011/1277 1380/2005/1277 1379/2006/1277 1363/2012/1277
f 1388/1979/1278 1364/1978/1278 1587/2013/1278 1603/2014/1278
f 1354/2015/1279 1364/1978/1279 1365/1977/1279 1353/2016/1279
f 1353/2017/1280 1365/1974/1280 1366/1973/1280 1352/2018/1280
f 1569/1992/1281 1560/2019/1281 1629/2020/1281 1588/1993/1281
f 1357/2021/1282 1367/2022/1282 1368/2023/1282 1356/2024/1282
f 1356/2025/1283 1368/2026/1283 1369/2027/1283 1355/2028/1283
f 1548/1852/1284 1555/1849/1284 1580/2029/1284 1623/2007/1284
f 1367/2022/1285 1354/2015/1285 1353/2016/1285 1368/2023/1285
f 1368/2026/1286 1353/2017/1286 1352/2018/1286 1369/2027/1286
f 1570/2030/1287 1571/2031/1287 1592/2032/1287 1590/2033/1287
f 1373/2034/1288 1374/2035/1288 1371/1985/1288 1370/1981/1288
f 1374/2036/1289 1375/1999/1289 1372/1989/1289 1371/1988/1289
f 1376/2037/1290 1373/2034/1290 1593/2038/1290 1595/2039/1290
f 1376/2037/1291 1377/2040/1291 1374/2035/1291 1373/2034/1291
f 1377/2041/1292 1378/2000/1292 1375/1999/1292 1374/2036/1292
f 1547/1854/1293 1554/1853/1293 1578/2008/1293 1622/2042/1293
f 1376/2037/1294 1357/2021/1294 1356/2024/1294 1377/2040/1294
f 1377/2041/1295 1356/2025/1295 1355/2028/1295 1378/2000/1295
f 1366/1973/1296 1390/1976/1296 1605/2043/1296 1604/2044/1296
f 1348/2045/1297 1347/2046/1297 1359/2047/1297 1360/2048/1297
f 1347/2049/1298 1346/2050/1298 1358/2051/1298 1359/2052/1298
f 1571/2031/1299 1572/2053/1299 1594/2054/1299 1592/2032/1299
f 1361/2009/1300 1362/2010/1300 1359/2052/1300 1358/2051/1300
f 1362/2011/1301 1363/2012/1301 1360/2048/1301 1359/2047/1301
f 1372/1989/1302 1375/1999/1302 1614/2002/1302 1607/2055/1302
f 1351/2056/1303 1346/2050/1303 1347/2049/1303 1350/2057/1303
f 1350/2058/1304 1347/2046/1304 1348/2045/1304 1349/2059/1304
f 1345/1875/1305 1278/1874/1305 1393/2060/1305 1399/2061/1305
f 1478/1877/1306 1277/1862/1306 1392/2062/1306 1479/1966/1306
f 1315/1870/1307 1775/1869/1307 1893/2063/1307 1397/2064/1307
f 1300/1922/1308 1315/1870/1308 1397/2064/1308 1396/2065/1308
f 1277/1862/1309 1274/1861/1309 1391/2066/1309 1392/2062/1309
f 1328/1781/1310 1318/1779/1310 1483/1962/1310 1503/2067/1310
f 1278/1924/1311 1330/1923/1311 1398/2068/1311 1393/2069/1311
f 1280/1879/1312 1279/1881/1312 1394/2070/1312 1395/2071/1312
f 1413/1659/1313 1402/1662/1313 1416/2072/1313 1438/2073/1313
f 1274/1861/1314 1401/2074/1314 1415/2075/1314 1391/2066/1314
f 1148/1686/1315 1400/1685/1315 1401/2074/1315 1274/1861/1315
f 1291/1900/1316 1290/1902/1316 1423/2076/1316 1425/2077/1316
f 1415/2075/1317 1401/2074/1317 1446/2078/1317 1447/2079/1317
f 1402/1662/1318 1403/1664/1318 1418/2080/1318 1416/2072/1318
f 1292/1898/1319 1291/1900/1319 1425/2077/1319 1427/2081/1319
f 1403/1664/1320 1404/1666/1320 1420/2082/1320 1418/2080/1320
f 1293/1896/1321 1292/1898/1321 1427/2081/1321 1429/2083/1321
f 1404/1666/1322 1405/1668/1322 1422/2084/1322 1420/2082/1322
f 1294/1894/1323 1293/1896/1323 1429/2083/1323 1431/2085/1323
f 1405/1668/1324 1406/1670/1324 1424/2086/1324 1422/2084/1324
f 1295/1892/1325 1294/1894/1325 1431/2085/1325 1433/2087/1325
f 1406/1670/1326 1407/1672/1326 1426/2088/1326 1424/2086/1326
f 1296/1883/1327 1295/1892/1327 1433/2087/1327 1435/2089/1327
f 1445/2090/1328 1442/2091/1328 1443/2092/1328 1446/2093/1328
f 1446/2093/1314 1443/2092/1314 1444/2094/1314 1447/2095/1314
f 1435/2089/1329 1434/2096/1329 1440/2097/1329 1441/2098/1329
f 1442/2091/1330 1445/2090/1330 1438/2099/1330 1439/2100/1330
f 1441/2098/1331 1440/2097/1331 1436/2101/1331 1437/2102/1331
f 1433/2087/1332 1432/2103/1332 1434/2096/1332 1435/2089/1332
f 1431/2085/1333 1430/2104/1333 1432/2103/1333 1433/2087/1333
f 1429/2083/1334 1428/2105/1334 1430/2104/1334 1431/2085/1334
f 1427/2081/1335 1426/2106/1335 1428/2105/1335 1429/2083/1335
f 1425/2077/1336 1424/2107/1336 1426/2106/1336 1427/2081/1336
f 1423/2076/1337 1422/2108/1337 1424/2107/1337 1425/2077/1337
f 1421/2109/1338 1420/2110/1338 1422/2108/1338 1423/2076/1338
f 1419/2111/1339 1418/2112/1339 1420/2110/1339 1421/2109/1339
f 1417/2113/1340 1416/2114/1340 1418/2112/1340 1419/2111/1340
f 1439/2100/1341 1438/2099/1341 1416/2114/1341 1417/2113/1341
f 1401/2074/1342 1400/1685/1342 1445/2115/1342 1446/2078/1342
f 1290/1902/1343 1289/1904/1343 1421/2109/1343 1423/2076/1343
f 1411/1680/1344 1414/1681/1344 1440/2116/1344 1434/2117/1344
f 1289/1904/1345 1288/1906/1345 1419/2111/1345 1421/2109/1345
f 1400/1685/1346 1413/1659/1346 1438/2073/1346 1445/2115/1346
f 1288/1906/1347 1287/1908/1347 1417/2113/1347 1419/2111/1347
f 1414/1681/1348 1412/1684/1348 1436/2118/1348 1440/2116/1348
f 1287/1908/1349 1298/1887/1349 1439/2100/1349 1417/2113/1349
f 1286/1886/1350 1300/1922/1350 1443/2092/1350 1442/2091/1350
f 1410/1678/1351 1411/1680/1351 1434/2117/1351 1432/2119/1351
f 1299/1884/1352 1296/1883/1352 1435/2089/1352 1441/2098/1352
f 1409/1676/1353 1410/1678/1353 1432/2119/1353 1430/2120/1353
f 1300/1922/1354 1396/2065/1354 1444/2094/1354 1443/2092/1354
f 1298/1887/1355 1286/1886/1355 1442/2091/1355 1439/2100/1355
f 1408/1674/1356 1409/1676/1356 1430/2120/1356 1428/2121/1356
f 1297/1889/1357 1299/1884/1357 1441/2098/1357 1437/2102/1357
f 1407/1672/1358 1408/1674/1358 1428/2121/1358 1426/2088/1358
f 1279/1881/1359 1461/2122/1359 1463/2123/1359 1394/2070/1359
f 1167/1695/1360 1448/1694/1360 1449/2124/1360 1197/1785/1360
f 1197/1785/1361 1449/2124/1361 1450/2125/1361 1199/1787/1361
f 1199/1787/1362 1450/2125/1362 1451/2126/1362 1201/1789/1362
f 1201/1789/1363 1451/2126/1363 1452/1963/1363 1203/1791/1363
f 1203/1791/1364 1452/1963/1364 1453/1955/1364 1205/1793/1364
f 1205/1793/1365 1453/1955/1365 1454/1948/1365 1207/1795/1365
f 1207/1795/1366 1454/1948/1366 1455/1775/1366 1209/1778/1366
f 1211/1777/1367 1456/1776/1367 1457/1934/1367 1213/1799/1367
f 1213/1799/1368 1457/1934/1368 1458/1933/1368 1215/1801/1368
f 1215/1801/1369 1458/1933/1369 1459/2127/1369 1217/1803/1369
f 1217/1803/1370 1459/2127/1370 1460/2128/1370 1219/1806/1370
f 1219/1806/1371 1460/2128/1371 1461/2122/1371 1279/1881/1371
f 1452/1963/1372 1451/2126/1372 1531/2129/1372 1532/1964/1372
f 1329/1783/1373 1328/1781/1373 1503/2067/1373 1505/2130/1373
f 1451/2126/1374 1450/2125/1374 1530/2131/1374 1531/2129/1374
f 1162/1688/1375 1163/1687/1375 1465/1761/1375 1464/1958/1375
f 1188/1724/1376 1468/1943/1376 1475/1952/1376 1189/1723/1376
f 1187/1725/1377 1467/1944/1377 1468/1943/1377 1188/1724/1377
f 1194/1718/1378 1470/1929/1378 1469/1762/1378 1195/1717/1378
f 1193/1719/1379 1471/1930/1379 1470/1929/1379 1194/1718/1379
f 1192/1720/1380 1472/2132/1380 1471/1930/1380 1193/1719/1380
f 1191/1721/1381 1473/2133/1381 1472/2132/1381 1192/1720/1381
f 1190/1722/1382 1474/2134/1382 1473/2133/1382 1191/1721/1382
f 1189/1723/1383 1475/1952/1383 1474/2134/1383 1190/1722/1383
f 1186/1726/1384 1466/2135/1384 1467/1944/1384 1187/1725/1384
f 1185/1727/1385 1476/2136/1385 1466/2135/1385 1186/1726/1385
f 1184/1728/1386 1477/1876/1386 1476/2136/1386 1185/1727/1386
f 1330/1923/1387 1329/1783/1387 1505/2130/1387 1507/2137/1387
f 1450/2125/1388 1449/2124/1388 1529/2138/1388 1530/2131/1388
f 1504/2139/1389 1505/2130/1389 1503/2067/1389 1502/2140/1389
f 1502/2140/1390 1503/2067/1390 1483/1962/1390 1482/2141/1390
f 1482/2141/1391 1483/1962/1391 1485/1961/1391 1484/2142/1391
f 1500/2143/1392 1501/1954/1392 1499/1947/1392 1498/2144/1392
f 1498/2144/1393 1499/1947/1393 1497/1941/1393 1496/2145/1393
f 1496/2145/1394 1497/1941/1394 1495/1937/1394 1494/2146/1394
f 1494/2146/1395 1495/1937/1395 1493/1926/1395 1492/2147/1395
f 1492/2147/1396 1493/1926/1396 1491/1925/1396 1490/2148/1396
f 1490/2148/1397 1491/1925/1397 1489/2149/1397 1488/2150/1397
f 1484/2142/1398 1485/1961/1398 1487/2151/1398 1486/2152/1398
f 1486/2152/1399 1487/2151/1399 1501/1954/1399 1500/2143/1399
f 1543/2153/1400 1480/2154/1400 1481/2155/1400 1508/2156/1400
f 1540/2157/1401 1511/1951/1401 1512/1965/1401 1541/2158/1401
f 1539/2159/1402 1515/1942/1402 1511/1951/1402 1540/2157/1402
f 1538/2160/1403 1516/1938/1403 1515/1942/1403 1539/2159/1403
f 1537/2161/1404 1517/1927/1404 1516/1938/1404 1538/2160/1404
f 1536/2162/1405 1513/1928/1405 1517/1927/1405 1537/2161/1405
f 1534/2163/1406 1518/2164/1406 1514/1957/1406 1535/2165/1406
f 1533/2166/1407 1519/2167/1407 1518/2164/1407 1534/2163/1407
f 1532/2168/1408 1520/2169/1408 1519/2167/1408 1533/2166/1408
f 1531/2170/1409 1521/2171/1409 1520/2169/1409 1532/2168/1409
f 1530/2172/1410 1522/2173/1410 1521/2171/1410 1531/2170/1410
f 1529/2174/1411 1523/2175/1411 1522/2173/1411 1530/2172/1411
f 1528/2176/1412 1524/2177/1412 1523/2175/1412 1529/2174/1412
f 1541/2158/1413 1512/1965/1413 1527/2178/1413 1542/2179/1413
f 1514/1957/1414 1513/1928/1414 1536/2162/1414 1535/2165/1414
f 1510/2180/1415 1524/2177/1415 1528/2176/1415 1509/2181/1415
f 1507/2137/1416 1506/2182/1416 1525/2183/1416 1526/2184/1416
f 1505/2130/1417 1504/2139/1417 1506/2182/1417 1507/2137/1417
f 1481/2155/1418 1480/2154/1418 1488/2150/1418 1489/2149/1418
f 1345/1875/1419 1399/2061/1419 1527/2178/1419 1512/1965/1419
f 1459/2127/1420 1458/1933/1420 1538/1936/1420 1539/2185/1420
f 1471/1930/1421 1472/2132/1421 1494/2186/1421 1492/1931/1421
f 1338/1742/1422 1339/1744/1422 1514/1957/1422 1518/2164/1422
f 1322/1763/1423 1321/1766/1423 1489/2149/1423 1491/1925/1423
f 1460/2128/1424 1459/2127/1424 1539/2185/1424 1540/2187/1424
f 1472/2132/1425 1473/2133/1425 1496/2188/1425 1494/2186/1425
f 1337/1740/1426 1338/1742/1426 1518/2164/1426 1519/2167/1426
f 1321/1766/1427 1316/1690/1427 1481/2155/1427 1489/2149/1427
f 1398/2068/1428 1330/1923/1428 1507/2137/1428 1526/2184/1428
f 1461/2122/1429 1460/2128/1429 1540/2187/1429 1541/2189/1429
f 1473/2133/1430 1474/2134/1430 1498/2190/1430 1496/2188/1430
f 1336/1738/1431 1337/1740/1431 1519/2167/1431 1520/2169/1431
f 1319/1749/1432 1320/1745/1432 1487/2151/1432 1485/1961/1432
f 1456/1776/1433 1455/1775/1433 1535/1950/1433 1536/1940/1433
f 1474/2134/1434 1475/1952/1434 1500/1953/1434 1498/2190/1434
f 1335/1736/1435 1336/1738/1435 1520/2169/1435 1521/2171/1435
f 1320/1745/1436 1327/1748/1436 1501/1954/1436 1487/2151/1436
f 1448/1694/1437 1462/1693/1437 1509/2191/1437 1528/2192/1437
f 1467/1944/1438 1466/2135/1438 1482/2193/1438 1484/1945/1438
f 1334/1734/1439 1335/1736/1439 1521/2171/1439 1522/2173/1439
f 1316/1690/1440 1317/1689/1440 1508/2156/1440 1481/2155/1440
f 1466/2135/1441 1476/2136/1441 1502/2194/1441 1482/2193/1441
f 1333/1732/1442 1334/1734/1442 1522/2173/1442 1523/2175/1442
f 1476/2136/1443 1477/1876/1443 1504/2195/1443 1502/2194/1443
f 1331/1729/1444 1333/1732/1444 1523/2175/1444 1524/2177/1444
f 1477/1876/1445 1478/1877/1445 1506/1968/1445 1504/2195/1445
f 1332/1970/1446 1331/1729/1446 1524/2177/1446 1510/2180/1446
f 1465/1761/1447 1469/1762/1447 1488/1939/1447 1480/1959/1447
f 1463/2123/1448 1461/2122/1448 1541/2189/1448 1542/2196/1448
f 1449/2124/1449 1448/1694/1449 1528/2192/1449 1529/2138/1449
f 1171/1701/1450 1544/1700/1450 1545/1845/1450 1256/1842/1450
f 1264/1808/1451 1547/1854/1451 1552/2197/1451 1285/1873/1451
f 1556/1855/1452 1546/1844/1452 1621/2198/1452 1596/2199/1452
f 1572/2053/1453 1561/1991/1453 1630/1994/1453 1594/2054/1453
f 1557/1857/1454 1556/1855/1454 1596/2199/1454 1598/2200/1454
f 1566/1847/1455 1567/2201/1455 1584/2202/1455 1582/2203/1455
f 1373/2034/1456 1370/1981/1456 1591/1984/1456 1593/2038/1456
f 1558/1859/1457 1557/1857/1457 1598/2200/1457 1600/2204/1457
f 1559/2205/1458 1565/1846/1458 1574/2206/1458 1628/2207/1458
f 1369/2027/1459 1352/2018/1459 1579/2208/1459 1613/2209/1459
f 1549/1851/1460 1558/1859/1460 1600/2204/1460 1624/1971/1460
f 1552/2197/1461 1547/1854/1461 1622/2042/1461 1627/2210/1461
f 1354/2015/1462 1367/2022/1462 1589/2211/1462 1611/2212/1462
f 1168/1698/1463 1169/1697/1463 1565/1846/1463 1559/2205/1463
f 1221/1788/1464 1567/2201/1464 1566/1847/1464 1220/1786/1464
f 1227/1798/1465 1228/1800/1465 1561/1991/1465 1572/2053/1465
f 1227/1798/1466 1572/2053/1466 1571/2031/1466 1226/1797/1466
f 1226/1797/1467 1571/2031/1467 1570/2030/1467 1225/1796/1467
f 1229/1802/1468 1230/1804/1468 1560/2019/1468 1569/1992/1468
f 1228/1800/1469 1229/1802/1469 1569/1992/1469 1561/1991/1469
f 1230/1804/1470 1231/1805/1470 1568/1878/1470 1560/2019/1470
f 1221/1788/1471 1222/1790/1471 1562/2213/1471 1567/2201/1471
f 1222/1790/1472 1223/1792/1472 1563/2214/1472 1562/2213/1472
f 1223/1792/1473 1224/1794/1473 1564/2215/1473 1563/2214/1473
f 1224/1794/1474 1225/1796/1474 1570/2030/1474 1564/2215/1474
f 1545/1845/1475 1544/1700/1475 1619/2216/1475 1620/2217/1475
f 1355/2028/1476 1369/2027/1476 1613/2209/1476 1581/2218/1476
f 1622/2219/1477 1604/2044/1477 1605/2043/1477 1627/2220/1477
f 1633/2221/1478 1590/2222/1478 1591/1984/1478 1606/1983/1478
f 1632/2223/1479 1633/2221/1479 1606/1983/1479 1608/2224/1479
f 1631/2225/1480 1632/2223/1480 1608/2224/1480 1609/2226/1480
f 1584/2227/1481 1631/2225/1481 1609/2226/1481 1585/2228/1481
f 1629/2229/1482 1586/2230/1482 1587/2013/1482 1611/2212/1482
f 1630/2231/1483 1588/2232/1483 1589/2211/1483 1612/2233/1483
f 1588/2232/1484 1629/2229/1484 1611/2212/1484 1589/2211/1484
f 1592/2234/1485 1593/2038/1485 1591/1984/1485 1590/2222/1485
f 1594/2235/1486 1595/2039/1486 1593/2038/1486 1592/2234/1486
f 1594/2235/1487 1630/2231/1487 1612/2233/1487 1595/2039/1487
f 1619/2236/1488 1616/2237/1488 1617/2238/1488 1620/2239/1488
f 1584/2227/1489 1585/2228/1489 1583/2240/1489 1582/2241/1489
f 1628/2242/1490 1574/2243/1490 1575/2244/1490 1618/2245/1490
f 1601/2246/1491 1607/2055/1491 1624/2247/1491 1600/2248/1491
f 1599/2249/1492 1601/2246/1492 1600/2248/1492 1598/2250/1492
f 1597/2251/1493 1599/2249/1493 1598/2250/1493 1596/2252/1493
f 1610/2253/1494 1597/2251/1494 1596/2252/1494 1621/2254/1494
f 1579/2208/1495 1604/2044/1495 1622/2219/1495 1578/2255/1495
f 1581/2218/1496 1613/2209/1496 1623/2256/1496 1580/2257/1496
f 1613/2209/1497 1579/2208/1497 1578/2255/1497 1623/2256/1497
f 1614/2002/1498 1625/2258/1498 1624/2247/1498 1607/2055/1498
f 1615/2001/1185 1626/2259/1185 1625/2258/1185 1614/2002/1185
f 1615/2001/1499 1581/2218/1499 1580/2257/1499 1626/2259/1499
f 1610/2253/1500 1621/2254/1500 1620/2239/1500 1617/2238/1500
f 1577/2260/1501 1616/2237/1501 1619/2236/1501 1576/2261/1501
f 1587/2013/1502 1586/2230/1502 1602/2262/1502 1603/2014/1502
f 1575/2244/1503 1574/2243/1503 1582/2241/1503 1583/2240/1503
f 1357/2021/1504 1376/2037/1504 1595/2039/1504 1612/2233/1504
f 1560/2019/1505 1568/1878/1505 1586/2263/1505 1629/2020/1505
f 1551/1848/1506 1550/1850/1506 1625/1972/1506 1626/2264/1506
f 1567/2201/1507 1562/2213/1507 1631/2265/1507 1584/2202/1507
f 1385/1990/1508 1372/1989/1508 1607/2055/1508 1601/2246/1508
f 1555/1849/1509 1551/1848/1509 1626/2264/1509 1580/2029/1509
f 1378/2000/1510 1355/2028/1510 1581/2218/1510 1615/2001/1510
f 1562/2213/1511 1563/2214/1511 1632/2266/1511 1631/2265/1511
f 1387/1982/1512 1384/1995/1512 1608/2224/1512 1606/1983/1512
f 1546/1844/1513 1545/1845/1513 1620/2217/1513 1621/2198/1513
f 1348/2045/1514 1360/2048/1514 1617/2238/1514 1616/2237/1514
f 1563/2214/1515 1564/2215/1515 1633/2267/1515 1632/2266/1515
f 1544/1700/1516 1553/1699/1516 1576/2268/1516 1619/2216/1516
f 1564/2215/1517 1570/2030/1517 1590/2033/1517 1633/2267/1517
f 1382/1998/1518 1385/1990/1518 1601/2246/1518 1599/2249/1518
f 1358/2051/1519 1346/2050/1519 1575/2244/1519 1583/2240/1519
f 1568/1878/1520 1573/1880/1520 1602/2269/1520 1586/2263/1520
f 1384/1995/1521 1381/2003/1521 1609/2226/1521 1608/2224/1521
f 1361/2009/1522 1358/2051/1522 1583/2240/1522 1585/2228/1522
f 1565/1846/1523 1566/1847/1523 1582/2203/1523 1574/2206/1523
f 1379/2006/1524 1382/1998/1524 1599/2249/1524 1597/2251/1524
f 1360/2048/1525 1363/2012/1525 1610/2253/1525 1617/2238/1525
f 1381/2003/1526 1361/2009/1526 1585/2228/1526 1609/2226/1526
f 1346/2050/1527 1351/2056/1527 1618/2245/1527 1575/2244/1527
f 1363/2012/1528 1379/2006/1528 1597/2251/1528 1610/2253/1528
f 1349/2059/1529 1348/2045/1529 1616/2237/1529 1577/2260/1529
f 1364/1978/1530 1354/2015/1530 1611/2212/1530 1587/2013/1530
f 1352/2018/1531 1366/1973/1531 1604/2044/1531 1579/2208/1531
f 1367/2022/1532 1357/2021/1532 1612/2233/1532 1589/2211/1532
f 1915/2270/1533 1904/2271/1533 1635/2272/1533 1658/2273/1533
f 1904/2271/1534 1905/2274/1534 1638/2275/1534 1635/2272/1534
f 1905/2274/1535 1906/2276/1535 1640/2277/1535 1638/2275/1535
f 1906/2276/1536 1907/2278/1536 1642/2279/1536 1640/2277/1536
f 1907/2278/1537 1908/2280/1537 1644/2281/1537 1642/2279/1537
f 1908/2280/1538 1909/2282/1538 1646/2283/1538 1644/2281/1538
f 1909/2282/1539 1910/2284/1539 1648/2285/1539 1646/2283/1539
f 1910/2284/1540 1911/2286/1540 1650/2287/1540 1648/2285/1540
f 1911/2286/1541 1912/2288/1541 1652/2289/1541 1650/2287/1541
f 1912/2288/1542 1913/2290/1542 1654/2291/1542 1652/2289/1542
f 1916/2292/1543 1914/2293/1543 1656/2294/1543 1660/2295/1543
f 1902/2296/1544 1915/2270/1544 1658/2273/1544 1634/2297/1544
f 1913/2290/1545 1916/2292/1545 1660/2295/1545 1654/2291/1545
f 1656/2294/1546 1662/2298/1546 1663/2299/1546 1660/2295/1546
f 1818/2300/1547 1664/2301/1547 1665/2302/1547 1817/2303/1547
f 1964/2304/1548 1666/2305/1548 1667/2306/1548 1950/2307/1548
f 1666/2305/1549 1668/2308/1549 1669/2309/1549 1667/2306/1549
f 2055/2310/1550 1670/2311/1550 1671/2312/1550 2046/2313/1550
f 1670/2311/1551 1672/2314/1551 1673/2315/1551 1671/2312/1551
f 1672/2314/1552 1674/2316/1552 1675/2317/1552 1673/2315/1552
f 1745/2318/1553 1676/2319/1553 1677/2320/1553 1744/2321/1553
f 1676/2319/1554 1678/2322/1554 1679/2323/1554 1677/2320/1554
f 1678/2322/1555 1681/2324/1555 1680/2325/1555 1679/2323/1555
f 1681/2324/1556 1682/2326/1556 1683/2327/1556 1680/2325/1556
f 1654/2291/1557 1660/2295/1557 1663/2299/1557 1695/2328/1557
f 1654/2291/1558 1695/2328/1558 1694/2329/1558 1652/2289/1558
f 1652/2289/1559 1694/2329/1559 1693/2330/1559 1650/2287/1559
f 1650/2287/1560 1693/2330/1560 1692/2331/1560 1648/2285/1560
f 1648/2285/1561 1692/2331/1561 1691/2332/1561 1646/2283/1561
f 1646/2283/1562 1691/2332/1562 1690/2333/1562 1644/2281/1562
f 1644/2281/1563 1690/2333/1563 1689/2334/1563 1642/2279/1563
f 1642/2279/1564 1689/2334/1564 1688/2335/1564 1640/2277/1564
f 1640/2277/1565 1688/2335/1565 1687/2336/1565 1638/2275/1565
f 1638/2275/1566 1687/2336/1566 1686/2337/1566 1635/2272/1566
f 1635/2272/1567 1686/2337/1567 1685/2338/1567 1658/2273/1567
f 1685/2338/1568 1684/2339/1568 1634/2297/1568 1658/2273/1568
f 1832/2340/1569 1834/2341/1569 1696/2342/1569 1665/2343/1569
f 1834/2341/1570 1835/2344/1570 1698/2345/1570 1696/2342/1570
f 1835/2344/1571 1836/2346/1571 1700/2347/1571 1698/2345/1571
f 1836/2346/1572 1837/2348/1572 1702/2349/1572 1700/2347/1572
f 1837/2348/1573 1838/2350/1573 1704/2351/1573 1702/2349/1573
f 1838/2350/1574 1839/2352/1574 1706/2353/1574 1704/2351/1574
f 1839/2352/1575 1840/2354/1575 1708/2355/1575 1706/2353/1575
f 1821/2356/1576 1828/2357/1576 1708/2358/1576 1710/2359/1576
f 1820/2360/1577 1821/2356/1577 1710/2359/1577 1712/2361/1577
f 1841/2362/1578 1842/2363/1578 1712/2364/1578 1710/2365/1578
f 1842/2363/1579 1843/2366/1579 1714/2367/1579 1712/2364/1579
f 1843/2366/1580 1844/2368/1580 1716/2369/1580 1714/2367/1580
f 1844/2368/1581 1845/2370/1581 1718/2371/1581 1716/2369/1581
f 1967/2372/1582 1971/2373/1582 1695/2328/1582 1663/2299/1582
f 1823/2374/1583 1822/2375/1583 1696/2376/1583 1698/2377/1583
f 1824/2378/1584 1823/2374/1584 1698/2377/1584 1700/2379/1584
f 1825/2380/1585 1824/2378/1585 1700/2379/1585 1702/2381/1585
f 1826/2382/1586 1825/2380/1586 1702/2381/1586 1704/2383/1586
f 1827/2384/1587 1826/2382/1587 1704/2383/1587 1706/2385/1587
f 1828/2357/1588 1827/2384/1588 1706/2385/1588 1708/2358/1588
f 1957/2386/1589 1709/2387/1589 1711/2388/1589 1958/2389/1589
f 1819/2390/1590 1820/2360/1590 1712/2361/1590 1714/2391/1590
f 1829/2392/1591 1819/2390/1591 1714/2391/1591 1716/2393/1591
f 1830/2394/1592 1829/2392/1592 1716/2393/1592 1718/2395/1592
f 1669/2309/1593 1720/2396/1593 1697/2397/1593 1667/2306/1593
f 1699/2398/1594 1697/2397/1594 1720/2396/1594 1721/2399/1594
f 1701/2400/1595 1699/2398/1595 1721/2399/1595 1722/2401/1595
f 1703/2402/1596 1701/2400/1596 1722/2401/1596 1723/2403/1596
f 1705/2404/1597 1703/2402/1597 1723/2403/1597 1724/2405/1597
f 1707/2406/1598 1705/2404/1598 1724/2405/1598 1725/2407/1598
f 1709/2387/1599 1707/2406/1599 1725/2407/1599 1726/2408/1599
f 1711/2388/1600 1709/2387/1600 1726/2408/1600 1727/2409/1600
f 1713/2410/1601 1711/2388/1601 1727/2409/1601 1728/2411/1601
f 1715/2412/1602 1713/2410/1602 1728/2411/1602 1729/2413/1602
f 1717/2414/1603 1715/2412/1603 1729/2413/1603 1730/2415/1603
f 1731/2416/1604 1719/2417/1604 1717/2414/1604 1730/2415/1604
f 1765/2418/1605 1732/2419/1605 1733/2420/1605 1764/2421/1605
f 1758/2422/1606 1734/2423/1606 1735/2424/1606 1757/2425/1606
f 1749/2426/1607 1735/2424/1607 1734/2423/1607 1748/2427/1607
f 1767/2428/1608 1736/2429/1608 1737/2430/1608 1766/2431/1608
f 1760/2432/1609 1738/2433/1609 1739/2434/1609 1759/2435/1609
f 1751/2436/1610 1739/2434/1610 1738/2433/1610 1750/2437/1610
f 1748/2427/1611 1751/2436/1611 1679/2323/1611 1680/2325/1611
f 1758/2422/1612 1732/2419/1612 1737/2430/1612 1759/2435/1612
f 1766/2431/1613 1737/2430/1613 1732/2419/1613 1765/2418/1613
f 1753/2438/1614 1741/2439/1614 1740/2440/1614 1752/2441/1614
f 1762/2442/1615 1743/2443/1615 1742/2444/1615 1761/2445/1615
f 1769/2446/1616 1768/2447/1616 1742/2444/1616 1743/2443/1616
f 1674/2316/1617 1745/2318/1617 1744/2321/1617 1675/2317/1617
f 1753/2438/1618 1675/2317/1618 1744/2321/1618 1754/2448/1618
f 1762/2442/1619 1741/2439/1619 1746/2449/1619 1763/2450/1619
f 1770/2451/1620 1769/2446/1620 1743/2443/1620 1747/2452/1620
f 1754/2448/1621 1750/2437/1621 1738/2433/1621 1746/2449/1621
f 1760/2432/1622 1763/2450/1622 1746/2449/1622 1738/2433/1622
f 1770/2451/1623 1747/2452/1623 1736/2429/1623 1767/2428/1623
f 1744/2321/1624 1677/2320/1624 1750/2437/1624 1754/2448/1624
f 1741/2439/1625 1753/2438/1625 1754/2448/1625 1746/2449/1625
f 1675/2317/1626 1753/2438/1626 1752/2441/1626 1673/2315/1626
f 1734/2423/1627 1739/2434/1627 1751/2436/1627 1748/2427/1627
f 1679/2323/1628 1751/2436/1628 1750/2437/1628 1677/2320/1628
f 1683/2327/1629 1749/2426/1629 1748/2427/1629 1680/2325/1629
f 1740/2440/1630 1755/2453/1630 1756/2454/1630 1752/2441/1630
f 2048/2455/1631 2047/2456/1631 1756/2454/1631 1755/2453/1631
f 1671/2312/1632 1673/2315/1632 1752/2441/1632 1756/2454/1632
f 2067/2457/1633 2068/2458/1633 1720/2396/1633 1669/2309/1633
f 1736/2429/1634 1747/2452/1634 1763/2450/1634 1760/2432/1634
f 1743/2443/1635 1762/2442/1635 1763/2450/1635 1747/2452/1635
f 1741/2439/1636 1762/2442/1636 1761/2445/1636 1740/2440/1636
f 1734/2423/1637 1758/2422/1637 1759/2435/1637 1739/2434/1637
f 1736/2429/1638 1760/2432/1638 1759/2435/1638 1737/2430/1638
f 1732/2419/1639 1758/2422/1639 1757/2425/1639 1733/2420/1639
f 2053/2459/1640 1770/2451/1640 1767/2428/1640 2057/2460/1640
f 2053/2459/1641 2052/2461/1641 1769/2446/1641 1770/2451/1641
f 2052/2461/1642 2051/2462/1642 1768/2447/1642 1769/2446/1642
f 2050/2463/1643 1766/2431/1643 1765/2418/1643 2056/2464/1643
f 2057/2460/1644 1767/2428/1644 1766/2431/1644 2050/2463/1644
f 2056/2464/1645 1765/2418/1645 1764/2421/1645 2049/2465/1645
f 2048/2455/1646 1755/2453/1646 1771/2466/1646 2058/2467/1646
f 1755/2453/1647 1740/2440/1647 1761/2445/1647 1771/2466/1647
f 2058/2467/1648 1771/2466/1648 1772/2468/1648 2059/2469/1648
f 1761/2445/1649 1742/2444/1649 1772/2468/1649 1771/2466/1649
f 2059/2469/1650 1772/2468/1650 1773/2470/1650 2060/2471/1650
f 1742/2444/1651 1768/2447/1651 1773/2470/1651 1772/2468/1651
f 2060/2471/1652 1773/2470/1652 1768/2447/1652 2051/2462/1652
f 1684/2339/1653 1778/2472/1653 1774/2473/1653 1634/2297/1653
f 1757/2425/1654 1785/2474/1654 1782/2475/1654 1733/2420/1654
f 1749/2426/1655 1784/2476/1655 1783/2477/1655 1735/2424/1655
f 1735/2424/1656 1783/2477/1656 1785/2474/1656 1757/2425/1656
f 1815/2478/1657 1816/2479/1657 1775/2480/1657 1636/2481/1657
f 1682/2326/1658 1776/2482/1658 1777/2483/1658 1683/2327/1658
f 1733/2420/1659 1782/2475/1659 1786/2484/1659 1764/2421/1659
f 1845/2370/1660 1846/2485/1660 1779/2486/1660 1718/2371/1660
f 1683/2327/1661 1777/2483/1661 1784/2476/1661 1749/2426/1661
f 1979/2487/1662 1980/2488/1662 1778/2472/1662 1684/2339/1662
f 2070/2489/1663 2075/2490/1663 1781/2491/1663 1731/2416/1663
f 1731/2416/1664 1781/2491/1664 1780/2492/1664 1719/2417/1664
f 1811/2493/1665 1814/2494/1665 1800/2495/1665 1797/2496/1665
f 1815/2478/1666 1813/2497/1666 1799/2498/1666 1787/2499/1666
f 1814/2494/1667 1812/2500/1667 1798/2501/1667 1800/2495/1667
f 1810/2502/1668 1811/2493/1668 1797/2496/1668 1796/2503/1668
f 1809/2504/1669 1810/2502/1669 1796/2503/1669 1795/2505/1669
f 1808/2506/1670 1809/2504/1670 1795/2505/1670 1794/2507/1670
f 1807/2508/1671 1808/2506/1671 1794/2507/1671 1793/2509/1671
f 1806/2510/1672 1807/2508/1672 1793/2509/1672 1792/2511/1672
f 1805/2512/1673 1806/2510/1673 1792/2511/1673 1791/2513/1673
f 1804/2514/1674 1805/2512/1674 1791/2513/1674 1790/2515/1674
f 1803/2516/1675 1804/2514/1675 1790/2515/1675 1789/2517/1675
f 1802/2518/1676 1803/2516/1676 1789/2517/1676 1788/2519/1676
f 1813/2497/1677 1802/2518/1677 1788/2519/1677 1799/2498/1677
f 1659/2520/1678 1637/2521/1678 1802/2518/1678 1813/2497/1678
f 1637/2521/1679 1639/2522/1679 1803/2516/1679 1802/2518/1679
f 1639/2522/1680 1641/2523/1680 1804/2514/1680 1803/2516/1680
f 1641/2523/1681 1643/2524/1681 1805/2512/1681 1804/2514/1681
f 1643/2524/1682 1645/2525/1682 1806/2510/1682 1805/2512/1682
f 1645/2525/1683 1647/2526/1683 1807/2508/1683 1806/2510/1683
f 1647/2526/1684 1649/2527/1684 1808/2506/1684 1807/2508/1684
f 1649/2527/1685 1651/2528/1685 1809/2504/1685 1808/2506/1685
f 1651/2528/1686 1653/2529/1686 1810/2502/1686 1809/2504/1686
f 1653/2529/1687 1655/2530/1687 1811/2493/1687 1810/2502/1687
f 1661/2531/1688 1657/2532/1688 1812/2500/1688 1814/2494/1688
f 1636/2481/1689 1659/2520/1689 1813/2497/1689 1815/2478/1689
f 1655/2530/1690 1661/2531/1690 1814/2494/1690 1811/2493/1690
f 1787/2499/1691 1801/2533/1691 1816/2479/1691 1815/2478/1691
f 1718/2395/1692 1779/2534/1692 1831/2535/1692 1830/2394/1692
f 1824/2378/1693 1995/2536/1693 1993/2537/1693 1823/2374/1693
f 1841/2362/1694 2015/2538/1694 2019/2539/1694 1842/2363/1694
f 1972/2540/1695 1992/2541/1695 1994/2542/1695 1973/2543/1695
f 1960/2544/1696 2040/2545/1696 2039/2546/1696 1959/2547/1696
f 1825/2380/1697 1997/2548/1697 1995/2536/1697 1824/2378/1697
f 1842/2363/1698 2019/2539/1698 2018/2549/1698 1843/2366/1698
f 1971/2373/1699 1990/2550/1699 1992/2541/1699 1972/2540/1699
f 1959/2547/1700 2039/2546/1700 2038/2551/1700 1958/2389/1700
f 1665/2302/1701 1696/2376/1701 1822/2375/1701 1817/2303/1701
f 1826/2382/1702 1999/2552/1702 1997/2548/1702 1825/2380/1702
f 1843/2366/1703 2018/2549/1703 2017/2553/1703 1844/2368/1703
f 1970/2554/1704 1988/2555/1704 1986/2556/1704 1969/2557/1704
f 1827/2384/1705 2001/2558/1705 1999/2552/1705 1826/2382/1705
f 1708/2355/1706 1840/2354/1706 1841/2362/1706 1710/2365/1706
f 1957/2386/1707 2037/2559/1707 2036/2560/1707 1956/2561/1707
f 1844/2368/1708 2017/2553/1708 2013/2562/1708 1845/2370/1708
f 1977/2563/1709 2002/2564/1709 1988/2555/1709 1970/2554/1709
f 1828/2357/1710 2003/2565/1710 2001/2558/1710 1827/2384/1710
f 1956/2561/1711 2036/2560/1711 2035/2566/1711 1955/2567/1711
f 1840/2354/1712 2016/2568/1712 2015/2538/1712 1841/2362/1712
f 1966/2569/1713 2045/2570/1713 1982/2571/1713 1967/2372/1713
f 1819/2390/1714 1985/2572/1714 1987/2573/1714 1820/2360/1714
f 1955/2567/1715 2035/2566/1715 2034/2574/1715 1954/2575/1715
f 1845/2370/1716 2013/2562/1716 2014/2576/1716 1846/2485/1716
f 1980/2488/1717 2008/2577/1717 2027/2578/1717 1981/2579/1717
f 1664/2580/1718 1833/2581/1718 1832/2340/1718 1665/2343/1718
f 2052/2461/1719 2127/2582/1719 2126/2583/1719 2051/2462/1719
f 1867/2584/1720 1891/2585/1720 1890/2586/1720 1866/2587/1720
f 1866/2588/1721 1890/2589/1721 1889/2590/1721 1865/2591/1721
f 1871/2592/1722 2093/2593/1722 2108/2594/1722 1888/2595/1722
f 1888/2595/1723 1887/2596/1723 1872/2597/1723 1871/2592/1723
f 1887/2598/1724 1886/2599/1724 1873/2600/1724 1872/2601/1724
f 2063/2602/1725 2132/2603/1725 2090/2604/1725 2071/2605/1725
f 1885/2606/1726 1884/2607/1726 1887/2596/1726 1888/2595/1726
f 1884/2608/1727 1883/2609/1727 1886/2599/1727 1887/2598/1727
f 1876/2610/1728 2116/2611/1728 2117/2612/1728 1879/2613/1728
f 1882/2614/1729 1881/2615/1729 1884/2607/1729 1885/2606/1729
f 1881/2616/1730 1880/2617/1730 1883/2609/1730 1884/2608/1730
f 2056/2464/1731 2080/2618/1731 2125/2619/1731 2050/2463/1731
f 1862/2620/1732 1863/2621/1732 1881/2615/1732 1882/2614/1732
f 1863/2622/1733 1864/2623/1733 1880/2617/1733 1881/2616/1733
f 1889/2590/1734 2105/2624/1734 2089/2625/1734 1865/2591/1734
f 1855/2626/1735 1854/2627/1735 1866/2588/1735 1865/2591/1735
f 1854/2628/1736 1853/2629/1736 1867/2584/1736 1866/2587/1736
f 2071/2605/1737 2090/2604/1737 2131/2630/1737 2062/2631/1737
f 1858/2632/1738 1857/2633/1738 1869/2634/1738 1868/2635/1738
f 1857/2636/1739 1856/2637/1739 1870/2638/1739 1869/2639/1739
f 2050/2463/1740 2125/2619/1740 2082/2640/1740 2057/2460/1740
f 1868/2635/1741 1869/2634/1741 1854/2627/1741 1855/2626/1741
f 1869/2639/1742 1870/2638/1742 1853/2629/1742 1854/2628/1742
f 2072/2641/1743 2092/2642/1743 2094/2643/1743 2073/2644/1743
f 1874/2645/1744 1871/2592/1744 1872/2597/1744 1875/2646/1744
f 1875/2647/1745 1872/2601/1745 1873/2600/1745 1876/2610/1745
f 1877/2648/1746 2097/2649/1746 2095/2650/1746 1874/2645/1746
f 1877/2648/1747 1874/2645/1747 1875/2646/1747 1878/2651/1747
f 1878/2652/1748 1875/2647/1748 1876/2610/1748 1879/2613/1748
f 2049/2465/1749 2124/2653/1749 2080/2618/1749 2056/2464/1749
f 1877/2648/1750 1878/2651/1750 1857/2633/1750 1858/2632/1750
f 1878/2652/1751 1879/2613/1751 1856/2637/1751 1857/2636/1751
f 1867/2584/1752 2106/2654/1752 2107/2655/1752 1891/2585/1752
f 1849/2656/1753 1861/2657/1753 1860/2658/1753 1848/2659/1753
f 1848/2660/1754 1860/2661/1754 1859/2662/1754 1847/2663/1754
f 2073/2644/1755 2094/2643/1755 2096/2664/1755 2074/2665/1755
f 1862/2620/1756 1859/2662/1756 1860/2661/1756 1863/2621/1756
f 1863/2622/1757 1860/2658/1757 1861/2657/1757 1864/2623/1757
f 1873/2600/1758 2109/2666/1758 2116/2611/1758 1876/2610/1758
f 1852/2667/1759 1851/2668/1759 1848/2660/1759 1847/2663/1759
f 1851/2669/1760 1850/2670/1760 1849/2656/1760 1848/2659/1760
f 1846/2485/1761 1901/2671/1761 1895/2672/1761 1779/2486/1761
f 1980/2488/1762 1981/2579/1762 1894/2673/1762 1778/2472/1762
f 1816/2479/1763 1899/2674/1763 1893/2675/1763 1775/2480/1763
f 1801/2533/1764 1898/2676/1764 1899/2674/1764 1816/2479/1764
f 1778/2472/1765 1894/2673/1765 1892/2677/1765 1774/2473/1765
f 1829/2392/1766 2005/2678/1766 1985/2572/1766 1819/2390/1766
f 1779/2534/1767 1895/2679/1767 1900/2680/1767 1831/2535/1767
f 1781/2491/1768 1897/2681/1768 1896/2682/1768 1780/2492/1768
f 1915/2270/1769 1940/2683/1769 1918/2684/1769 1904/2271/1769
f 1774/2473/1770 1892/2677/1770 1917/2685/1770 1903/2686/1770
f 1634/2297/1771 1774/2473/1771 1903/2686/1771 1902/2296/1771
f 1792/2511/1772 1927/2687/1772 1925/2688/1772 1791/2513/1772
f 1917/2685/1773 1949/2689/1773 1948/2690/1773 1903/2686/1773
f 1904/2271/1774 1918/2684/1774 1920/2691/1774 1905/2274/1774
f 1793/2509/1775 1929/2692/1775 1927/2687/1775 1792/2511/1775
f 1905/2274/1776 1920/2691/1776 1922/2693/1776 1906/2276/1776
f 1794/2507/1777 1931/2694/1777 1929/2692/1777 1793/2509/1777
f 1906/2276/1778 1922/2693/1778 1924/2695/1778 1907/2278/1778
f 1795/2505/1779 1933/2696/1779 1931/2694/1779 1794/2507/1779
f 1907/2278/1780 1924/2695/1780 1926/2697/1780 1908/2280/1780
f 1796/2503/1781 1935/2698/1781 1933/2696/1781 1795/2505/1781
f 1908/2280/1782 1926/2697/1782 1928/2699/1782 1909/2282/1782
f 1797/2496/1783 1937/2700/1783 1935/2698/1783 1796/2503/1783
f 1947/2701/1784 1948/2702/1784 1945/2703/1784 1944/2704/1784
f 1948/2702/1770 1949/2705/1770 1946/2706/1770 1945/2703/1770
f 1937/2700/1785 1943/2707/1785 1942/2708/1785 1936/2709/1785
f 1944/2704/1786 1941/2710/1786 1940/2711/1786 1947/2701/1786
f 1943/2707/1787 1939/2712/1787 1938/2713/1787 1942/2708/1787
f 1935/2698/1788 1937/2700/1788 1936/2709/1788 1934/2714/1788
f 1933/2696/1789 1935/2698/1789 1934/2714/1789 1932/2715/1789
f 1931/2694/1790 1933/2696/1790 1932/2715/1790 1930/2716/1790
f 1929/2692/1791 1931/2694/1791 1930/2716/1791 1928/2717/1791
f 1927/2687/1792 1929/2692/1792 1928/2717/1792 1926/2718/1792
f 1925/2688/1793 1927/2687/1793 1926/2718/1793 1924/2719/1793
f 1923/2720/1794 1925/2688/1794 1924/2719/1794 1922/2721/1794
f 1921/2722/1795 1923/2720/1795 1922/2721/1795 1920/2723/1795
f 1919/2724/1796 1921/2722/1796 1920/2723/1796 1918/2725/1796
f 1941/2710/1797 1919/2724/1797 1918/2725/1797 1940/2711/1797
f 1903/2686/1798 1948/2690/1798 1947/2726/1798 1902/2296/1798
f 1791/2513/1799 1925/2688/1799 1923/2720/1799 1790/2515/1799
f 1913/2290/1800 1936/2727/1800 1942/2728/1800 1916/2292/1800
f 1790/2515/1801 1923/2720/1801 1921/2722/1801 1789/2517/1801
f 1902/2296/1802 1947/2726/1802 1940/2683/1802 1915/2270/1802
f 1789/2517/1803 1921/2722/1803 1919/2724/1803 1788/2519/1803
f 1916/2292/1804 1942/2728/1804 1938/2729/1804 1914/2293/1804
f 1788/2519/1805 1919/2724/1805 1941/2710/1805 1799/2498/1805
f 1787/2499/1806 1944/2704/1806 1945/2703/1806 1801/2533/1806
f 1912/2288/1807 1934/2730/1807 1936/2727/1807 1913/2290/1807
f 1800/2495/1808 1943/2707/1808 1937/2700/1808 1797/2496/1808
f 1911/2286/1809 1932/2731/1809 1934/2730/1809 1912/2288/1809
f 1801/2533/1810 1945/2703/1810 1946/2706/1810 1898/2676/1810
f 1799/2498/1811 1941/2710/1811 1944/2704/1811 1787/2499/1811
f 1910/2284/1812 1930/2732/1812 1932/2731/1812 1911/2286/1812
f 1798/2501/1813 1939/2712/1813 1943/2707/1813 1800/2495/1813
f 1909/2282/1814 1928/2699/1814 1930/2732/1814 1910/2284/1814
f 1780/2492/1815 1896/2682/1815 1965/2733/1815 1963/2734/1815
f 1667/2306/1816 1697/2397/1816 1951/2735/1816 1950/2307/1816
f 1697/2397/1817 1699/2398/1817 1952/2736/1817 1951/2735/1817
f 1699/2398/1818 1701/2400/1818 1953/2737/1818 1952/2736/1818
f 1701/2400/1819 1703/2402/1819 1954/2575/1819 1953/2737/1819
f 1703/2402/1820 1705/2404/1820 1955/2567/1820 1954/2575/1820
f 1705/2404/1821 1707/2406/1821 1956/2561/1821 1955/2567/1821
f 1707/2406/1822 1709/2387/1822 1957/2386/1822 1956/2561/1822
f 1711/2388/1823 1713/2410/1823 1959/2547/1823 1958/2389/1823
f 1713/2410/1824 1715/2412/1824 1960/2544/1824 1959/2547/1824
f 1715/2412/1825 1717/2414/1825 1961/2738/1825 1960/2544/1825
f 1717/2414/1826 1719/2417/1826 1962/2739/1826 1961/2738/1826
f 1719/2417/1827 1780/2492/1827 1963/2734/1827 1962/2739/1827
f 1954/2575/1828 2034/2574/1828 2033/2740/1828 1953/2737/1828
f 1830/2394/1829 2007/2741/1829 2005/2678/1829 1829/2392/1829
f 1953/2737/1830 2033/2740/1830 2032/2742/1830 1952/2736/1830
f 1662/2298/1831 1966/2569/1831 1967/2372/1831 1663/2299/1831
f 1688/2335/1832 1689/2334/1832 1977/2563/1832 1970/2554/1832
f 1687/2336/1833 1688/2335/1833 1970/2554/1833 1969/2557/1833
f 1694/2329/1834 1695/2328/1834 1971/2373/1834 1972/2540/1834
f 1693/2330/1835 1694/2329/1835 1972/2540/1835 1973/2543/1835
f 1692/2331/1836 1693/2330/1836 1973/2543/1836 1974/2743/1836
f 1691/2332/1837 1692/2331/1837 1974/2743/1837 1975/2744/1837
f 1690/2333/1838 1691/2332/1838 1975/2744/1838 1976/2745/1838
f 1689/2334/1839 1690/2333/1839 1976/2745/1839 1977/2563/1839
f 1686/2337/1840 1687/2336/1840 1969/2557/1840 1968/2746/1840
f 1685/2338/1841 1686/2337/1841 1968/2746/1841 1978/2747/1841
f 1684/2339/1842 1685/2338/1842 1978/2747/1842 1979/2487/1842
f 1831/2535/1843 2009/2748/1843 2007/2741/1843 1830/2394/1843
f 1952/2736/1844 2032/2742/1844 2031/2749/1844 1951/2735/1844
f 2006/2750/1845 2004/2751/1845 2005/2678/1845 2007/2741/1845
f 2004/2751/1846 1984/2752/1846 1985/2572/1846 2005/2678/1846
f 1984/2752/1847 1986/2753/1847 1987/2573/1847 1985/2572/1847
f 2002/2754/1848 2000/2755/1848 2001/2558/1848 2003/2565/1848
f 2000/2755/1849 1998/2756/1849 1999/2552/1849 2001/2558/1849
f 1998/2756/1850 1996/2757/1850 1997/2548/1850 1999/2552/1850
f 1996/2757/1851 1994/2758/1851 1995/2536/1851 1997/2548/1851
f 1994/2758/1852 1992/2759/1852 1993/2537/1852 1995/2536/1852
f 1992/2759/1853 1990/2760/1853 1991/2761/1853 1993/2537/1853
f 1986/2753/1854 1988/2762/1854 1989/2763/1854 1987/2573/1854
f 1988/2762/1855 2002/2754/1855 2003/2565/1855 1989/2763/1855
f 2045/2764/1856 2010/2765/1856 1983/2766/1856 1982/2767/1856
f 2042/2768/1857 2043/2769/1857 2014/2576/1857 2013/2562/1857
f 2041/2770/1858 2042/2768/1858 2013/2562/1858 2017/2553/1858
f 2040/2771/1859 2041/2770/1859 2017/2553/1859 2018/2549/1859
f 2039/2772/1860 2040/2771/1860 2018/2549/1860 2019/2539/1860
f 2038/2773/1861 2039/2772/1861 2019/2539/1861 2015/2538/1861
f 2036/2774/1862 2037/2775/1862 2016/2568/1862 2020/2776/1862
f 2035/2777/1863 2036/2774/1863 2020/2776/1863 2021/2778/1863
f 2034/2779/1864 2035/2777/1864 2021/2778/1864 2022/2780/1864
f 2033/2781/1865 2034/2779/1865 2022/2780/1865 2023/2782/1865
f 2032/2783/1866 2033/2781/1866 2023/2782/1866 2024/2784/1866
f 2031/2785/1867 2032/2783/1867 2024/2784/1867 2025/2786/1867
f 2030/2787/1868 2031/2785/1868 2025/2786/1868 2026/2788/1868
f 2043/2769/1869 2044/2789/1869 2029/2790/1869 2014/2576/1869
f 2016/2568/1870 2037/2775/1870 2038/2773/1870 2015/2538/1870
f 2012/2791/1871 2011/2792/1871 2030/2787/1871 2026/2788/1871
f 2009/2748/1872 2028/2793/1872 2027/2794/1872 2008/2795/1872
f 2007/2741/1873 2009/2748/1873 2008/2795/1873 2006/2750/1873
f 1983/2766/1874 1991/2761/1874 1990/2760/1874 1982/2767/1874
f 1846/2485/1875 2014/2576/1875 2029/2790/1875 1901/2671/1875
f 1961/2738/1876 2041/2796/1876 2040/2545/1876 1960/2544/1876
f 1973/2543/1877 1994/2542/1877 1996/2797/1877 1974/2743/1877
f 1839/2352/1878 2020/2776/1878 2016/2568/1878 1840/2354/1878
f 1823/2374/1879 1993/2537/1879 1991/2761/1879 1822/2375/1879
f 1962/2739/1880 2042/2798/1880 2041/2796/1880 1961/2738/1880
f 1974/2743/1881 1996/2797/1881 1998/2799/1881 1975/2744/1881
f 1838/2350/1882 2021/2778/1882 2020/2776/1882 1839/2352/1882
f 1822/2375/1883 1991/2761/1883 1983/2766/1883 1817/2303/1883
f 1900/2680/1884 2028/2793/1884 2009/2748/1884 1831/2535/1884
f 1963/2734/1885 2043/2800/1885 2042/2798/1885 1962/2739/1885
f 1975/2744/1886 1998/2799/1886 2000/2801/1886 1976/2745/1886
f 1837/2348/1887 2022/2780/1887 2021/2778/1887 1838/2350/1887
f 1820/2360/1888 1987/2573/1888 1989/2763/1888 1821/2356/1888
f 1958/2389/1889 2038/2551/1889 2037/2559/1889 1957/2386/1889
f 1976/2745/1890 2000/2801/1890 2002/2564/1890 1977/2563/1890
f 1836/2346/1891 2023/2782/1891 2022/2780/1891 1837/2348/1891
f 1821/2356/1892 1989/2763/1892 2003/2565/1892 1828/2357/1892
f 1950/2307/1893 2030/2802/1893 2011/2803/1893 1964/2304/1893
f 1969/2557/1894 1986/2556/1894 1984/2804/1894 1968/2746/1894
f 1835/2344/1895 2024/2784/1895 2023/2782/1895 1836/2346/1895
f 1817/2303/1896 1983/2766/1896 2010/2765/1896 1818/2300/1896
f 1968/2746/1897 1984/2804/1897 2004/2805/1897 1978/2747/1897
f 1834/2341/1898 2025/2786/1898 2024/2784/1898 1835/2344/1898
f 1978/2747/1899 2004/2805/1899 2006/2806/1899 1979/2487/1899
f 1832/2340/1900 2026/2788/1900 2025/2786/1900 1834/2341/1900
f 1979/2487/1901 2006/2806/1901 2008/2577/1901 1980/2488/1901
f 1833/2581/1902 2012/2791/1902 2026/2788/1902 1832/2340/1902
f 1967/2372/1903 1982/2571/1903 1990/2550/1903 1971/2373/1903
f 1965/2733/1904 2044/2807/1904 2043/2800/1904 1963/2734/1904
f 1951/2735/1905 2031/2749/1905 2030/2802/1905 1950/2307/1905
f 1671/2312/1906 1756/2454/1906 2047/2456/1906 2046/2313/1906
f 1764/2421/1907 1786/2484/1907 2054/2808/1907 2049/2465/1907
f 2058/2467/1908 2098/2809/1908 2123/2810/1908 2048/2455/1908
f 2074/2665/1909 2096/2664/1909 2132/2603/1909 2063/2602/1909
f 2059/2469/1910 2100/2811/1910 2098/2809/1910 2058/2467/1910
f 2068/2458/1911 2084/2812/1911 2086/2813/1911 2069/2814/1911
f 1874/2645/1912 2095/2650/1912 2093/2593/1912 1871/2592/1912
f 2060/2471/1913 2102/2815/1913 2100/2811/1913 2059/2469/1913
f 2061/2816/1914 2130/2817/1914 2076/2818/1914 2067/2457/1914
f 1870/2638/1915 2115/2819/1915 2081/2820/1915 1853/2629/1915
f 2051/2462/1916 2126/2583/1916 2102/2815/1916 2060/2471/1916
f 2054/2808/1917 2129/2821/1917 2124/2653/1917 2049/2465/1917
f 1855/2626/1918 2113/2822/1918 2091/2823/1918 1868/2635/1918
f 1668/2308/1919 2061/2816/1919 2067/2457/1919 1669/2309/1919
f 1721/2399/1920 1720/2396/1920 2068/2458/1920 2069/2814/1920
f 1727/2409/1921 2074/2665/1921 2063/2602/1921 1728/2411/1921
f 1727/2409/1922 1726/2408/1922 2073/2644/1922 2074/2665/1922
f 1726/2408/1923 1725/2407/1923 2072/2641/1923 2073/2644/1923
f 1729/2413/1924 2071/2605/1924 2062/2631/1924 1730/2415/1924
f 1728/2411/1925 2063/2602/1925 2071/2605/1925 1729/2413/1925
f 1730/2415/1926 2062/2631/1926 2070/2489/1926 1731/2416/1926
f 1721/2399/1927 2069/2814/1927 2064/2824/1927 1722/2401/1927
f 1722/2401/1928 2064/2824/1928 2065/2825/1928 1723/2403/1928
f 1723/2403/1929 2065/2825/1929 2066/2826/1929 1724/2405/1929
f 1724/2405/1930 2066/2826/1930 2072/2641/1930 1725/2407/1930
f 2047/2456/1931 2122/2827/1931 2121/2828/1931 2046/2313/1931
f 1856/2637/1932 2083/2829/1932 2115/2819/1932 1870/2638/1932
f 2124/2830/1933 2129/2831/1933 2107/2655/1933 2106/2654/1933
f 2135/2832/1934 2108/2594/1934 2093/2593/1934 2092/2833/1934
f 2134/2834/1935 2110/2835/1935 2108/2594/1935 2135/2832/1935
f 2133/2836/1936 2111/2837/1936 2110/2835/1936 2134/2834/1936
f 2086/2838/1937 2087/2839/1937 2111/2837/1937 2133/2836/1937
f 2131/2840/1938 2113/2822/1938 2089/2625/1938 2088/2841/1938
f 2132/2842/1939 2114/2843/1939 2091/2823/1939 2090/2844/1939
f 2090/2844/1940 2091/2823/1940 2113/2822/1940 2131/2840/1940
f 2094/2845/1941 2092/2833/1941 2093/2593/1941 2095/2650/1941
f 2096/2846/1942 2094/2845/1942 2095/2650/1942 2097/2649/1942
f 2096/2846/1943 2097/2649/1943 2114/2843/1943 2132/2842/1943
f 2121/2847/1944 2122/2848/1944 2119/2849/1944 2118/2850/1944
f 2086/2838/1945 2084/2851/1945 2085/2852/1945 2087/2839/1945
f 2130/2853/1946 2120/2854/1946 2077/2855/1946 2076/2856/1946
f 2103/2857/1947 2102/2858/1947 2126/2859/1947 2109/2666/1947
f 2101/2860/1948 2100/2861/1948 2102/2858/1948 2103/2857/1948
f 2099/2862/1949 2098/2863/1949 2100/2861/1949 2101/2860/1949
f 2112/2864/1950 2123/2865/1950 2098/2863/1950 2099/2862/1950
f 2081/2820/1951 2080/2866/1951 2124/2830/1951 2106/2654/1951
f 2083/2829/1952 2082/2867/1952 2125/2868/1952 2115/2819/1952
f 2115/2819/1953 2125/2868/1953 2080/2866/1953 2081/2820/1953
f 2116/2611/1954 2109/2666/1954 2126/2859/1954 2127/2869/1954
f 2117/2612/1641 2116/2611/1641 2127/2869/1641 2128/2870/1641
f 2117/2612/1955 2128/2870/1955 2082/2867/1955 2083/2829/1955
f 2112/2864/1956 2119/2849/1956 2122/2848/1956 2123/2865/1956
f 2079/2871/1957 2078/2872/1957 2121/2847/1957 2118/2850/1957
f 2089/2625/1958 2105/2624/1958 2104/2873/1958 2088/2841/1958
f 2077/2855/1959 2085/2852/1959 2084/2851/1959 2076/2856/1959
f 1858/2632/1960 2114/2843/1960 2097/2649/1960 1877/2648/1960
f 2062/2631/1961 2131/2630/1961 2088/2874/1961 2070/2489/1961
f 2053/2459/1962 2128/2875/1962 2127/2582/1962 2052/2461/1962
f 2069/2814/1963 2086/2813/1963 2133/2876/1963 2064/2824/1963
f 1886/2599/1964 2103/2857/1964 2109/2666/1964 1873/2600/1964
f 2057/2460/1965 2082/2640/1965 2128/2875/1965 2053/2459/1965
f 1879/2613/1966 2117/2612/1966 2083/2829/1966 1856/2637/1966
f 2064/2824/1967 2133/2876/1967 2134/2877/1967 2065/2825/1967
f 1888/2595/1968 2108/2594/1968 2110/2835/1968 1885/2606/1968
f 2048/2455/1969 2123/2810/1969 2122/2827/1969 2047/2456/1969
f 1849/2656/1970 2118/2850/1970 2119/2849/1970 1861/2657/1970
f 2065/2825/1971 2134/2877/1971 2135/2878/1971 2066/2826/1971
f 2046/2313/1972 2121/2828/1972 2078/2879/1972 2055/2310/1972
f 2066/2826/1973 2135/2878/1973 2092/2642/1973 2072/2641/1973
f 1883/2609/1974 2101/2860/1974 2103/2857/1974 1886/2599/1974
f 1859/2662/1975 2085/2852/1975 2077/2855/1975 1847/2663/1975
f 2070/2489/1976 2088/2874/1976 2104/2880/1976 2075/2490/1976
f 1885/2606/1977 2110/2835/1977 2111/2837/1977 1882/2614/1977
f 1862/2620/1978 2087/2839/1978 2085/2852/1978 1859/2662/1978
f 2067/2457/1979 2076/2818/1979 2084/2812/1979 2068/2458/1979
f 1880/2617/1980 2099/2862/1980 2101/2860/1980 1883/2609/1980
f 1861/2657/1981 2119/2849/1981 2112/2864/1981 1864/2623/1981
f 1882/2614/1982 2111/2837/1982 2087/2839/1982 1862/2620/1982
f 1847/2663/1983 2077/2855/1983 2120/2854/1983 1852/2667/1983
f 1864/2623/1984 2112/2864/1984 2099/2862/1984 1880/2617/1984
f 1850/2670/1985 2079/2871/1985 2118/2850/1985 1849/2656/1985
f 1865/2591/1986 2089/2625/1986 2113/2822/1986 1855/2626/1986
f 1853/2629/1987 2081/2820/1987 2106/2654/1987 1867/2584/1987
f 1868/2635/1988 2091/2823/1988 2114/2843/1988 1858/2632/1988
o Helmet_Neck_Plane.005
v 0.089867 0.268607 -0.340085
v 0.095662 0.385789 -0.347523
v 0.084935 0.207101 -0.318406
v 0.082283 0.090768 -0.252569
v 0.081568 0.016759 -0.198802
v 0.240067 0.089982 -0.127669
v 0.202235 0.015226 -0.111101
v 0.294494 0.088597 -0.012981
v 0.256818 0.014687 -0.017402
v 0.309005 0.086652 0.102439
v 0.279204 0.013409 0.107351
v 0.299850 0.084457 0.193380
v 0.286409 0.011457 0.203167
v 0.275115 0.083055 0.245553
v 0.264421 0.014414 0.265770
v 0.151065 0.015798 -0.156893
v 0.173212 0.090461 -0.193032
v 0.084764 0.142575 -0.276082
v 0.200880 0.207347 -0.256217
v 0.187625 0.147962 -0.220734
v 0.281863 0.211032 -0.163004
v 0.261432 0.152810 -0.143841
v 0.335428 0.204969 -0.013110
v 0.319232 0.154963 -0.013405
v 0.341446 0.203499 0.105139
v 0.327423 0.149123 0.105712
v 0.320716 0.202268 0.195465
v 0.310448 0.144467 0.194704
v 0.284652 0.191186 0.244767
v 0.277382 0.139829 0.243195
v 0.093123 0.328326 -0.348943
v 0.221350 0.269299 -0.277119
v 0.234200 0.329649 -0.286070
v 0.303014 0.269191 -0.171443
v 0.316626 0.330431 -0.174760
v 0.352123 0.268142 -0.017146
v 0.364165 0.330103 -0.023995
v 0.350722 0.266760 0.102087
v 0.358125 0.329000 0.107810
v 0.325132 0.264970 0.196383
v 0.328971 0.327494 0.191790
v 0.283395 0.263965 0.245621
v 0.252178 0.326633 0.284665
v 0.241173 0.387562 -0.284213
v 0.327926 0.388799 -0.175126
v 0.373033 0.388641 -0.023396
v 0.360619 0.387517 0.114421
v 0.327880 0.386449 0.192211
v 0.243550 0.385932 0.294152
v 0.132864 0.078128 0.370697
v 0.063708 0.077879 0.428096
v 0.064507 0.124841 0.430372
v 0.135709 0.125140 0.370856
v 0.138594 -0.000045 0.401033
v 0.067898 -0.000110 0.458662
v 0.135114 0.151008 0.378374
v 0.060097 0.142181 0.439360
v 0.060453 0.167126 0.439107
v 0.136092 0.185692 0.378004
v 0.214303 0.079800 0.316822
v 0.221063 0.132598 0.318001
v 0.225793 0.175747 0.323033
v 0.226206 0.223908 0.323258
v 0.208169 0.000836 0.345587
v 0.082322 0.129899 -0.283646
v 0.186478 0.135319 -0.225286
v 0.261097 0.140325 -0.147428
v 0.319612 0.142597 -0.015945
v 0.329032 0.137586 0.105538
v 0.312980 0.132660 0.197426
v 0.280648 0.126997 0.247578
v 0.133628 0.112127 0.379673
v 0.060435 0.109312 0.440210
v 0.221937 0.119326 0.324541
v 0.084223 0.159553 -0.294849
v 0.191876 0.162595 -0.236010
v 0.268380 0.165893 -0.153428
v 0.326423 0.165812 -0.016032
v 0.334236 0.160632 0.105910
v 0.316109 0.156798 0.197425
v 0.281746 0.152039 0.247264
v 0.134589 0.135137 0.380586
v 0.061614 0.133560 0.441624
v 0.222999 0.144406 0.325150
v 0.079981 0.077031 -0.254422
v 0.236893 0.076705 -0.130821
v 0.292607 0.076160 -0.016172
v 0.308561 0.074141 0.103345
v 0.301594 0.071755 0.197681
v 0.276300 0.066866 0.250679
v 0.170161 0.077054 -0.195796
v 0.131701 0.060263 0.382208
v 0.059945 0.059079 0.441166
v 0.214199 0.062212 0.326097
v 0.081257 0.102157 -0.270211
v 0.177123 0.102270 -0.208664
v 0.247214 0.101617 -0.138243
v 0.303406 0.099939 -0.016913
v 0.317388 0.097637 0.102655
v 0.306627 0.095159 0.196475
v 0.280084 0.093684 0.249252
v 0.131796 0.089523 0.380962
v 0.059690 0.089761 0.440347
v 0.216993 0.091989 0.325049
v 0.093990 0.264442 -0.354009
v 0.099265 0.386435 -0.362142
v 0.089232 0.200843 -0.331529
v 0.088225 0.083891 -0.264701
v 0.086298 0.006777 -0.209397
v 0.251288 0.083264 -0.135083
v 0.212000 0.006777 -0.119006
v 0.307549 0.082227 -0.016574
v 0.268821 0.006777 -0.021871
v 0.322904 0.081288 0.102058
v 0.292565 0.006777 0.106201
v 0.314150 0.080624 0.194566
v 0.300523 0.006777 0.203639
v 0.287460 0.079874 0.251269
v 0.275407 0.014570 0.274748
v 0.158413 0.006777 -0.166704
v 0.181799 0.083747 -0.203486
v 0.090694 0.139897 -0.289662
v 0.209143 0.200843 -0.267058
v 0.196934 0.143936 -0.231803
v 0.293720 0.205345 -0.170183
v 0.273602 0.148301 -0.151245
v 0.349435 0.200843 -0.015914
v 0.333098 0.150621 -0.016614
v 0.355963 0.200843 0.106547
v 0.341886 0.145912 0.106482
v 0.334966 0.200843 0.199289
v 0.324853 0.142616 0.197650
v 0.295743 0.190571 0.253570
v 0.289232 0.138894 0.250665
v 0.096901 0.327419 -0.363503
v 0.230054 0.264442 -0.288390
v 0.243163 0.327419 -0.297879
v 0.315400 0.264442 -0.178317
v 0.329457 0.327419 -0.181690
v 0.366328 0.264442 -0.019420
v 0.378609 0.327419 -0.026000
v 0.365225 0.264442 0.104071
v 0.372579 0.327419 0.110652
v 0.339063 0.264442 0.201437
v 0.342433 0.327419 0.198048
v 0.294986 0.264442 0.253608
v 0.285590 0.327419 0.292389
v 0.250416 0.386435 -0.295944
v 0.340942 0.386435 -0.181930
v 0.387588 0.386435 -0.025077
v 0.374991 0.386435 0.117850
v 0.341090 0.386435 0.199005
v 0.276082 0.386435 0.302181
v 0.141347 0.076836 0.382996
v 0.076884 0.076479 0.439967
v 0.077742 0.122039 0.441977
v 0.143962 0.123811 0.383312
v 0.147159 0.004453 0.412550
v 0.079642 0.004453 0.470533
v 0.143653 0.150816 0.390692
v 0.072774 0.142123 0.451568
v 0.073216 0.167144 0.451270
v 0.144473 0.185587 0.390437
v 0.222082 0.078444 0.329589
v 0.229044 0.131796 0.330681
v 0.233667 0.175576 0.335804
v 0.234135 0.223860 0.335996
v 0.216206 0.004453 0.357767
v 0.087530 0.132205 -0.297592
v 0.195107 0.135764 -0.237533
v 0.273022 0.139563 -0.156328
v 0.333820 0.141470 -0.020012
v 0.343812 0.137163 0.106100
v 0.327461 0.134147 0.200167
v 0.291362 0.130740 0.256232
v 0.141866 0.116938 0.391321
v 0.071819 0.115316 0.451653
v 0.229097 0.124244 0.336868
v 0.088114 0.149309 -0.305567
v 0.199057 0.152828 -0.245274
v 0.278820 0.157321 -0.160237
v 0.339194 0.158651 -0.019291
v 0.347852 0.154549 0.106726
v 0.329793 0.151679 0.200372
v 0.292168 0.146860 0.255663
v 0.142459 0.127622 0.391122
v 0.072139 0.124744 0.451704
v 0.230587 0.138376 0.336732
v 0.085312 0.073530 -0.268087
v 0.248128 0.072969 -0.139958
v 0.306128 0.072043 -0.020845
v 0.323075 0.071203 0.102576
v 0.316329 0.070610 0.198487
v 0.287764 0.069940 0.258349
v 0.178741 0.073402 -0.207574
v 0.139697 0.067223 0.392995
v 0.070515 0.066904 0.451955
v 0.221479 0.068661 0.337676
v 0.085532 0.091614 -0.280500
v 0.184011 0.092050 -0.217705
v 0.256832 0.092229 -0.145311
v 0.315430 0.091627 -0.020578
v 0.330380 0.090129 0.102653
v 0.320175 0.089075 0.198071
v 0.290534 0.087884 0.257223
v 0.139897 0.083059 0.391952
v 0.070745 0.082492 0.451257
v 0.224222 0.085613 0.336698
v -0.089854 0.268607 -0.340085
v -0.095650 0.385789 -0.347523
v -0.084922 0.207101 -0.318406
v -0.082270 0.090768 -0.252569
v -0.081556 0.016759 -0.198802
v -0.240054 0.089982 -0.127669
v -0.202222 0.015226 -0.111101
v -0.294482 0.088597 -0.012981
v -0.256805 0.014687 -0.017402
v -0.308992 0.086652 0.102439
v -0.279191 0.013409 0.107351
v -0.299837 0.084457 0.193380
v -0.286396 0.011457 0.203167
v -0.275102 0.083055 0.245553
v -0.264408 0.014414 0.265770
v -0.151052 0.015798 -0.156893
v -0.173200 0.090461 -0.193032
v -0.084752 0.142575 -0.276082
v -0.200867 0.207347 -0.256217
v -0.187612 0.147962 -0.220734
v -0.281850 0.211032 -0.163004
v -0.261420 0.152810 -0.143841
v -0.335415 0.204969 -0.013110
v -0.319220 0.154963 -0.013405
v -0.341433 0.203499 0.105139
v -0.327411 0.149123 0.105712
v -0.320704 0.202268 0.195465
v -0.310435 0.144467 0.194704
v -0.284640 0.191186 0.244767
v -0.277370 0.139829 0.243195
v -0.093110 0.328326 -0.348943
v -0.221337 0.269299 -0.277119
v -0.234187 0.329649 -0.286070
v -0.303001 0.269191 -0.171443
v -0.316613 0.330431 -0.174760
v -0.352111 0.268142 -0.017146
v -0.364152 0.330103 -0.023995
v -0.350709 0.266760 0.102087
v -0.358112 0.329000 0.107810
v -0.325119 0.264970 0.196383
v -0.328958 0.327494 0.191790
v -0.283382 0.263965 0.245621
v -0.252166 0.326633 0.284665
v -0.241161 0.387562 -0.284213
v -0.327913 0.388799 -0.175126
v -0.373020 0.388641 -0.023396
v -0.360606 0.387517 0.114421
v -0.327868 0.386449 0.192211
v -0.243537 0.385932 0.294152
v 0.000006 0.268158 -0.355075
v 0.000006 0.384996 -0.350373
v 0.000006 0.206777 -0.332225
v 0.000006 0.090424 -0.275784
v 0.000006 0.017422 -0.218107
v 0.000006 0.141324 -0.297678
v 0.000006 0.327659 -0.359645
v 0.000006 0.078099 0.448149
v 0.000006 0.000100 0.479295
v 0.000006 0.137729 0.461451
v 0.000006 0.124583 0.451105
v 0.000006 0.157778 0.461061
v -0.132851 0.078128 0.370697
v -0.058052 0.077879 0.428096
v -0.058851 0.124841 0.430372
v -0.135697 0.125140 0.370856
v -0.138582 -0.000045 0.401033
v -0.062242 -0.000110 0.458662
v -0.135101 0.151008 0.378374
v -0.054442 0.142181 0.439360
v -0.054797 0.167126 0.439107
v -0.136079 0.185692 0.378004
v -0.214290 0.079800 0.316822
v -0.221050 0.132598 0.318001
v -0.225780 0.175747 0.323033
v -0.226193 0.223908 0.323258
v -0.208156 0.000836 0.345587
v 0.000006 0.129012 -0.306712
v -0.082309 0.129899 -0.283646
v -0.186465 0.135319 -0.225286
v -0.261084 0.140325 -0.147428
v -0.319599 0.142597 -0.015945
v -0.329020 0.137586 0.105538
v -0.312967 0.132660 0.197426
v -0.280635 0.126997 0.247578
v 0.000006 0.109309 0.462030
v -0.133615 0.112127 0.379673
v -0.054779 0.109312 0.440210
v -0.221924 0.119326 0.324541
v -0.084210 0.159553 -0.294849
v 0.000006 0.158991 -0.316054
v -0.191863 0.162595 -0.236010
v -0.268367 0.165893 -0.153428
v -0.326410 0.165812 -0.016032
v -0.334224 0.160632 0.105910
v -0.316096 0.156798 0.197425
v -0.281733 0.152039 0.247264
v 0.000006 0.130596 0.463023
v -0.134576 0.135137 0.380586
v -0.055958 0.133560 0.441624
v -0.222987 0.144406 0.325150
v 0.000006 0.076545 -0.278070
v -0.079968 0.077031 -0.254422
v -0.236881 0.076705 -0.130821
v -0.292594 0.076160 -0.016172
v -0.308548 0.074141 0.103345
v -0.301581 0.071755 0.197681
v -0.276287 0.066866 0.250679
v -0.170148 0.077054 -0.195796
v 0.000006 0.059439 0.462389
v -0.131688 0.060263 0.382208
v -0.054289 0.059079 0.441166
v -0.214186 0.062212 0.326097
v 0.000006 0.101512 -0.294223
v -0.081244 0.102157 -0.270211
v -0.177110 0.102270 -0.208664
v -0.247201 0.101617 -0.138243
v -0.303393 0.099939 -0.016913
v -0.317375 0.097637 0.102655
v -0.306614 0.095159 0.196475
v -0.280071 0.093684 0.249252
v 0.000006 0.088426 0.461641
v -0.131783 0.089523 0.380962
v -0.054035 0.089761 0.440347
v -0.216980 0.091989 0.325049
v -0.093977 0.264442 -0.354009
v -0.099252 0.386435 -0.362142
v -0.089220 0.200843 -0.331529
v -0.088213 0.083891 -0.264701
v -0.086285 0.006777 -0.209397
v -0.251275 0.083264 -0.135083
v -0.211987 0.006777 -0.119006
v -0.307536 0.082227 -0.016574
v -0.268808 0.006777 -0.021871
v -0.322891 0.081288 0.102058
v -0.292553 0.006777 0.106201
v -0.314137 0.080624 0.194566
v -0.300511 0.006777 0.203639
v -0.287448 0.079874 0.251269
v -0.275395 0.014570 0.274748
v -0.158400 0.006777 -0.166704
v -0.181786 0.083747 -0.203486
v -0.090681 0.139897 -0.289662
v -0.209131 0.200843 -0.267058
v -0.196921 0.143936 -0.231803
v -0.293707 0.205345 -0.170183
v -0.273589 0.148301 -0.151245
v -0.349423 0.200843 -0.015914
v -0.333085 0.150621 -0.016614
v -0.355950 0.200843 0.106547
v -0.341874 0.145912 0.106482
v -0.334953 0.200843 0.199289
v -0.324841 0.142616 0.197650
v -0.295730 0.190571 0.253570
v -0.289220 0.138894 0.250665
v -0.096889 0.327419 -0.363503
v -0.230041 0.264442 -0.288390
v -0.243151 0.327419 -0.297879
v -0.315387 0.264442 -0.178317
v -0.329445 0.327419 -0.181690
v -0.366315 0.264442 -0.019420
v -0.378596 0.327419 -0.026000
v -0.365212 0.264442 0.104071
v -0.372566 0.327419 0.110652
v -0.339050 0.264442 0.201437
v -0.342421 0.327419 0.198048
v -0.294973 0.264442 0.253608
v -0.285577 0.327419 0.292389
v -0.250403 0.386435 -0.295944
v -0.340929 0.386435 -0.181930
v -0.387575 0.386435 -0.025077
v -0.374979 0.386435 0.117850
v -0.341078 0.386435 0.199005
v -0.276069 0.386435 0.302181
v 0.000006 0.264442 -0.369574
v 0.000006 0.386435 -0.365358
v 0.000006 0.200843 -0.345971
v 0.000006 0.083585 -0.288873
v 0.000006 0.006777 -0.228858
v 0.000006 0.139559 -0.312224
v 0.000006 0.327419 -0.374649
v 0.000006 0.076300 0.460970
v 0.000006 0.004453 0.491758
v 0.000006 0.137777 0.474189
v 0.000006 0.121153 0.463629
v 0.000006 0.157922 0.473818
v -0.141334 0.076836 0.382996
v -0.071228 0.076479 0.439967
v -0.072086 0.122039 0.441977
v -0.143949 0.123811 0.383312
v -0.147147 0.004453 0.412550
v -0.073986 0.004453 0.470533
v -0.143641 0.150816 0.390692
v -0.067118 0.142123 0.451568
v -0.067560 0.167144 0.451270
v -0.144460 0.185587 0.390437
v -0.222069 0.078444 0.329589
v -0.229031 0.131796 0.330681
v -0.233654 0.175576 0.335804
v -0.234122 0.223860 0.335996
v -0.216193 0.004453 0.357767
v 0.000006 0.131862 -0.321055
v -0.087517 0.132205 -0.297592
v -0.195094 0.135764 -0.237533
v -0.273009 0.139563 -0.156328
v -0.333808 0.141470 -0.020012
v -0.343800 0.137163 0.106100
v -0.327449 0.134147 0.200167
v -0.291349 0.130740 0.256232
v 0.000006 0.114505 0.474107
v -0.141853 0.116938 0.391321
v -0.066163 0.115316 0.451653
v -0.229084 0.124244 0.336868
v -0.088102 0.149309 -0.305567
v 0.000006 0.149015 -0.327436
v -0.199045 0.152828 -0.245274
v -0.278807 0.157321 -0.160237
v -0.339182 0.158651 -0.019291
v -0.347839 0.154549 0.106726
v -0.329780 0.151679 0.200372
v -0.292155 0.146860 0.255663
v 0.000006 0.123305 0.474244
v -0.142446 0.127622 0.391122
v -0.066483 0.124744 0.451704
v -0.230575 0.138376 0.336732
v 0.000006 0.073257 -0.292335
v -0.085299 0.073530 -0.268087
v -0.248115 0.072969 -0.139958
v -0.306115 0.072043 -0.020845
v -0.323062 0.071203 0.102576
v -0.316316 0.070610 0.198487
v -0.287751 0.069940 0.258349
v -0.178729 0.073402 -0.207574
v 0.000006 0.066745 0.473860
v -0.139684 0.067223 0.392995
v -0.064859 0.066904 0.451955
v -0.221466 0.068661 0.337676
v 0.000006 0.091293 -0.305257
v -0.085519 0.091614 -0.280500
v -0.183999 0.092050 -0.217705
v -0.256819 0.092229 -0.145311
v -0.315417 0.091627 -0.020578
v -0.330368 0.090129 0.102653
v -0.320162 0.089075 0.198071
v -0.290521 0.087884 0.257223
v 0.000006 0.082209 0.473338
v -0.139884 0.083059 0.391952
v -0.065089 0.082492 0.451257
v -0.224209 0.085613 0.336698
vt 0.653950 0.007060
vt 0.647399 0.027037
vt 0.634812 0.024169
vt 0.641217 0.003325
vt 0.660235 0.030612
vt 0.666787 0.011459
vt 0.680494 0.017170
vt 0.673811 0.035221
vt 0.698991 0.046390
vt 0.705893 0.028444
vt 0.709979 0.031316
vt 0.702574 0.049577
vt 0.705794 0.049985
vt 0.713106 0.032416
vt 0.729388 0.043734
vt 0.720782 0.061515
vt 0.699199 0.073465
vt 0.715145 0.079744
vt 0.711362 0.095129
vt 0.695068 0.093708
vt 0.708590 0.119485
vt 0.692928 0.121674
vt 0.708976 0.147623
vt 0.693944 0.147891
vt 0.710347 0.168764
vt 0.696624 0.168433
vt 0.704569 0.202502
vt 0.708585 0.224248
vt 0.704002 0.223277
vt 0.700081 0.201819
vt 0.684517 0.040189
vt 0.690989 0.021724
vt 0.696057 0.024575
vt 0.689290 0.043411
vt 0.681186 0.068790
vt 0.677019 0.066536
vt 0.676421 0.092170
vt 0.672816 0.090889
vt 0.674330 0.123583
vt 0.671485 0.123414
vt 0.676801 0.149575
vt 0.673910 0.149765
vt 0.679836 0.169346
vt 0.676865 0.169812
vt 0.711857 0.183277
vt 0.699655 0.181012
vt 0.684173 0.068613
vt 0.692719 0.043274
vt 0.679238 0.091779
vt 0.677016 0.123085
vt 0.679230 0.149336
vt 0.682570 0.169337
vt 0.682668 0.182112
vt 0.679845 0.182713
vt 0.651999 0.061007
vt 0.638684 0.059494
vt 0.648635 0.089426
vt 0.634947 0.089248
vt 0.648524 0.124586
vt 0.634632 0.123860
vt 0.650550 0.150467
vt 0.636947 0.152624
vt 0.653184 0.171594
vt 0.639436 0.171934
vt 0.685730 0.182019
vt 0.666575 0.063188
vt 0.662259 0.089770
vt 0.662768 0.124545
vt 0.664498 0.150211
vt 0.666859 0.170220
vt 0.655189 0.185642
vt 0.642765 0.198241
vt 0.625877 0.058588
vt 0.621809 0.089455
vt 0.621594 0.124658
vt 0.624228 0.155143
vt 0.626572 0.173628
vt 0.671111 0.183152
vt 0.686450 0.226756
vt 0.678614 0.227667
vt 0.666882 0.205751
vt 0.677485 0.204319
vt 0.693548 0.248710
vt 0.691517 0.248994
vt 0.690109 0.226588
vt 0.695990 0.225662
vt 0.692582 0.224666
vt 0.687409 0.202891
vt 0.690752 0.203211
vt 0.684507 0.204116
vt 0.704707 0.247167
vt 0.707706 0.244339
vt 0.710827 0.259331
vt 0.707393 0.261004
vt 0.713054 0.245538
vt 0.726990 0.242927
vt 0.729388 0.258270
vt 0.715926 0.259324
vt 0.685820 0.249572
vt 0.694044 0.263160
vt 0.689628 0.263649
vt 0.696008 0.246465
vt 0.698593 0.261737
vt 0.695760 0.263085
vt 0.700231 0.247745
vt 0.718877 0.203890
vt 0.693194 0.181303
vt 0.695871 0.180791
vt 0.696934 0.203137
vt 0.630113 0.202582
vt 0.701256 0.225325
vt 0.702780 0.261837
vt 0.690888 0.168576
vt 0.688377 0.148112
vt 0.686989 0.122045
vt 0.688498 0.092802
vt 0.692346 0.071241
vt 0.699564 0.025244
vt 0.722650 0.223038
vt 0.693680 0.167990
vt 0.696062 0.073657
vt 0.691284 0.147862
vt 0.690196 0.122380
vt 0.691999 0.094254
vt 0.034412 0.632573
vt 0.020499 0.633896
vt 0.018918 0.612188
vt 0.031335 0.611272
vt 0.044782 0.609143
vt 0.059023 0.605737
vt 0.064123 0.625439
vt 0.048899 0.629819
vt 0.086390 0.595821
vt 0.089249 0.592856
vt 0.096134 0.613066
vt 0.092494 0.615356
vt 0.091880 0.593084
vt 0.109049 0.581292
vt 0.117980 0.600721
vt 0.098684 0.612437
vt 0.086189 0.568195
vt 0.082561 0.547042
vt 0.100072 0.545828
vt 0.103722 0.562123
vt 0.080600 0.517878
vt 0.097246 0.520254
vt 0.081075 0.490642
vt 0.097481 0.490659
vt 0.083019 0.469517
vt 0.097214 0.469081
vt 0.089926 0.431042
vt 0.087066 0.431962
vt 0.091191 0.410480
vt 0.094097 0.409329
vt 0.071150 0.601419
vt 0.074443 0.598707
vt 0.079932 0.619470
vt 0.076224 0.621321
vt 0.065124 0.573911
vt 0.068040 0.571947
vt 0.061453 0.548976
vt 0.064098 0.547744
vt 0.059826 0.515964
vt 0.062019 0.515707
vt 0.061528 0.488786
vt 0.063719 0.488887
vt 0.063684 0.467852
vt 0.066039 0.468243
vt 0.085527 0.454799
vt 0.099143 0.452370
vt 0.070135 0.572686
vt 0.076978 0.599501
vt 0.066126 0.548542
vt 0.064014 0.516345
vt 0.065586 0.489088
vt 0.068103 0.468170
vt 0.066688 0.453196
vt 0.068728 0.454038
vt 0.026491 0.578757
vt 0.039526 0.578073
vt 0.023910 0.549678
vt 0.037186 0.549737
vt 0.023156 0.516056
vt 0.036633 0.514997
vt 0.023579 0.487262
vt 0.037246 0.488706
vt 0.024063 0.466996
vt 0.038184 0.466450
vt 0.070958 0.453615
vt 0.053951 0.576802
vt 0.050476 0.549782
vt 0.050550 0.514825
vt 0.051258 0.488482
vt 0.052575 0.467508
vt 0.023727 0.443173
vt 0.039047 0.450314
vt 0.014371 0.578656
vt 0.011277 0.549188
vt 0.010482 0.515564
vt 0.010728 0.485555
vt 0.010596 0.466517
vt 0.056635 0.452667
vt 0.072341 0.406134
vt 0.063266 0.429629
vt 0.052651 0.428613
vt 0.063572 0.404500
vt 0.082615 0.383833
vt 0.078000 0.407060
vt 0.078661 0.383508
vt 0.081392 0.407623
vt 0.076021 0.430265
vt 0.073789 0.430902
vt 0.079219 0.408698
vt 0.071906 0.429890
vt 0.093833 0.385979
vt 0.097506 0.370190
vt 0.100213 0.371666
vt 0.095363 0.389157
vt 0.098843 0.387143
vt 0.103764 0.371786
vt 0.118625 0.374417
vt 0.112896 0.391003
vt 0.072988 0.382897
vt 0.077483 0.365936
vt 0.082127 0.366713
vt 0.085544 0.367355
vt 0.087809 0.368608
vt 0.083492 0.386485
vt 0.086086 0.384439
vt 0.104888 0.429720
vt 0.080792 0.454627
vt 0.084908 0.430836
vt 0.082893 0.455725
vt 0.010627 0.438831
vt 0.089508 0.408642
vt 0.090591 0.368602
vt 0.078290 0.469300
vt 0.076492 0.490396
vt 0.075606 0.517383
vt 0.077279 0.547516
vt 0.080742 0.569768
vt 0.082707 0.619256
vt 0.109509 0.410546
vt 0.080626 0.469953
vt 0.083683 0.567567
vt 0.078929 0.490657
vt 0.078353 0.516970
vt 0.080130 0.546054
vt 0.017125 0.634014
vt 0.015754 0.612594
vt 0.112525 0.580136
vt 0.121054 0.598665
vt 0.103554 0.545266
vt 0.107238 0.561269
vt 0.100722 0.520074
vt 0.100873 0.490784
vt 0.100485 0.468900
vt 0.026219 0.435698
vt 0.041132 0.447562
vt 0.011129 0.579081
vt 0.008113 0.549378
vt 0.007322 0.515539
vt 0.007509 0.485518
vt 0.007276 0.466520
vt 0.012522 0.431074
vt 0.036307 0.448430
vt 0.049405 0.427550
vt 0.121054 0.375976
vt 0.116595 0.390839
vt 0.113076 0.411432
vt 0.107951 0.431226
vt 0.069750 0.380427
vt 0.074503 0.366008
vt 0.060086 0.403095
vt 0.102231 0.453652
vt 0.003325 0.436422
vt 0.670250 0.685901
vt 0.657518 0.689633
vt 0.651117 0.668790
vt 0.663704 0.665925
vt 0.676538 0.662353
vt 0.690114 0.657746
vt 0.696794 0.675796
vt 0.683087 0.681504
vt 0.715293 0.646583
vt 0.718876 0.643396
vt 0.726278 0.661657
vt 0.722191 0.664528
vt 0.722096 0.642989
vt 0.737084 0.631463
vt 0.745686 0.649244
vt 0.729404 0.660558
vt 0.715505 0.619511
vt 0.711379 0.599270
vt 0.727671 0.597851
vt 0.731451 0.613235
vt 0.709244 0.571306
vt 0.724903 0.573498
vt 0.710265 0.545092
vt 0.725295 0.545364
vt 0.712950 0.524552
vt 0.726672 0.524227
vt 0.720914 0.490483
vt 0.716429 0.491161
vt 0.720380 0.469614
vt 0.724998 0.468676
vt 0.700819 0.652780
vt 0.705593 0.649560
vt 0.712356 0.668395
vt 0.707288 0.671244
vt 0.693327 0.626435
vt 0.697494 0.624182
vt 0.689128 0.602085
vt 0.692733 0.600804
vt 0.687803 0.569562
vt 0.690648 0.569394
vt 0.690232 0.543214
vt 0.693123 0.543404
vt 0.693191 0.523168
vt 0.696163 0.523633
vt 0.715988 0.511973
vt 0.728190 0.509720
vt 0.700480 0.624359
vt 0.709021 0.649697
vt 0.695550 0.601195
vt 0.693333 0.569892
vt 0.695552 0.543644
vt 0.698896 0.523643
vt 0.696175 0.510265
vt 0.698998 0.510867
vt 0.654995 0.633470
vt 0.668309 0.631960
vt 0.651264 0.603719
vt 0.664950 0.603543
vt 0.650954 0.569111
vt 0.664844 0.568387
vt 0.653273 0.540350
vt 0.666874 0.542508
vt 0.655763 0.521042
vt 0.669509 0.521383
vt 0.702061 0.510960
vt 0.682884 0.629781
vt 0.678572 0.603202
vt 0.679087 0.568430
vt 0.680822 0.542766
vt 0.683185 0.522757
vt 0.659093 0.494738
vt 0.671514 0.507336
vt 0.642189 0.634374
vt 0.638127 0.603510
vt 0.637918 0.568311
vt 0.640555 0.537830
vt 0.642900 0.519347
vt 0.687439 0.509825
vt 0.702760 0.466160
vt 0.693817 0.488655
vt 0.683202 0.487222
vt 0.694938 0.465250
vt 0.710047 0.443328
vt 0.706419 0.466331
vt 0.708013 0.443039
vt 0.712350 0.467257
vt 0.707084 0.489764
vt 0.703745 0.490084
vt 0.708923 0.468229
vt 0.700847 0.488860
vt 0.721211 0.444866
vt 0.723660 0.432142
vt 0.727045 0.433881
vt 0.724214 0.447669
vt 0.729528 0.446464
vt 0.732157 0.433794
vt 0.745686 0.434772
vt 0.743454 0.449016
vt 0.702328 0.442450
vt 0.705986 0.429544
vt 0.710417 0.430028
vt 0.712118 0.430087
vt 0.714890 0.431493
vt 0.712518 0.445564
vt 0.716732 0.444288
vt 0.735247 0.489116
vt 0.709526 0.511679
vt 0.713286 0.489843
vt 0.712203 0.512193
vt 0.646442 0.490397
vt 0.717598 0.467589
vt 0.719064 0.431320
vt 0.707214 0.524406
vt 0.704698 0.544869
vt 0.703305 0.570934
vt 0.704809 0.600174
vt 0.708653 0.621733
vt 0.715862 0.667727
vt 0.739087 0.469946
vt 0.710007 0.524994
vt 0.712369 0.619319
vt 0.707605 0.545121
vt 0.706512 0.570599
vt 0.708310 0.598723
vt 0.544687 0.430990
vt 0.541606 0.452277
vt 0.529197 0.451358
vt 0.530783 0.429664
vt 0.555044 0.454408
vt 0.559164 0.433746
vt 0.574378 0.438127
vt 0.569276 0.457816
vt 0.596624 0.467734
vt 0.602729 0.448212
vt 0.606367 0.450502
vt 0.599480 0.470698
vt 0.602109 0.470471
vt 0.608915 0.451132
vt 0.628195 0.462846
vt 0.619265 0.482261
vt 0.596415 0.495344
vt 0.613936 0.501417
vt 0.610284 0.517700
vt 0.592784 0.516483
vt 0.607453 0.543259
vt 0.590816 0.545629
vt 0.607681 0.572835
vt 0.591285 0.572850
vt 0.607412 0.594398
vt 0.593225 0.593963
vt 0.600120 0.632405
vt 0.604353 0.654221
vt 0.601411 0.653101
vt 0.597267 0.631488
vt 0.581394 0.462136
vt 0.586470 0.442247
vt 0.590175 0.444098
vt 0.584684 0.464846
vt 0.578278 0.491589
vt 0.575364 0.489625
vt 0.574332 0.515776
vt 0.571688 0.514544
vt 0.572245 0.547795
vt 0.570054 0.547537
vt 0.573939 0.574601
vt 0.571749 0.574700
vt 0.576254 0.595234
vt 0.573900 0.595625
vt 0.609341 0.611097
vt 0.595731 0.608673
vt 0.580372 0.490851
vt 0.587218 0.464054
vt 0.576359 0.514980
vt 0.574239 0.547158
vt 0.575804 0.574400
vt 0.578318 0.595308
vt 0.578940 0.609434
vt 0.576901 0.610274
vt 0.549783 0.485458
vt 0.536756 0.484771
vt 0.547436 0.513777
vt 0.534168 0.513833
vt 0.546873 0.548497
vt 0.533404 0.547434
vt 0.547479 0.574774
vt 0.533818 0.576213
vt 0.548409 0.597020
vt 0.534294 0.596470
vt 0.581169 0.609857
vt 0.564199 0.486733
vt 0.560718 0.513736
vt 0.560783 0.548673
vt 0.561484 0.575002
vt 0.562796 0.595967
vt 0.549265 0.613150
vt 0.533948 0.620281
vt 0.524643 0.484869
vt 0.521542 0.514318
vt 0.520737 0.547922
vt 0.520973 0.577915
vt 0.520834 0.596943
vt 0.566852 0.610801
vt 0.582471 0.657350
vt 0.573773 0.658866
vt 0.562867 0.634848
vt 0.573481 0.633819
vt 0.592892 0.680582
vt 0.588889 0.680915
vt 0.588115 0.656489
vt 0.591579 0.655930
vt 0.589374 0.654869
vt 0.583983 0.632541
vt 0.586204 0.633178
vt 0.582106 0.633547
vt 0.604224 0.678449
vt 0.605798 0.675310
vt 0.610251 0.691790
vt 0.607549 0.693309
vt 0.609282 0.677297
vt 0.623534 0.673387
vt 0.628809 0.689214
vt 0.613842 0.691745
vt 0.583170 0.681530
vt 0.592122 0.696682
vt 0.587448 0.697427
vt 0.593841 0.677961
vt 0.597789 0.694797
vt 0.595540 0.696077
vt 0.596438 0.679971
vt 0.615101 0.633732
vt 0.590999 0.608845
vt 0.593099 0.607747
vt 0.595115 0.632610
vt 0.520853 0.624615
vt 0.599688 0.654927
vt 0.600584 0.694871
vt 0.588499 0.594180
vt 0.586705 0.573095
vt 0.585825 0.546123
vt 0.587505 0.516008
vt 0.590971 0.493770
vt 0.592949 0.444312
vt 0.619712 0.652835
vt 0.590834 0.593527
vt 0.593911 0.495971
vt 0.589140 0.572834
vt 0.588570 0.546536
vt 0.590353 0.517470
vt 0.527411 0.429544
vt 0.526035 0.450952
vt 0.622738 0.483416
vt 0.631268 0.464901
vt 0.613764 0.518264
vt 0.617450 0.502271
vt 0.610926 0.543440
vt 0.611070 0.572710
vt 0.610680 0.594579
vt 0.536437 0.627754
vt 0.551348 0.615902
vt 0.521402 0.484443
vt 0.518380 0.514127
vt 0.517579 0.547946
vt 0.517756 0.577950
vt 0.517515 0.596938
vt 0.522744 0.632370
vt 0.546525 0.615034
vt 0.559620 0.635915
vt 0.631268 0.687609
vt 0.627298 0.673575
vt 0.623270 0.651989
vt 0.618161 0.632227
vt 0.579892 0.684005
vt 0.584451 0.697296
vt 0.570323 0.660294
vt 0.612427 0.609815
vt 0.513554 0.627020
vn -0.0706 -0.0910 0.9933
vn -0.1543 0.3421 0.9269
vn -0.1568 0.8363 0.5254
vn -0.1872 0.6820 0.7070
vn -0.5723 0.5438 0.6137
vn -0.7646 0.4994 0.4074
vn -0.8720 0.4681 0.1432
vn -0.9382 0.3460 0.0091
vn -0.4977 -0.4254 -0.7559
vn -0.4266 0.5928 0.6831
vn -0.1781 0.7183 0.6726
vn -0.3608 0.7027 0.6132
vn -0.5586 0.6674 0.4924
vn -0.7382 0.5967 0.3147
vn -0.8408 0.5353 0.0803
vn -0.8690 0.4726 -0.1468
vn -0.9157 0.1519 -0.3720
vn -0.4399 -0.3362 0.8328
vn -0.7040 -0.1809 0.6868
vn -0.9086 -0.1015 0.4052
vn -0.9935 -0.0905 0.0686
vn -0.9637 -0.1913 -0.1861
vn -0.7588 0.4422 -0.4781
vn -0.1388 0.1146 0.9837
vn -0.4129 0.1876 0.8913
vn -0.7769 0.2283 0.5868
vn -0.9301 0.2181 0.2956
vn -0.9876 0.1544 -0.0277
vn -0.9527 0.0885 -0.2909
vn -0.7679 -0.3377 -0.5443
vn -0.4201 0.3719 0.8278
vn -0.7164 0.3896 0.5788
vn -0.8980 0.3120 0.3104
vn -0.9791 0.2023 0.0215
vn -0.9654 0.1009 -0.2406
vn -0.7680 0.0083 -0.6404
vn -0.4030 0.0072 0.9152
vn -0.7884 0.1162 0.6041
vn -0.9434 0.1622 0.2892
vn -0.9927 0.1005 -0.0671
vn -0.9337 0.0325 -0.3567
vn -0.7862 0.0264 -0.6175
vn -0.5219 0.0073 -0.8530
vn -0.6205 -0.1652 -0.7666
vn -0.4486 -0.4354 -0.7805
vn -0.5199 -0.0417 -0.8532
vn -0.2264 0.7197 -0.6563
vn -0.2995 -0.2844 -0.9107
vn -0.3421 -0.0107 -0.9396
vn -0.2023 0.8148 -0.5433
vn -0.6302 0.0060 -0.7764
vn -0.5819 -0.3975 -0.7095
vn -0.5955 -0.3457 -0.7252
vn -0.7903 -0.0609 -0.6097
vn -0.7392 0.4343 -0.5148
vn -0.8021 -0.0003 -0.5972
vn -0.6669 0.5085 -0.5447
vn -0.7705 -0.0099 -0.6373
vn -0.7261 -0.3602 -0.5857
vn -0.6366 0.0128 -0.7711
vn -0.2760 -0.5119 -0.8135
vn -0.5403 0.0431 -0.8404
vn -0.8676 0.0798 -0.4908
vn -0.9643 0.2305 -0.1300
vn -0.9441 0.3136 0.1012
vn -0.8520 0.3540 0.3857
vn -0.6509 0.4346 0.6225
vn -0.4671 0.4549 0.7582
vn -0.2134 -0.5260 0.8233
vn -0.8003 0.0255 -0.5990
vn -0.3119 -0.2530 -0.9158
vn -0.4797 0.5483 -0.6851
vn -0.5260 0.5823 -0.6200
vn -0.8177 0.0424 -0.5741
vn -0.9711 0.1236 -0.2041
vn -0.9795 0.1920 0.0617
vn -0.8963 0.2671 0.3539
vn -0.6974 0.3765 0.6098
vn -0.4362 0.4226 0.7944
vn -0.1896 0.3789 0.9058
vn -0.7260 -0.2892 -0.6239
vn -0.6027 -0.2997 -0.7396
vn -0.2668 -0.5501 -0.7913
vn -0.8737 -0.2287 -0.4293
vn -0.5461 -0.0346 0.8370
vn -0.5696 -0.2505 -0.7828
vn -0.9937 -0.0695 -0.0882
vn -0.9883 0.0805 0.1295
vn -0.8990 0.0703 0.4323
vn -0.6983 0.0042 0.7158
vn -0.2749 -0.1201 0.9539
vn -0.3356 0.7861 0.5190
vn -0.4638 0.7485 0.4740
vn -0.6685 0.6704 0.3220
vn -0.7776 0.6199 0.1055
vn -0.8122 0.5789 -0.0729
vn -0.7646 0.5353 -0.3589
vn -0.4632 0.5663 -0.6817
vn -0.5449 0.5184 -0.6590
vn -0.7824 0.0487 -0.6209
vn -0.3379 0.0121 -0.9411
vn -0.2553 0.4148 0.8734
vn 0.0727 0.0882 -0.9934
vn 0.1519 -0.3417 -0.9275
vn 0.1264 -0.8903 -0.4375
vn 0.1857 -0.6633 -0.7249
vn 0.5777 -0.5332 -0.6180
vn 0.7684 -0.4914 -0.4101
vn 0.8758 -0.4609 -0.1432
vn 0.9404 -0.3401 -0.0069
vn 0.4443 0.5828 0.6804
vn 0.4310 -0.5791 -0.6920
vn 0.1327 -0.8426 -0.5219
vn 0.3040 -0.8064 -0.5072
vn 0.5012 -0.7490 -0.4334
vn 0.6924 -0.6596 -0.2924
vn 0.8023 -0.5919 -0.0771
vn 0.8323 -0.5363 0.1401
vn 0.9125 -0.1465 0.3820
vn 0.3970 0.5240 -0.7535
vn 0.6749 0.3269 -0.6615
vn 0.8949 0.1969 -0.4004
vn 0.9847 0.1602 -0.0684
vn 0.9456 0.2713 0.1797
vn 0.7193 -0.5341 0.4443
vn 0.1376 -0.1169 -0.9836
vn 0.4141 -0.1869 -0.8908
vn 0.7758 -0.2274 -0.5885
vn 0.9300 -0.2179 -0.2959
vn 0.9877 -0.1540 0.0271
vn 0.9528 -0.0885 0.2904
vn 0.7298 0.4558 0.5096
vn 0.4209 -0.3702 -0.8281
vn 0.7164 -0.3879 -0.5798
vn 0.8981 -0.3118 -0.3103
vn 0.9791 -0.2023 -0.0216
vn 0.9656 -0.1008 0.2395
vn 0.8177 -0.1191 0.5632
vn 0.4052 -0.0075 -0.9142
vn 0.7877 -0.1163 -0.6050
vn 0.9435 -0.1619 -0.2892
vn 0.9928 -0.1004 0.0661
vn 0.9343 -0.0330 0.3550
vn 0.7886 -0.0289 0.6143
vn 0.5217 -0.0074 0.8531
vn 0.6529 -0.0189 0.7572
vn 0.3718 0.6238 0.6874
vn 0.5254 -0.0181 0.8507
vn 0.1412 -0.8689 0.4745
vn 0.2641 0.2885 0.9204
vn 0.2946 0.0113 0.9555
vn 0.0901 -0.9628 0.2548
vn 0.6511 -0.0067 0.7589
vn 0.5619 0.5108 0.6507
vn 0.5550 0.5186 0.6504
vn 0.7868 0.0711 0.6131
vn 0.6847 -0.5627 0.4632
vn 0.8011 0.0008 0.5985
vn 0.6042 -0.6288 0.4895
vn 0.8507 0.0304 0.5248
vn 0.6657 0.5042 0.5501
vn 0.6518 -0.0271 0.7579
vn 0.1614 0.7998 0.5781
vn 0.5400 -0.0456 0.8404
vn 0.8668 -0.0862 0.4911
vn 0.9656 -0.2251 0.1305
vn 0.9464 -0.3066 -0.1018
vn 0.8540 -0.3457 -0.3889
vn 0.6559 -0.4111 -0.6331
vn 0.4720 -0.4141 -0.7782
vn 0.1738 0.7089 -0.6836
vn 0.7995 -0.0434 0.5991
vn 0.2976 -0.0002 0.9547
vn 0.4154 -0.7284 0.5448
vn 0.4302 -0.7753 0.4624
vn 0.8211 -0.0579 0.5679
vn 0.9705 -0.1324 0.2013
vn 0.9777 -0.2005 -0.0631
vn 0.8938 -0.2749 -0.3544
vn 0.6951 -0.3820 -0.6090
vn 0.4346 -0.4288 -0.7920
vn 0.1853 -0.3903 -0.9019
vn 0.6868 0.4366 0.5811
vn 0.6192 0.3027 0.7246
vn 0.1812 0.7566 0.6282
vn 0.8512 0.3307 0.4075
vn 0.5400 0.1436 -0.8293
vn 0.5687 0.2541 0.7823
vn 0.9876 0.1336 0.0821
vn 0.9905 -0.0366 -0.1325
vn 0.9012 -0.0081 -0.4334
vn 0.6966 0.0987 -0.7106
vn 0.2579 0.2706 -0.9275
vn 0.2943 -0.8411 -0.4538
vn 0.4231 -0.7979 -0.4294
vn 0.6394 -0.7050 -0.3067
vn 0.7517 -0.6517 -0.1008
vn 0.7777 -0.6244 0.0728
vn 0.7250 -0.5976 0.3425
vn 0.3980 -0.7130 0.5773
vn 0.5066 -0.6406 0.5771
vn 0.7801 -0.0483 0.6238
vn 0.2983 -0.0220 0.9542
vn 0.2508 -0.3689 -0.8950
vn -0.0062 0.9976 0.0695
vn -0.1572 -0.7274 0.6680
vn -0.3878 -0.8155 0.4296
vn -0.4734 -0.8372 0.2740
vn -0.4817 -0.8724 0.0835
vn -0.3802 -0.9247 0.0205
vn -0.3246 -0.7803 0.5345
vn -0.2571 -0.5676 0.7821
vn 0.0016 0.9998 -0.0175
vn 0.0909 0.9928 -0.0778
vn 0.1501 0.9877 -0.0441
vn 0.1121 0.9936 0.0140
vn 0.0322 0.9993 0.0202
vn -0.2246 -0.1902 0.9557
vn -0.2885 0.9236 0.2526
vn 0.0855 -0.9481 0.3061
vn 0.1723 -0.9626 0.2089
vn 0.1804 -0.9598 0.2152
vn -0.1195 0.9913 0.0547
vn -0.1427 0.9817 0.1261
vn -0.2844 0.9397 0.1900
vn 0.1974 -0.9803 -0.0027
vn -0.1827 -0.9831 0.0147
vn -0.0093 0.9999 -0.0043
vn 0.0706 -0.0910 0.9933
vn 0.1543 0.3421 0.9269
vn 0.1568 0.8363 0.5254
vn 0.1872 0.6820 0.7070
vn 0.5723 0.5438 0.6137
vn 0.7646 0.4994 0.4074
vn 0.8720 0.4681 0.1432
vn 0.9382 0.3460 0.0091
vn 0.4977 -0.4254 -0.7559
vn 0.4266 0.5928 0.6831
vn 0.1781 0.7183 0.6726
vn 0.3608 0.7027 0.6132
vn 0.5586 0.6674 0.4924
vn 0.7382 0.5967 0.3147
vn 0.8408 0.5353 0.0803
vn 0.8690 0.4726 -0.1468
vn 0.9157 0.1519 -0.3720
vn 0.4399 -0.3362 0.8328
vn 0.7040 -0.1809 0.6868
vn 0.9086 -0.1015 0.4052
vn 0.9935 -0.0905 0.0686
vn 0.9637 -0.1913 -0.1861
vn 0.7588 0.4422 -0.4781
vn 0.1388 0.1146 0.9837
vn 0.4129 0.1876 0.8913
vn 0.7769 0.2283 0.5868
vn 0.9301 0.2181 0.2956
vn 0.9876 0.1544 -0.0277
vn 0.9527 0.0885 -0.2909
vn 0.7679 -0.3377 -0.5443
vn 0.4201 0.3719 0.8278
vn 0.7164 0.3896 0.5788
vn 0.8980 0.3120 0.3104
vn 0.9791 0.2023 0.0215
vn 0.9654 0.1009 -0.2406
vn 0.7680 0.0083 -0.6404
vn 0.4030 0.0072 0.9152
vn 0.7884 0.1162 0.6041
vn 0.9434 0.1622 0.2892
vn 0.9927 0.1005 -0.0671
vn 0.9337 0.0325 -0.3567
vn 0.7862 0.0264 -0.6175
vn 0.5219 0.0073 -0.8530
vn 0.5926 -0.1680 -0.7878
vn 0.4486 -0.4354 -0.7805
vn 0.5199 -0.0417 -0.8532
vn 0.2486 0.7139 -0.6547
vn 0.3253 -0.2836 -0.9021
vn 0.3728 -0.0103 -0.9279
vn 0.2219 0.8101 -0.5427
vn 0.6025 0.0051 -0.7981
vn 0.5508 -0.4124 -0.7256
vn 0.5645 -0.3629 -0.7414
vn 0.7903 -0.0609 -0.6097
vn 0.7392 0.4343 -0.5148
vn 0.8021 -0.0003 -0.5972
vn 0.6669 0.5085 -0.5447
vn 0.7705 -0.0099 -0.6373
vn 0.7261 -0.3602 -0.5857
vn 0.6081 0.0103 -0.7938
vn 0.3016 -0.5052 -0.8086
vn 0.5403 0.0431 -0.8404
vn 0.8676 0.0798 -0.4908
vn 0.9643 0.2305 -0.1300
vn 0.9441 0.3136 0.1012
vn 0.8520 0.3540 0.3857
vn 0.6509 0.4347 0.6225
vn 0.4671 0.4549 0.7582
vn 0.2134 -0.5260 0.8233
vn 0.8003 0.0255 -0.5990
vn 0.3398 -0.2532 -0.9058
vn 0.4797 0.5483 -0.6851
vn 0.4951 0.5992 -0.6292
vn 0.8177 0.0424 -0.5741
vn 0.9711 0.1236 -0.2041
vn 0.9795 0.1920 0.0617
vn 0.8963 0.2671 0.3539
vn 0.6974 0.3765 0.6098
vn 0.4362 0.4226 0.7944
vn 0.1896 0.3789 0.9058
vn 0.7260 -0.2892 -0.6239
vn 0.5744 -0.3026 -0.7606
vn 0.2918 -0.5441 -0.7866
vn 0.8737 -0.2287 -0.4293
vn 0.5461 -0.0346 0.8370
vn 0.5696 -0.2505 -0.7828
vn 0.9937 -0.0695 -0.0882
vn 0.9883 0.0805 0.1295
vn 0.8990 0.0703 0.4323
vn 0.6983 0.0042 0.7158
vn 0.2749 -0.1201 0.9539
vn 0.3356 0.7861 0.5190
vn 0.4638 0.7485 0.4740
vn 0.6685 0.6704 0.3220
vn 0.7776 0.6199 0.1055
vn 0.8122 0.5789 -0.0729
vn 0.7646 0.5353 -0.3589
vn 0.4632 0.5663 -0.6817
vn 0.5131 0.5362 -0.6702
vn 0.7824 0.0487 -0.6209
vn 0.3684 0.0126 -0.9296
vn 0.2553 0.4148 0.8734
vn -0.0727 0.0882 -0.9934
vn -0.1519 -0.3417 -0.9275
vn -0.1264 -0.8903 -0.4375
vn -0.1857 -0.6633 -0.7249
vn -0.5777 -0.5332 -0.6180
vn -0.7684 -0.4914 -0.4101
vn -0.8758 -0.4609 -0.1432
vn -0.9404 -0.3401 -0.0069
vn -0.4443 0.5828 0.6804
vn -0.4310 -0.5791 -0.6920
vn -0.1327 -0.8426 -0.5219
vn -0.3040 -0.8064 -0.5072
vn -0.5012 -0.7490 -0.4334
vn -0.6924 -0.6596 -0.2924
vn -0.8023 -0.5919 -0.0771
vn -0.8323 -0.5363 0.1401
vn -0.9125 -0.1465 0.3820
vn -0.3970 0.5240 -0.7535
vn -0.6749 0.3269 -0.6615
vn -0.8949 0.1969 -0.4004
vn -0.9847 0.1602 -0.0684
vn -0.9456 0.2713 0.1797
vn -0.7193 -0.5341 0.4443
vn -0.1376 -0.1169 -0.9836
vn -0.4141 -0.1869 -0.8908
vn -0.7758 -0.2274 -0.5885
vn -0.9300 -0.2179 -0.2959
vn -0.9877 -0.1540 0.0271
vn -0.9528 -0.0885 0.2904
vn -0.7298 0.4558 0.5096
vn -0.4209 -0.3702 -0.8281
vn -0.7164 -0.3879 -0.5798
vn -0.8981 -0.3118 -0.3103
vn -0.9791 -0.2023 -0.0216
vn -0.9656 -0.1008 0.2395
vn -0.8177 -0.1191 0.5632
vn -0.4052 -0.0075 -0.9142
vn -0.7877 -0.1163 -0.6050
vn -0.9435 -0.1619 -0.2892
vn -0.9928 -0.1004 0.0661
vn -0.9343 -0.0330 0.3550
vn -0.7886 -0.0289 0.6143
vn -0.5217 -0.0074 0.8531
vn -0.6237 -0.0172 0.7814
vn -0.3718 0.6238 0.6874
vn -0.5254 -0.0181 0.8507
vn -0.1534 -0.8659 0.4761
vn -0.2837 0.2882 0.9146
vn -0.3169 0.0109 0.9484
vn -0.0980 -0.9615 0.2566
vn -0.6221 -0.0059 0.7829
vn -0.5255 0.5368 0.6601
vn -0.5169 0.5492 0.6566
vn -0.7868 0.0711 0.6131
vn -0.6847 -0.5627 0.4632
vn -0.8011 0.0008 0.5985
vn -0.6042 -0.6288 0.4895
vn -0.8507 0.0304 0.5248
vn -0.6657 0.5042 0.5501
vn -0.6223 -0.0256 0.7823
vn -0.1751 0.7959 0.5795
vn -0.5400 -0.0456 0.8404
vn -0.8668 -0.0862 0.4911
vn -0.9656 -0.2251 0.1305
vn -0.9464 -0.3067 -0.1018
vn -0.8540 -0.3457 -0.3889
vn -0.6559 -0.4111 -0.6331
vn -0.4720 -0.4141 -0.7782
vn -0.1738 0.7089 -0.6836
vn -0.7995 -0.0434 0.5991
vn -0.3202 -0.0007 0.9473
vn -0.4154 -0.7284 0.5448
vn -0.3929 -0.7986 0.4559
vn -0.8211 -0.0579 0.5679
vn -0.9705 -0.1324 0.2013
vn -0.9777 -0.2005 -0.0631
vn -0.8938 -0.2749 -0.3544
vn -0.6951 -0.3820 -0.6090
vn -0.4346 -0.4288 -0.7920
vn -0.1853 -0.3903 -0.9019
vn -0.6868 0.4366 0.5811
vn -0.5899 0.3057 0.7473
vn -0.1964 0.7523 0.6288
vn -0.8512 0.3307 0.4075
vn -0.5400 0.1436 -0.8293
vn -0.5687 0.2541 0.7823
vn -0.9876 0.1336 0.0821
vn -0.9905 -0.0366 -0.1325
vn -0.9012 -0.0081 -0.4334
vn -0.6966 0.0987 -0.7106
vn -0.2579 0.2706 -0.9275
vn -0.2943 -0.8411 -0.4538
vn -0.4231 -0.7979 -0.4294
vn -0.6394 -0.7050 -0.3067
vn -0.7517 -0.6517 -0.1008
vn -0.7777 -0.6244 0.0728
vn -0.7250 -0.5976 0.3425
vn -0.3980 -0.7130 0.5773
vn -0.4688 -0.6671 0.5789
vn -0.7801 -0.0483 0.6238
vn -0.3214 -0.0222 0.9467
vn -0.2508 -0.3689 -0.8950
vn 0.0062 0.9976 0.0695
vn 0.1572 -0.7274 0.6680
vn 0.3878 -0.8155 0.4296
vn 0.4734 -0.8372 0.2740
vn 0.4817 -0.8724 0.0835
vn 0.3802 -0.9247 0.0205
vn 0.3246 -0.7803 0.5345
vn 0.2571 -0.5676 0.7821
vn -0.0016 0.9998 -0.0175
vn -0.0909 0.9928 -0.0778
vn -0.1501 0.9877 -0.0441
vn -0.1121 0.9936 0.0140
vn -0.0322 0.9993 0.0202
vn 0.2246 -0.1902 0.9557
vn 0.2885 0.9236 0.2526
vn -0.0917 -0.9485 0.3033
vn -0.1723 -0.9626 0.2089
vn -0.1723 -0.9597 0.2222
vn 0.1286 0.9899 0.0594
vn 0.1367 0.9832 0.1210
vn 0.2844 0.9397 0.1900
vn -0.1974 -0.9803 -0.0027
vn 0.1827 -0.9831 0.0147
vn 0.0093 0.9999 -0.0043
usemtl Helmet
s off
f 2399/2881/1989 2166/2882/1989 2137/2883/1989 2394/2884/1989
f 2136/2885/1990 2393/2886/1990 2395/2887/1990 2138/2888/1990
f 2230/2889/1991 2456/2890/1991 2396/2891/1991 2139/2892/1991
f 2220/2893/1992 2444/2894/1992 2397/2895/1992 2140/2896/1992
f 2226/2897/1993 2151/2898/1993 2142/2899/1993 2221/2900/1993
f 2221/2900/1994 2142/2899/1994 2144/2901/1994 2222/2902/1994
f 2222/2902/1995 2144/2901/1995 2146/2903/1995 2223/2904/1995
f 2223/2904/1996 2146/2903/1996 2148/2905/1996 2224/2906/1996
f 2229/2907/1997 2227/2908/1997 2185/2909/1997 2195/2910/1997
f 2220/2893/1998 2140/2896/1998 2151/2898/1998 2226/2897/1998
f 2210/2911/1999 2433/2912/1999 2398/2913/1999 2153/2914/1999
f 2210/2911/2000 2153/2914/2000 2155/2915/2000 2211/2916/2000
f 2211/2916/2001 2155/2915/2001 2157/2917/2001 2212/2918/2001
f 2212/2918/2002 2157/2917/2002 2159/2919/2002 2213/2920/2002
f 2213/2920/2003 2159/2919/2003 2161/2921/2003 2214/2922/2003
f 2214/2922/2004 2161/2921/2004 2163/2923/2004 2215/2924/2004
f 2224/2906/2005 2148/2905/2005 2150/2925/2005 2225/2926/2005
f 2201/2927/2006 2155/2915/2006 2153/2914/2006 2200/2928/2006
f 2202/2929/2007 2157/2917/2007 2155/2915/2007 2201/2927/2007
f 2203/2930/2008 2159/2919/2008 2157/2917/2008 2202/2929/2008
f 2204/2931/2009 2161/2921/2009 2159/2919/2009 2203/2930/2009
f 2205/2932/2010 2163/2923/2010 2161/2921/2010 2204/2931/2010
f 2215/2924/2011 2163/2923/2011 2165/2933/2011 2216/2934/2011
f 2393/2886/2012 2136/2885/2012 2166/2882/2012 2399/2881/2012
f 2166/2882/2013 2136/2885/2013 2167/2935/2013 2168/2936/2013
f 2168/2936/2014 2167/2935/2014 2169/2937/2014 2170/2938/2014
f 2170/2938/2015 2169/2937/2015 2171/2939/2015 2172/2940/2015
f 2172/2940/2016 2171/2939/2016 2173/2941/2016 2174/2942/2016
f 2174/2942/2017 2173/2941/2017 2175/2943/2017 2176/2944/2017
f 2206/2945/2018 2165/2933/2018 2163/2923/2018 2205/2932/2018
f 2136/2885/2019 2138/2888/2019 2154/2946/2019 2167/2935/2019
f 2156/2947/2020 2169/2937/2020 2167/2935/2020 2154/2946/2020
f 2158/2948/2021 2171/2939/2021 2169/2937/2021 2156/2947/2021
f 2160/2949/2022 2173/2941/2022 2171/2939/2022 2158/2948/2022
f 2162/2950/2023 2175/2943/2023 2173/2941/2023 2160/2949/2023
f 2176/2944/2024 2175/2943/2024 2177/2951/2024 2178/2952/2024
f 2137/2883/2025 2166/2882/2025 2168/2936/2025 2179/2953/2025
f 2170/2938/2026 2180/2954/2026 2179/2953/2026 2168/2936/2026
f 2172/2940/2027 2181/2955/2027 2180/2954/2027 2170/2938/2027
f 2174/2942/2028 2182/2956/2028 2181/2955/2028 2172/2940/2028
f 2176/2944/2029 2183/2957/2029 2182/2956/2029 2174/2942/2029
f 2164/2958/2030 2177/2951/2030 2175/2943/2030 2162/2950/2030
f 2191/2959/2031 2194/2960/2031 2198/2961/2031 2197/2962/2031
f 2218/2963/2032 2192/2964/2032 2191/2959/2032 2217/2965/2032
f 2207/2966/2033 2188/2967/2033 2196/2968/2033 2209/2969/2033
f 2217/2965/2034 2191/2959/2034 2197/2962/2034 2219/2970/2034
f 2238/2971/2035 2186/2972/2035 2400/2973/2035 2464/2974/2035
f 2228/2975/2036 2190/2976/2036 2401/2977/2036 2452/2978/2036
f 2193/2979/2037 2192/2964/2037 2402/2980/2037 2404/2981/2037
f 2218/2963/2038 2187/2982/2038 2403/2983/2038 2440/2984/2038
f 2192/2964/2039 2193/2979/2039 2194/2960/2039 2191/2959/2039
f 2227/2908/2040 2228/2975/2040 2186/2972/2040 2185/2909/2040
f 2208/2985/2041 2187/2982/2041 2188/2967/2041 2207/2966/2041
f 2225/2926/2042 2150/2925/2042 2199/2986/2042 2229/2907/2042
f 2216/2934/2043 2165/2933/2043 2196/2968/2043 2219/2970/2043
f 2177/2951/2044 2164/2958/2044 2197/2962/2044 2198/2961/2044
f 2236/2987/2045 2149/2988/2045 2195/2910/2045 2239/2989/2045
f 2184/2990/2046 2183/2957/2046 2176/2944/2046 2178/2952/2046
f 2165/2933/2047 2206/2945/2047 2209/2969/2047 2196/2968/2047
f 2238/2971/2048 2208/2985/2048 2207/2966/2048 2237/2991/2048
f 2187/2982/2049 2208/2985/2049 2428/2992/2049 2403/2983/2049
f 2237/2991/2050 2207/2966/2050 2209/2969/2050 2239/2989/2050
f 2236/2987/2051 2206/2945/2051 2205/2932/2051 2235/2993/2051
f 2235/2993/2052 2205/2932/2052 2204/2931/2052 2234/2994/2052
f 2234/2994/2053 2204/2931/2053 2203/2930/2053 2233/2995/2053
f 2233/2995/2054 2203/2930/2054 2202/2929/2054 2232/2996/2054
f 2232/2996/2055 2202/2929/2055 2201/2927/2055 2231/2997/2055
f 2231/2997/2056 2201/2927/2056 2200/2928/2056 2230/2889/2056
f 2153/2914/2057 2398/2913/2057 2420/2998/2057 2200/2928/2057
f 2164/2958/2058 2216/2934/2058 2219/2970/2058 2197/2962/2058
f 2192/2964/2059 2218/2963/2059 2440/2984/2059 2402/2980/2059
f 2188/2967/2060 2217/2965/2060 2219/2970/2060 2196/2968/2060
f 2187/2982/2061 2218/2963/2061 2217/2965/2061 2188/2967/2061
f 2162/2950/2062 2215/2924/2062 2216/2934/2062 2164/2958/2062
f 2160/2949/2063 2214/2922/2063 2215/2924/2063 2162/2950/2063
f 2158/2948/2064 2213/2920/2064 2214/2922/2064 2160/2949/2064
f 2156/2947/2065 2212/2918/2065 2213/2920/2065 2158/2948/2065
f 2154/2946/2066 2211/2916/2066 2212/2918/2066 2156/2947/2066
f 2138/2888/2067 2210/2911/2067 2211/2916/2067 2154/2946/2067
f 2138/2888/2068 2395/2887/2068 2433/2912/2068 2210/2911/2068
f 2149/2988/2069 2225/2926/2069 2229/2907/2069 2195/2910/2069
f 2189/2999/2070 2190/2976/2070 2228/2975/2070 2227/2908/2070
f 2186/2972/2071 2228/2975/2071 2452/2978/2071 2400/2973/2071
f 2147/3000/2072 2224/2906/2072 2225/2926/2072 2149/2988/2072
f 2139/2892/2073 2220/2893/2073 2226/2897/2073 2152/3001/2073
f 2199/2986/2074 2189/2999/2074 2227/2908/2074 2229/2907/2074
f 2145/3002/2075 2223/2904/2075 2224/2906/2075 2147/3000/2075
f 2143/3003/2076 2222/2902/2076 2223/2904/2076 2145/3002/2076
f 2141/3004/2077 2221/2900/2077 2222/2902/2077 2143/3003/2077
f 2152/3001/2078 2226/2897/2078 2221/2900/2078 2141/3004/2078
f 2139/2892/2079 2396/2891/2079 2444/2894/2079 2220/2893/2079
f 2152/3001/2080 2231/2997/2080 2230/2889/2080 2139/2892/2080
f 2141/3004/2081 2232/2996/2081 2231/2997/2081 2152/3001/2081
f 2143/3003/2082 2233/2995/2082 2232/2996/2082 2141/3004/2082
f 2145/3002/2083 2234/2994/2083 2233/2995/2083 2143/3003/2083
f 2147/3000/2084 2235/2993/2084 2234/2994/2084 2145/3002/2084
f 2149/2988/2085 2236/2987/2085 2235/2993/2085 2147/3000/2085
f 2185/2909/2086 2237/2991/2086 2239/2989/2086 2195/2910/2086
f 2186/2972/2087 2238/2971/2087 2237/2991/2087 2185/2909/2087
f 2206/2945/2088 2236/2987/2088 2239/2989/2088 2209/2969/2088
f 2208/2985/2089 2238/2971/2089 2464/2974/2089 2428/2992/2089
f 2200/2928/2090 2420/2998/2090 2456/2890/2090 2230/2889/2090
f 2523/3005/2091 2518/3006/2091 2241/3007/2091 2270/3008/2091
f 2240/3009/2092 2242/3010/2092 2519/3011/2092 2517/3012/2092
f 2334/3013/2093 2243/3014/2093 2520/3015/2093 2580/3016/2093
f 2324/3017/2094 2244/3018/2094 2521/3019/2094 2568/3020/2094
f 2330/3021/2095 2325/3022/2095 2246/3023/2095 2255/3024/2095
f 2325/3022/2096 2326/3025/2096 2248/3026/2096 2246/3023/2096
f 2326/3025/2097 2327/3027/2097 2250/3028/2097 2248/3026/2097
f 2327/3027/2098 2328/3029/2098 2252/3030/2098 2250/3028/2098
f 2333/3031/2099 2299/3032/2099 2289/3033/2099 2331/3034/2099
f 2324/3017/2100 2330/3021/2100 2255/3024/2100 2244/3018/2100
f 2314/3035/2101 2257/3036/2101 2522/3037/2101 2557/3038/2101
f 2314/3035/2102 2315/3039/2102 2259/3040/2102 2257/3036/2102
f 2315/3039/2103 2316/3041/2103 2261/3042/2103 2259/3040/2103
f 2316/3041/2104 2317/3043/2104 2263/3044/2104 2261/3042/2104
f 2317/3043/2105 2318/3045/2105 2265/3046/2105 2263/3044/2105
f 2318/3045/2106 2319/3047/2106 2267/3048/2106 2265/3046/2106
f 2328/3029/2107 2329/3049/2107 2254/3050/2107 2252/3030/2107
f 2305/3051/2108 2304/3052/2108 2257/3036/2108 2259/3040/2108
f 2306/3053/2109 2305/3051/2109 2259/3040/2109 2261/3042/2109
f 2307/3054/2110 2306/3053/2110 2261/3042/2110 2263/3044/2110
f 2308/3055/2111 2307/3054/2111 2263/3044/2111 2265/3046/2111
f 2309/3056/2112 2308/3055/2112 2265/3046/2112 2267/3048/2112
f 2319/3047/2113 2320/3057/2113 2269/3058/2113 2267/3048/2113
f 2517/3012/2114 2523/3005/2114 2270/3008/2114 2240/3009/2114
f 2270/3008/2115 2272/3059/2115 2271/3060/2115 2240/3009/2115
f 2272/3059/2116 2274/3061/2116 2273/3062/2116 2271/3060/2116
f 2274/3061/2117 2276/3063/2117 2275/3064/2117 2273/3062/2117
f 2276/3063/2118 2278/3065/2118 2277/3066/2118 2275/3064/2118
f 2278/3065/2119 2280/3067/2119 2279/3068/2119 2277/3066/2119
f 2310/3069/2120 2309/3056/2120 2267/3048/2120 2269/3058/2120
f 2240/3009/2121 2271/3060/2121 2258/3070/2121 2242/3010/2121
f 2260/3071/2122 2258/3070/2122 2271/3060/2122 2273/3062/2122
f 2262/3072/2123 2260/3071/2123 2273/3062/2123 2275/3064/2123
f 2264/3073/2124 2262/3072/2124 2275/3064/2124 2277/3066/2124
f 2266/3074/2125 2264/3073/2125 2277/3066/2125 2279/3068/2125
f 2280/3067/2126 2282/3075/2126 2281/3076/2126 2279/3068/2126
f 2241/3007/2127 2283/3077/2127 2272/3059/2127 2270/3008/2127
f 2274/3061/2128 2272/3059/2128 2283/3077/2128 2284/3078/2128
f 2276/3063/2129 2274/3061/2129 2284/3078/2129 2285/3079/2129
f 2278/3065/2130 2276/3063/2130 2285/3079/2130 2286/3080/2130
f 2280/3067/2131 2278/3065/2131 2286/3080/2131 2287/3081/2131
f 2268/3082/2132 2266/3074/2132 2279/3068/2132 2281/3076/2132
f 2295/3083/2133 2301/3084/2133 2302/3085/2133 2298/3086/2133
f 2322/3087/2134 2321/3088/2134 2295/3083/2134 2296/3089/2134
f 2311/3090/2135 2313/3091/2135 2300/3092/2135 2292/3093/2135
f 2321/3088/2136 2323/3094/2136 2301/3084/2136 2295/3083/2136
f 2342/3095/2137 2588/3096/2137 2524/3097/2137 2290/3098/2137
f 2332/3099/2138 2576/3100/2138 2525/3101/2138 2294/3102/2138
f 2297/3103/2139 2528/3104/2139 2526/3105/2139 2296/3089/2139
f 2322/3087/2140 2564/3106/2140 2527/3107/2140 2291/3108/2140
f 2296/3089/2141 2295/3083/2141 2298/3086/2141 2297/3103/2141
f 2331/3034/2142 2289/3033/2142 2290/3098/2142 2332/3099/2142
f 2312/3109/2143 2311/3090/2143 2292/3093/2143 2291/3108/2143
f 2329/3049/2144 2333/3031/2144 2303/3110/2144 2254/3050/2144
f 2320/3057/2145 2323/3094/2145 2300/3092/2145 2269/3058/2145
f 2281/3076/2146 2302/3085/2146 2301/3084/2146 2268/3082/2146
f 2340/3111/2147 2343/3112/2147 2299/3032/2147 2253/3113/2147
f 2288/3114/2148 2282/3075/2148 2280/3067/2148 2287/3081/2148
f 2269/3058/2149 2300/3092/2149 2313/3091/2149 2310/3069/2149
f 2342/3095/2150 2341/3115/2150 2311/3090/2150 2312/3109/2150
f 2291/3108/2151 2527/3107/2151 2552/3116/2151 2312/3109/2151
f 2341/3115/2152 2343/3112/2152 2313/3091/2152 2311/3090/2152
f 2340/3111/2153 2339/3117/2153 2309/3056/2153 2310/3069/2153
f 2339/3117/2154 2338/3118/2154 2308/3055/2154 2309/3056/2154
f 2338/3118/2155 2337/3119/2155 2307/3054/2155 2308/3055/2155
f 2337/3119/2156 2336/3120/2156 2306/3053/2156 2307/3054/2156
f 2336/3120/2157 2335/3121/2157 2305/3051/2157 2306/3053/2157
f 2335/3121/2158 2334/3013/2158 2304/3052/2158 2305/3051/2158
f 2257/3036/2159 2304/3052/2159 2544/3122/2159 2522/3037/2159
f 2268/3082/2160 2301/3084/2160 2323/3094/2160 2320/3057/2160
f 2296/3089/2161 2526/3105/2161 2564/3106/2161 2322/3087/2161
f 2292/3093/2162 2300/3092/2162 2323/3094/2162 2321/3088/2162
f 2291/3108/2163 2292/3093/2163 2321/3088/2163 2322/3087/2163
f 2266/3074/2164 2268/3082/2164 2320/3057/2164 2319/3047/2164
f 2264/3073/2165 2266/3074/2165 2319/3047/2165 2318/3045/2165
f 2262/3072/2166 2264/3073/2166 2318/3045/2166 2317/3043/2166
f 2260/3071/2167 2262/3072/2167 2317/3043/2167 2316/3041/2167
f 2258/3070/2168 2260/3071/2168 2316/3041/2168 2315/3039/2168
f 2242/3010/2169 2258/3070/2169 2315/3039/2169 2314/3035/2169
f 2242/3010/2170 2314/3035/2170 2557/3038/2170 2519/3011/2170
f 2253/3113/2171 2299/3032/2171 2333/3031/2171 2329/3049/2171
f 2293/3123/2172 2331/3034/2172 2332/3099/2172 2294/3102/2172
f 2290/3098/2173 2524/3097/2173 2576/3100/2173 2332/3099/2173
f 2251/3124/2174 2253/3113/2174 2329/3049/2174 2328/3029/2174
f 2243/3014/2175 2256/3125/2175 2330/3021/2175 2324/3017/2175
f 2303/3110/2176 2333/3031/2176 2331/3034/2176 2293/3123/2176
f 2249/3126/2177 2251/3124/2177 2328/3029/2177 2327/3027/2177
f 2247/3127/2178 2249/3126/2178 2327/3027/2178 2326/3025/2178
f 2245/3128/2179 2247/3127/2179 2326/3025/2179 2325/3022/2179
f 2256/3125/2180 2245/3128/2180 2325/3022/2180 2330/3021/2180
f 2243/3014/2181 2324/3017/2181 2568/3020/2181 2520/3015/2181
f 2256/3125/2182 2243/3014/2182 2334/3013/2182 2335/3121/2182
f 2245/3128/2183 2256/3125/2183 2335/3121/2183 2336/3120/2183
f 2247/3127/2184 2245/3128/2184 2336/3120/2184 2337/3119/2184
f 2249/3126/2185 2247/3127/2185 2337/3119/2185 2338/3118/2185
f 2251/3124/2186 2249/3126/2186 2338/3118/2186 2339/3117/2186
f 2253/3113/2187 2251/3124/2187 2339/3117/2187 2340/3111/2187
f 2289/3033/2188 2299/3032/2188 2343/3112/2188 2341/3115/2188
f 2290/3098/2189 2289/3033/2189 2341/3115/2189 2342/3095/2189
f 2310/3069/2190 2313/3091/2190 2343/3112/2190 2340/3111/2190
f 2312/3109/2191 2552/3116/2191 2588/3096/2191 2342/3095/2191
f 2304/3052/2192 2334/3013/2192 2580/3016/2192 2544/3122/2192
f 2394/3129/2193 2137/3130/2193 2241/3007/2193 2518/3006/2193
f 2140/3131/2194 2397/3132/2194 2521/3019/2194 2244/3018/2194
f 2142/3133/2195 2151/3134/2195 2255/3024/2195 2246/3023/2195
f 2144/3135/2196 2142/3133/2196 2246/3023/2196 2248/3026/2196
f 2146/3136/2197 2144/3135/2197 2248/3026/2197 2250/3028/2197
f 2148/3137/2198 2146/3136/2198 2250/3028/2198 2252/3030/2198
f 2151/3134/2199 2140/3131/2199 2244/3018/2199 2255/3024/2199
f 2178/3138/2200 2177/3139/2200 2281/3076/2200 2282/3075/2200
f 2137/3130/2201 2179/3140/2201 2283/3077/2201 2241/3007/2201
f 2179/3140/2202 2180/3141/2202 2284/3078/2202 2283/3077/2202
f 2180/3141/2203 2181/3142/2203 2285/3079/2203 2284/3078/2203
f 2181/3142/2204 2182/3143/2204 2286/3080/2204 2285/3079/2204
f 2182/3143/2205 2183/3144/2205 2287/3081/2205 2286/3080/2205
f 2184/3145/2206 2178/3138/2206 2282/3075/2206 2288/3114/2206
f 2177/3146/2207 2198/3147/2207 2302/3085/2207 2281/3076/2207
f 2401/3148/2208 2190/3149/2208 2294/3102/2208 2525/3101/2208
f 2189/3150/2209 2199/3151/2209 2303/3110/2209 2293/3123/2209
f 2190/3149/2210 2189/3150/2210 2293/3123/2210 2294/3102/2210
f 2193/3152/2211 2404/3153/2211 2528/3104/2211 2297/3103/2211
f 2194/3154/2212 2193/3152/2212 2297/3103/2212 2298/3086/2212
f 2198/3147/2213 2194/3154/2213 2298/3086/2213 2302/3085/2213
f 2199/3151/2214 2150/3155/2214 2254/3050/2214 2303/3110/2214
f 2150/3155/2215 2148/3137/2215 2252/3030/2215 2254/3050/2215
f 2183/3144/2216 2184/3156/2216 2288/3114/2216 2287/3081/2216
f 2399/3157/2217 2394/3158/2217 2345/3159/2217 2374/3160/2217
f 2344/3161/2218 2346/3162/2218 2395/3163/2218 2393/3164/2218
f 2457/3165/2219 2347/3166/2219 2396/3167/2219 2456/3168/2219
f 2445/3169/2220 2348/3170/2220 2397/3171/2220 2444/3172/2220
f 2451/3173/2221 2446/3174/2221 2350/3175/2221 2359/3176/2221
f 2446/3174/2222 2447/3177/2222 2352/3178/2222 2350/3175/2222
f 2447/3177/2223 2448/3179/2223 2354/3180/2223 2352/3178/2223
f 2448/3179/2224 2449/3181/2224 2356/3182/2224 2354/3180/2224
f 2455/3183/2225 2415/3184/2225 2405/3185/2225 2453/3186/2225
f 2445/3169/2226 2451/3173/2226 2359/3176/2226 2348/3170/2226
f 2432/3187/2227 2361/3188/2227 2398/3189/2227 2433/3190/2227
f 2432/3187/2228 2434/3191/2228 2363/3192/2228 2361/3188/2228
f 2434/3191/2229 2435/3193/2229 2365/3194/2229 2363/3192/2229
f 2435/3193/2230 2436/3195/2230 2367/3196/2230 2365/3194/2230
f 2436/3195/2231 2437/3197/2231 2369/3198/2231 2367/3196/2231
f 2437/3197/2232 2438/3199/2232 2371/3200/2232 2369/3198/2232
f 2449/3181/2233 2450/3201/2233 2358/3202/2233 2356/3182/2233
f 2422/3203/2234 2421/3204/2234 2361/3188/2234 2363/3192/2234
f 2423/3205/2235 2422/3203/2235 2363/3192/2235 2365/3194/2235
f 2424/3206/2236 2423/3205/2236 2365/3194/2236 2367/3196/2236
f 2425/3207/2237 2424/3206/2237 2367/3196/2237 2369/3198/2237
f 2426/3208/2238 2425/3207/2238 2369/3198/2238 2371/3200/2238
f 2438/3199/2239 2439/3209/2239 2373/3210/2239 2371/3200/2239
f 2393/3164/2240 2399/3157/2240 2374/3160/2240 2344/3161/2240
f 2374/3160/2241 2376/3211/2241 2375/3212/2241 2344/3161/2241
f 2376/3211/2242 2378/3213/2242 2377/3214/2242 2375/3212/2242
f 2378/3213/2243 2380/3215/2243 2379/3216/2243 2377/3214/2243
f 2380/3215/2244 2382/3217/2244 2381/3218/2244 2379/3216/2244
f 2382/3217/2245 2384/3219/2245 2383/3220/2245 2381/3218/2245
f 2427/3221/2246 2426/3208/2246 2371/3200/2246 2373/3210/2246
f 2344/3161/2247 2375/3212/2247 2362/3222/2247 2346/3162/2247
f 2364/3223/2248 2362/3222/2248 2375/3212/2248 2377/3214/2248
f 2366/3224/2249 2364/3223/2249 2377/3214/2249 2379/3216/2249
f 2368/3225/2250 2366/3224/2250 2379/3216/2250 2381/3218/2250
f 2370/3226/2251 2368/3225/2251 2381/3218/2251 2383/3220/2251
f 2384/3219/2252 2386/3227/2252 2385/3228/2252 2383/3220/2252
f 2345/3159/2253 2387/3229/2253 2376/3211/2253 2374/3160/2253
f 2378/3213/2254 2376/3211/2254 2387/3229/2254 2388/3230/2254
f 2380/3215/2255 2378/3213/2255 2388/3230/2255 2389/3231/2255
f 2382/3217/2256 2380/3215/2256 2389/3231/2256 2390/3232/2256
f 2384/3219/2257 2382/3217/2257 2390/3232/2257 2391/3233/2257
f 2372/3234/2258 2370/3226/2258 2383/3220/2258 2385/3228/2258
f 2411/3235/2259 2417/3236/2259 2418/3237/2259 2414/3238/2259
f 2442/3239/2260 2441/3240/2260 2411/3235/2260 2412/3241/2260
f 2429/3242/2261 2431/3243/2261 2416/3244/2261 2408/3245/2261
f 2441/3240/2262 2443/3246/2262 2417/3236/2262 2411/3235/2262
f 2466/3247/2263 2464/3248/2263 2400/3249/2263 2406/3250/2263
f 2454/3251/2264 2452/3252/2264 2401/3253/2264 2410/3254/2264
f 2413/3255/2265 2404/3256/2265 2402/3257/2265 2412/3241/2265
f 2442/3239/2266 2440/3258/2266 2403/3259/2266 2407/3260/2266
f 2412/3241/2267 2411/3235/2267 2414/3238/2267 2413/3255/2267
f 2453/3186/2268 2405/3185/2268 2406/3250/2268 2454/3251/2268
f 2430/3261/2269 2429/3242/2269 2408/3245/2269 2407/3260/2269
f 2450/3201/2270 2455/3183/2270 2419/3262/2270 2358/3202/2270
f 2439/3209/2271 2443/3246/2271 2416/3244/2271 2373/3210/2271
f 2385/3228/2272 2418/3237/2272 2417/3236/2272 2372/3234/2272
f 2463/3263/2273 2467/3264/2273 2415/3184/2273 2357/3265/2273
f 2392/3266/2274 2386/3227/2274 2384/3219/2274 2391/3233/2274
f 2373/3210/2275 2416/3244/2275 2431/3243/2275 2427/3221/2275
f 2466/3247/2276 2465/3267/2276 2429/3242/2276 2430/3261/2276
f 2407/3260/2277 2403/3259/2277 2428/3268/2277 2430/3261/2277
f 2465/3267/2278 2467/3264/2278 2431/3243/2278 2429/3242/2278
f 2463/3263/2279 2462/3269/2279 2426/3208/2279 2427/3221/2279
f 2462/3269/2280 2461/3270/2280 2425/3207/2280 2426/3208/2280
f 2461/3270/2281 2460/3271/2281 2424/3206/2281 2425/3207/2281
f 2460/3271/2282 2459/3272/2282 2423/3205/2282 2424/3206/2282
f 2459/3272/2283 2458/3273/2283 2422/3203/2283 2423/3205/2283
f 2458/3273/2284 2457/3165/2284 2421/3204/2284 2422/3203/2284
f 2361/3188/2285 2421/3204/2285 2420/3274/2285 2398/3189/2285
f 2372/3234/2286 2417/3236/2286 2443/3246/2286 2439/3209/2286
f 2412/3241/2287 2402/3257/2287 2440/3258/2287 2442/3239/2287
f 2408/3245/2288 2416/3244/2288 2443/3246/2288 2441/3240/2288
f 2407/3260/2289 2408/3245/2289 2441/3240/2289 2442/3239/2289
f 2370/3226/2290 2372/3234/2290 2439/3209/2290 2438/3199/2290
f 2368/3225/2291 2370/3226/2291 2438/3199/2291 2437/3197/2291
f 2366/3224/2292 2368/3225/2292 2437/3197/2292 2436/3195/2292
f 2364/3223/2293 2366/3224/2293 2436/3195/2293 2435/3193/2293
f 2362/3222/2294 2364/3223/2294 2435/3193/2294 2434/3191/2294
f 2346/3162/2295 2362/3222/2295 2434/3191/2295 2432/3187/2295
f 2346/3162/2296 2432/3187/2296 2433/3190/2296 2395/3163/2296
f 2357/3265/2297 2415/3184/2297 2455/3183/2297 2450/3201/2297
f 2409/3275/2298 2453/3186/2298 2454/3251/2298 2410/3254/2298
f 2406/3250/2299 2400/3249/2299 2452/3252/2299 2454/3251/2299
f 2355/3276/2300 2357/3265/2300 2450/3201/2300 2449/3181/2300
f 2347/3166/2301 2360/3277/2301 2451/3173/2301 2445/3169/2301
f 2419/3262/2302 2455/3183/2302 2453/3186/2302 2409/3275/2302
f 2353/3278/2303 2355/3276/2303 2449/3181/2303 2448/3179/2303
f 2351/3279/2304 2353/3278/2304 2448/3179/2304 2447/3177/2304
f 2349/3280/2305 2351/3279/2305 2447/3177/2305 2446/3174/2305
f 2360/3277/2306 2349/3280/2306 2446/3174/2306 2451/3173/2306
f 2347/3166/2307 2445/3169/2307 2444/3172/2307 2396/3167/2307
f 2360/3277/2308 2347/3166/2308 2457/3165/2308 2458/3273/2308
f 2349/3280/2309 2360/3277/2309 2458/3273/2309 2459/3272/2309
f 2351/3279/2310 2349/3280/2310 2459/3272/2310 2460/3271/2310
f 2353/3278/2311 2351/3279/2311 2460/3271/2311 2461/3270/2311
f 2355/3276/2312 2353/3278/2312 2461/3270/2312 2462/3269/2312
f 2357/3265/2313 2355/3276/2313 2462/3269/2313 2463/3263/2313
f 2405/3185/2314 2415/3184/2314 2467/3264/2314 2465/3267/2314
f 2406/3250/2315 2405/3185/2315 2465/3267/2315 2466/3247/2315
f 2427/3221/2316 2431/3243/2316 2467/3264/2316 2463/3263/2316
f 2430/3261/2317 2428/3268/2317 2464/3248/2317 2466/3247/2317
f 2421/3204/2318 2457/3165/2318 2456/3168/2318 2420/3274/2318
f 2523/3281/2319 2498/3282/2319 2469/3283/2319 2518/3284/2319
f 2468/3285/2320 2517/3286/2320 2519/3287/2320 2470/3288/2320
f 2581/3289/2321 2580/3290/2321 2520/3291/2321 2471/3292/2321
f 2569/3293/2322 2568/3294/2322 2521/3295/2322 2472/3296/2322
f 2575/3297/2323 2483/3298/2323 2474/3299/2323 2570/3300/2323
f 2570/3300/2324 2474/3299/2324 2476/3301/2324 2571/3302/2324
f 2571/3302/2325 2476/3301/2325 2478/3303/2325 2572/3304/2325
f 2572/3304/2326 2478/3303/2326 2480/3305/2326 2573/3306/2326
f 2579/3307/2327 2577/3308/2327 2529/3309/2327 2539/3310/2327
f 2569/3293/2328 2472/3296/2328 2483/3298/2328 2575/3297/2328
f 2556/3311/2329 2557/3312/2329 2522/3313/2329 2485/3314/2329
f 2556/3311/2330 2485/3314/2330 2487/3315/2330 2558/3316/2330
f 2558/3316/2331 2487/3315/2331 2489/3317/2331 2559/3318/2331
f 2559/3318/2332 2489/3317/2332 2491/3319/2332 2560/3320/2332
f 2560/3320/2333 2491/3319/2333 2493/3321/2333 2561/3322/2333
f 2561/3322/2334 2493/3321/2334 2495/3323/2334 2562/3324/2334
f 2573/3306/2335 2480/3305/2335 2482/3325/2335 2574/3326/2335
f 2546/3327/2336 2487/3315/2336 2485/3314/2336 2545/3328/2336
f 2547/3329/2337 2489/3317/2337 2487/3315/2337 2546/3327/2337
f 2548/3330/2338 2491/3319/2338 2489/3317/2338 2547/3329/2338
f 2549/3331/2339 2493/3321/2339 2491/3319/2339 2548/3330/2339
f 2550/3332/2340 2495/3323/2340 2493/3321/2340 2549/3331/2340
f 2562/3324/2341 2495/3323/2341 2497/3333/2341 2563/3334/2341
f 2517/3286/2342 2468/3285/2342 2498/3282/2342 2523/3281/2342
f 2498/3282/2343 2468/3285/2343 2499/3335/2343 2500/3336/2343
f 2500/3336/2344 2499/3335/2344 2501/3337/2344 2502/3338/2344
f 2502/3338/2345 2501/3337/2345 2503/3339/2345 2504/3340/2345
f 2504/3340/2346 2503/3339/2346 2505/3341/2346 2506/3342/2346
f 2506/3342/2347 2505/3341/2347 2507/3343/2347 2508/3344/2347
f 2551/3345/2348 2497/3333/2348 2495/3323/2348 2550/3332/2348
f 2468/3285/2349 2470/3288/2349 2486/3346/2349 2499/3335/2349
f 2488/3347/2350 2501/3337/2350 2499/3335/2350 2486/3346/2350
f 2490/3348/2351 2503/3339/2351 2501/3337/2351 2488/3347/2351
f 2492/3349/2352 2505/3341/2352 2503/3339/2352 2490/3348/2352
f 2494/3350/2353 2507/3343/2353 2505/3341/2353 2492/3349/2353
f 2508/3344/2354 2507/3343/2354 2509/3351/2354 2510/3352/2354
f 2469/3283/2355 2498/3282/2355 2500/3336/2355 2511/3353/2355
f 2502/3338/2356 2512/3354/2356 2511/3353/2356 2500/3336/2356
f 2504/3340/2357 2513/3355/2357 2512/3354/2357 2502/3338/2357
f 2506/3342/2358 2514/3356/2358 2513/3355/2358 2504/3340/2358
f 2508/3344/2359 2515/3357/2359 2514/3356/2359 2506/3342/2359
f 2496/3358/2360 2509/3351/2360 2507/3343/2360 2494/3350/2360
f 2535/3359/2361 2538/3360/2361 2542/3361/2361 2541/3362/2361
f 2566/3363/2362 2536/3364/2362 2535/3359/2362 2565/3365/2362
f 2553/3366/2363 2532/3367/2363 2540/3368/2363 2555/3369/2363
f 2565/3365/2364 2535/3359/2364 2541/3362/2364 2567/3370/2364
f 2590/3371/2365 2530/3372/2365 2524/3373/2365 2588/3374/2365
f 2578/3375/2366 2534/3376/2366 2525/3377/2366 2576/3378/2366
f 2537/3379/2367 2536/3364/2367 2526/3380/2367 2528/3381/2367
f 2566/3363/2368 2531/3382/2368 2527/3383/2368 2564/3384/2368
f 2536/3364/2369 2537/3379/2369 2538/3360/2369 2535/3359/2369
f 2577/3308/2370 2578/3375/2370 2530/3372/2370 2529/3309/2370
f 2554/3385/2371 2531/3382/2371 2532/3367/2371 2553/3366/2371
f 2574/3326/2372 2482/3325/2372 2543/3386/2372 2579/3307/2372
f 2563/3334/2373 2497/3333/2373 2540/3368/2373 2567/3370/2373
f 2509/3351/2374 2496/3358/2374 2541/3362/2374 2542/3361/2374
f 2587/3387/2375 2481/3388/2375 2539/3310/2375 2591/3389/2375
f 2516/3390/2376 2515/3357/2376 2508/3344/2376 2510/3352/2376
f 2497/3333/2377 2551/3345/2377 2555/3369/2377 2540/3368/2377
f 2590/3371/2378 2554/3385/2378 2553/3366/2378 2589/3391/2378
f 2531/3382/2379 2554/3385/2379 2552/3392/2379 2527/3383/2379
f 2589/3391/2380 2553/3366/2380 2555/3369/2380 2591/3389/2380
f 2587/3387/2381 2551/3345/2381 2550/3332/2381 2586/3393/2381
f 2586/3393/2382 2550/3332/2382 2549/3331/2382 2585/3394/2382
f 2585/3394/2383 2549/3331/2383 2548/3330/2383 2584/3395/2383
f 2584/3395/2384 2548/3330/2384 2547/3329/2384 2583/3396/2384
f 2583/3396/2385 2547/3329/2385 2546/3327/2385 2582/3397/2385
f 2582/3397/2386 2546/3327/2386 2545/3328/2386 2581/3289/2386
f 2485/3314/2387 2522/3313/2387 2544/3398/2387 2545/3328/2387
f 2496/3358/2388 2563/3334/2388 2567/3370/2388 2541/3362/2388
f 2536/3364/2389 2566/3363/2389 2564/3384/2389 2526/3380/2389
f 2532/3367/2390 2565/3365/2390 2567/3370/2390 2540/3368/2390
f 2531/3382/2391 2566/3363/2391 2565/3365/2391 2532/3367/2391
f 2494/3350/2392 2562/3324/2392 2563/3334/2392 2496/3358/2392
f 2492/3349/2393 2561/3322/2393 2562/3324/2393 2494/3350/2393
f 2490/3348/2394 2560/3320/2394 2561/3322/2394 2492/3349/2394
f 2488/3347/2395 2559/3318/2395 2560/3320/2395 2490/3348/2395
f 2486/3346/2396 2558/3316/2396 2559/3318/2396 2488/3347/2396
f 2470/3288/2397 2556/3311/2397 2558/3316/2397 2486/3346/2397
f 2470/3288/2398 2519/3287/2398 2557/3312/2398 2556/3311/2398
f 2481/3388/2399 2574/3326/2399 2579/3307/2399 2539/3310/2399
f 2533/3399/2400 2534/3376/2400 2578/3375/2400 2577/3308/2400
f 2530/3372/2401 2578/3375/2401 2576/3378/2401 2524/3373/2401
f 2479/3400/2402 2573/3306/2402 2574/3326/2402 2481/3388/2402
f 2471/3292/2403 2569/3293/2403 2575/3297/2403 2484/3401/2403
f 2543/3386/2404 2533/3399/2404 2577/3308/2404 2579/3307/2404
f 2477/3402/2405 2572/3304/2405 2573/3306/2405 2479/3400/2405
f 2475/3403/2406 2571/3302/2406 2572/3304/2406 2477/3402/2406
f 2473/3404/2407 2570/3300/2407 2571/3302/2407 2475/3403/2407
f 2484/3401/2408 2575/3297/2408 2570/3300/2408 2473/3404/2408
f 2471/3292/2409 2520/3291/2409 2568/3294/2409 2569/3293/2409
f 2484/3401/2410 2582/3397/2410 2581/3289/2410 2471/3292/2410
f 2473/3404/2411 2583/3396/2411 2582/3397/2411 2484/3401/2411
f 2475/3403/2412 2584/3395/2412 2583/3396/2412 2473/3404/2412
f 2477/3402/2413 2585/3394/2413 2584/3395/2413 2475/3403/2413
f 2479/3400/2414 2586/3393/2414 2585/3394/2414 2477/3402/2414
f 2481/3388/2415 2587/3387/2415 2586/3393/2415 2479/3400/2415
f 2529/3309/2416 2589/3391/2416 2591/3389/2416 2539/3310/2416
f 2530/3372/2417 2590/3371/2417 2589/3391/2417 2529/3309/2417
f 2551/3345/2418 2587/3387/2418 2591/3389/2418 2555/3369/2418
f 2554/3385/2419 2590/3371/2419 2588/3374/2419 2552/3392/2419
f 2545/3328/2420 2544/3398/2420 2580/3290/2420 2581/3289/2420
f 2394/3405/2421 2518/3284/2421 2469/3283/2421 2345/3406/2421
f 2348/3407/2422 2472/3296/2422 2521/3295/2422 2397/3408/2422
f 2350/3409/2423 2474/3299/2423 2483/3298/2423 2359/3410/2423
f 2352/3411/2424 2476/3301/2424 2474/3299/2424 2350/3409/2424
f 2354/3412/2425 2478/3303/2425 2476/3301/2425 2352/3411/2425
f 2356/3413/2426 2480/3305/2426 2478/3303/2426 2354/3412/2426
f 2359/3410/2427 2483/3298/2427 2472/3296/2427 2348/3407/2427
f 2386/3414/2428 2510/3352/2428 2509/3351/2428 2385/3415/2428
f 2345/3406/2429 2469/3283/2429 2511/3353/2429 2387/3416/2429
f 2387/3416/2430 2511/3353/2430 2512/3354/2430 2388/3417/2430
f 2388/3417/2431 2512/3354/2431 2513/3355/2431 2389/3418/2431
f 2389/3418/2432 2513/3355/2432 2514/3356/2432 2390/3419/2432
f 2390/3419/2433 2514/3356/2433 2515/3357/2433 2391/3420/2433
f 2392/3421/2434 2516/3390/2434 2510/3352/2434 2386/3414/2434
f 2385/3422/2435 2509/3351/2435 2542/3361/2435 2418/3423/2435
f 2401/3424/2436 2525/3377/2436 2534/3376/2436 2410/3425/2436
f 2409/3426/2437 2533/3399/2437 2543/3386/2437 2419/3427/2437
f 2410/3425/2438 2534/3376/2438 2533/3399/2438 2409/3426/2438
f 2413/3428/2439 2537/3379/2439 2528/3381/2439 2404/3429/2439
f 2414/3430/2440 2538/3360/2440 2537/3379/2440 2413/3428/2440
f 2418/3423/2441 2542/3361/2441 2538/3360/2441 2414/3430/2441
f 2419/3427/2442 2543/3386/2442 2482/3325/2442 2358/3431/2442
f 2358/3431/2443 2482/3325/2443 2480/3305/2443 2356/3413/2443
f 2391/3420/2444 2515/3357/2444 2516/3390/2444 2392/3432/2444
